epoch,validation_foreground_mean_dice,validation_loss
1,2.3081094945130284e-05,0.9391607585018629
2,0.16153139645259265,0.6385982746947302
3,0.32422837946717054,0.5000586709747575
4,0.38786141533557683,0.4137255508605748
5,0.409011476252177,0.3747437449350749
6,0.4363015762543025,0.3544093431675271
7,0.4399664035092478,0.35113794325965725
8,0.4390280518731842,0.3493167421180908
9,0.45177771054106214,0.3417362242120586
10,0.4475117031842062,0.34007427974106513
11,0.45993841847736544,0.339057788865207
12,0.462049944862111,0.33494701348755457
13,0.4649033740366975,0.33530667383376866
14,0.4677821915239504,0.336239121956368
15,0.4670403485428797,0.3328600097192477
16,0.4511157165039076,0.3444091785852223
17,0.4809838870718871,0.33171776243268625
18,0.4797447276850269,0.3299529407530615
19,0.47536715120077133,0.3351222227697503
20,0.4635735002078422,0.33538254421867736
21,0.47571737064074165,0.3287485411314115
22,0.47799317181518636,0.3291374887913874
23,0.4726346121360994,0.3341556930378692
24,0.473604046318629,0.3351141044946566
25,0.4798438873601286,0.3306979859528476
26,0.4614314084285743,0.33494521228417956
27,0.4723607215469014,0.3384738450180994
28,0.4683660835742134,0.3323948642570678
29,0.4810288982236222,0.3311628242061563
30,0.4725529489247766,0.3356149096603263
31,0.47139366660011955,0.3328425163683826
32,0.4734972595454079,0.33498204489276834
33,0.47509782817469887,0.3348615692086416
34,0.4613589208624134,0.3417571485042572
35,0.4743172705989994,0.33446296273845516
36,0.47525787373928174,0.3298634392757938
37,0.45715017075816244,0.3396982275051613
38,0.45532018425938203,0.3386584844899504
39,0.47214161002472654,0.33595326930692754
40,0.47059385703034595,0.33496093627524703
41,0.48011774523821593,0.3341693157610828
42,0.4814502680546617,0.3337641631903714
43,0.48526430084076644,0.3314298895532138
44,0.48161423818705834,0.333019664638663
45,0.4724380663302663,0.33360742869442456
46,0.4792083780957411,0.3324653549145346
47,0.4675937917542784,0.3320115753640867
48,0.48308209161439986,0.3328722672511453
49,0.46269662178134263,0.3376545446784529
50,0.46843994500702374,0.33617855730938584
51,0.4650155040499282,0.33785016691848024
52,0.4732858407987307,0.33599758331906304
53,0.4782986754219826,0.3330285589988918
54,0.4657800850802905,0.335375092209202
55,0.46840853999330573,0.3401070976094024
56,0.4734101107675735,0.3320720953075853
57,0.4669913187214773,0.33718034686291054
58,0.4711958650652676,0.3336631082100411
59,0.46664014999588876,0.3376218017241726
60,0.4623321486662512,0.33718977868556976
61,0.47367765366622844,0.3355469232144421
62,0.47558764398914494,0.3327251225709915
63,0.46876969708971783,0.3362403940664579
64,0.47862702812234015,0.3326206246059235
65,0.4764114037564356,0.3338426765921998
66,0.47178556953799233,0.3343094236230197
67,0.46252816282723047,0.3398851799230053
68,0.4686651915720064,0.3388990974181319
69,0.46931613369347297,0.3358148493587154
70,0.46824190541081234,0.3378423899412155
71,0.4676809065962491,0.3387549096999103
72,0.47334014583532125,0.33356947747811877
73,0.47091325923596344,0.3348696878919863
74,0.4679544051624324,0.3363962551094081
75,0.4671659844174777,0.33719686551453315
76,0.4650379092725989,0.33573074393892943
77,0.47668700848948464,0.33357289658017353
78,0.4642619216074682,0.3363319604772411
79,0.4673812576148608,0.33668463136235327
80,0.4651778119884125,0.33612724199686966
81,0.4678419413019533,0.33705461698852174
82,0.4696864666391725,0.3355509224411559
83,0.46413058256858014,0.33860612119713873
84,0.46839890557609193,0.3366630479489287
85,0.4702412676933694,0.3354217657079435
86,0.47443430625820815,0.3338380700921359
87,0.46630580172146835,0.33763693742556117
88,0.4697524328550247,0.3357792455856114
89,0.4706210744095175,0.33485560262039915
90,0.46887379547912783,0.3362651924564414
91,0.4665775145978144,0.33726355208926007
92,0.4640297410014558,0.3391545588431293
93,0.46886866202909655,0.3363660735218492
94,0.4667918274868025,0.3369357543040628
95,0.46656918556314625,0.3373432398250658
96,0.46687032384415195,0.3371618890190778
97,0.46905175433175206,0.3359688271398414
98,0.4674449161919829,0.33651455706113004
99,0.46899571290163145,0.33590306770311645
100,0.46791656131613746,0.3364576521801622
