model,architecture,fission,target,uq_run_dice_published_definition,uq_run_units_defined,uq_run_dice_lesion_bearing,lesion_bearing_units,published_run_dice_published_definition,published_run_units_defined,published_run_dice_lesion_bearing
nnunet_single,nnU-Net,single-task,benign,0.45640003916854616,548,0.5287679100726497,473,0.46982767939686426,536,0.5324051504370385
nnunet_single,nnU-Net,single-task,malignant,0.24474379461697326,342,0.4123269840345067,203,0.2771491408979036,299,0.40821474447523737
nnunetcbam_single,nnU-Net + CBAM,single-task,benign,0.45474593528277435,543,0.5220444880730369,473,0.469735545996865,534,0.5303145487575601
nnunetcbam_single,nnU-Net + CBAM,single-task,malignant,0.24663109311643133,353,0.4288708170940899,203,0.2761763955012383,311,0.4231076798073158
segformer_single,SegFormer,single-task,benign,0.4755732418719874,529,0.5318778963008063,473,0.4755732418719874,529,0.5318778963008062
segformer_single,SegFormer,single-task,malignant,0.2926389168388286,257,0.3704837518599947,203,0.2926389168388286,257,0.3704837518599947
nnunet_late,nnU-Net,Late,benign,0.4838033419892355,535,0.5472194248715455,473,0.49032518562429883,535,0.5545961401881604
nnunet_late,nnU-Net,Late,malignant,0.3143008243248154,278,0.43042181853349104,203,0.3183857707204027,278,0.43601598157769433
nnunetcbam_multihead,nnU-Net + CBAM,Late,benign,0.4841622101160541,536,0.548648931548002,473,0.48877924076964346,536,0.5538809155444587
nnunetcbam_multihead,nnU-Net + CBAM,Late,malignant,0.30286968244627643,302,0.4505746014718003,203,0.30608348267385554,291,0.4387699185127683
segformer_late,SegFormer,Late,benign,0.4847480658424903,534,0.547263144101247,473,0.4847480658424903,534,0.547263144101247
segformer_late,SegFormer,Late,malignant,0.3248560747281795,241,0.3856665714753265,203,0.3248560747281795,241,0.38566657147532646
nnunet_early,nnU-Net,Early,benign,0.46055944092524137,543,0.5287183433877507,473,0.47427498685477254,537,0.5384475009323739
nnunet_early,nnU-Net,Early,malignant,0.29900823054094333,296,0.4359922967493558,203,0.30924702253260505,288,0.4387346920659619
nnunetcbam_multidecoder,nnU-Net + CBAM,Early,benign,0.4774282985010678,534,0.5389993898510997,473,0.47881189425186044,536,0.5425859943319179
nnunetcbam_multidecoder,nnU-Net + CBAM,Early,malignant,0.3090631951827002,313,0.47653586252307967,203,0.3061360701339186,305,0.45995813493027177
segformer_early,SegFormer,Early,benign,0.48703128881695645,534,0.5498408207785512,473,0.48703128881695645,534,0.5498408207785512
segformer_early,SegFormer,Early,malignant,0.3156293440654035,246,0.38248679133048896,203,0.3156293440654035,246,0.38248679133048896
nnunet_earlymid,nnU-Net,Early-Mid,benign,0.47372613248867507,541,0.5418305236286961,473,0.48639646139400394,538,0.5532374127483597
nnunet_earlymid,nnU-Net,Early-Mid,malignant,0.30398326156263383,281,0.4207847118182272,203,0.3029289286780021,279,0.41634074434070234
nnunetcbam_earlymid,nnU-Net + CBAM,Early-Mid,benign,0.4665859069057125,542,0.5346502358200764,473,0.4775985140168564,537,0.5422207231015896
nnunetcbam_earlymid,nnU-Net + CBAM,Early-Mid,malignant,0.2773138576304992,326,0.44534146594848645,203,0.2904419610620527,304,0.43494756730474887
nnunet_mid,nnU-Net,Mid,benign,0.4524234839822015,547,0.5232043250280428,473,0.46116300719873543,545,0.5313611816560483
nnunet_mid,nnU-Net,Mid,malignant,0.25650261229454596,342,0.43213740593465383,203,0.2764991714337099,316,0.4304125033155286
nnunetcbam_mid,nnU-Net + CBAM,Mid,benign,0.46214598667414397,541,0.5285855788387144,473,0.472506313825848,537,0.5364395148509099
nnunetcbam_mid,nnU-Net + CBAM,Mid,malignant,0.2904790368719114,308,0.44072681456427937,203,0.3063274863407094,282,0.42553867560630565
segformer_mid,SegFormer,Mid,benign,0.48557427597984926,531,0.545116153372727,473,0.48557427597984926,531,0.5451161533727271
segformer_mid,SegFormer,Mid,malignant,0.3174933863653261,254,0.397257734664004,203,0.3174933863653261,254,0.397257734664004
