model,positive_images,negative_images,auc
nnunet_single,203,383,0.8201584586296929
nnunet_early,203,383,0.8374641474488418
nnunet_earlymid,203,383,0.8204928680754736
nnunet_mid,203,383,0.8411812370577113
nnunet_late,203,383,0.8425060129390731
nnunetcbam_single,203,383,0.8118882557975022
nnunetcbam_multidecoder,203,383,0.8397599969131436
nnunetcbam_earlymid,203,383,0.8187693732395271
nnunetcbam_mid,203,383,0.8243128528984296
nnunetcbam_multihead,203,383,0.8172966854879162
segformer_single,203,383,0.8261713977028643
segformer_early,203,383,0.8175603544740125
segformer_mid,203,383,0.8350139551634105
segformer_late,203,383,0.8357342216620149
