case,view,truth_pixels,nnunet_single,nnunet_early,nnunet_earlymid,nnunet_mid,nnunet_late,nnunetcbam_single,nnunetcbam_multidecoder,nnunetcbam_earlymid,nnunetcbam_mid,nnunetcbam_multihead,segformer_single,segformer_early,segformer_mid,segformer_late
bs80k_0045,posterior,227,0.0,0.0,0.0,0.0,0.0,0.0,0.0,0.0,0.0,0.0,0.0,0.0,0.0,0.0
bs80k_0053,anterior,14,0.0,0.0,0.0,0.72,0.0,0.0,0.0,0.0,0.0,0.0,0.0,0.0,0.0,0.0
bs80k_0085,anterior,21,0.7017543859649122,0.9230769230769231,0.9,0.711864406779661,0.8695652173913043,0.7777777777777778,0.8260869565217391,0.8571428571428571,0.9,0.8260869565217391,0.8095238095238095,0.7906976744186046,0.0,0.09090909090909091
bs80k_0085,posterior,16,0.5833333333333334,0.4,0.5454545454545454,0.56,0.4,0.0,0.72,0.6666666666666666,0.0,0.0,0.0,0.0,0.0,0.0
bs80k_0093,posterior,6,0.0,0.0,0.0,0.2857142857142857,0.0,0.0,0.0,0.0,0.0,0.0,0.0,0.0,0.2857142857142857,0.7272727272727273
bs80k_0097,anterior,45,0.2,0.0,0.16,0.2857142857142857,0.3333333333333333,0.0,0.06666666666666667,0.0,0.2,0.0,0.18518518518518517,0.0,0.0,0.0
bs80k_0097,posterior,75,0.4225352112676056,0.47619047619047616,0.4430379746835443,0.5798816568047337,0.46808510638297873,0.45962732919254656,0.39285714285714285,0.43137254901960786,0.5037037037037037,0.4782608695652174,0.5,0.5037037037037037,0.4583333333333333,0.5
bs80k_0099,anterior,6,0.0,0.0,0.0,0.0,0.0,0.0,0.0,0.0,0.0,0.0,0.0,0.0,0.0,0.0
bs80k_0109,anterior,139,0.3842364532019704,0.5784313725490197,0.5174129353233831,0.4383561643835616,0.5365853658536586,0.5116279069767442,0.5777777777777777,0.5603864734299517,0.36470588235294116,0.6122448979591837,0.5428571428571428,0.6222222222222222,0.6482213438735178,0.6265060240963856
bs80k_0109,posterior,136,0.5102880658436214,0.5188679245283019,0.5238095238095238,0.5069124423963134,0.49514563106796117,0.5794392523364486,0.5822784810126582,0.5296803652968036,0.5,0.4688995215311005,0.20382165605095542,0.49214659685863876,0.27472527472527475,0.4205128205128205
bs80k_0173,anterior,23,0.9777777777777777,0.8627450980392157,0.35714285714285715,0.4666666666666667,0.8444444444444444,0.8627450980392157,0.8461538461538461,0.88,0.8461538461538461,0.8979591836734694,0.8076923076923077,0.8,0.7906976744186046,0.8148148148148148
bs80k_0188,anterior,142,0.16774193548387098,0.31952662721893493,0.30952380952380953,0.11920529801324503,0.32941176470588235,0.5870646766169154,0.2682926829268293,0.5510204081632653,0.45652173913043476,0.367816091954023,0.0,0.31952662721893493,0.7130434782608696,0.2787878787878788
bs80k_0188,posterior,106,0.7307692307692307,0.6519823788546255,0.6755555555555556,0.7052631578947368,0.6554621848739496,0.7962962962962963,0.7058823529411765,0.7358490566037735,0.8165137614678899,0.7244897959183674,0.3170731707317073,0.48484848484848486,0.494949494949495,0.48372093023255813
bs80k_0233,anterior,52,0.0,0.6590909090909091,0.5773195876288659,0.17543859649122806,0.6868686868686869,0.20689655172413793,0.4444444444444444,0.07407407407407407,0.5142857142857142,0.44776119402985076,0.42424242424242425,0.44776119402985076,0.5,0.4
bs80k_0233,posterior,33,0.7948717948717948,0.8823529411764706,0.7058823529411765,0.75,0.821917808219178,0.6744186046511628,0.7126436781609196,0.6904761904761905,0.759493670886076,0.7469879518072289,0.7931034482758621,0.0,0.8275862068965517,0.8387096774193549
bs80k_0255,anterior,121,0.064,0.15151515151515152,0.0,0.12213740458015267,0.0,0.16541353383458646,0.15037593984962405,0.16666666666666666,0.16176470588235295,0.064,0.36,0.7222222222222222,0.5875706214689266,0.2589928057553957
bs80k_0255,posterior,135,0.05673758865248227,0.12903225806451613,0.11764705882352941,0.09580838323353294,0.10843373493975904,0.08053691275167785,0.09333333333333334,0.1282051282051282,0.10596026490066225,0.1282051282051282,0.5911330049261084,0.44324324324324327,0.4,0.13793103448275862
bs80k_0287,anterior,43,0.28,0.647887323943662,0.0,0.13043478260869565,0.045454545454545456,0.7865168539325843,0.7605633802816901,0.8247422680412371,0.5172413793103449,0.85,0.0,0.7413793103448276,0.9010989010989011,0.8974358974358975
bs80k_0287,posterior,15,0.5769230769230769,0.6122448979591837,0.6666666666666666,0.7027027027027027,0.7058823529411765,0.5769230769230769,0.6,0.7692307692307693,0.7142857142857143,0.6521739130434783,0.0,0.0,0.0,0.0
bs80k_0289,anterior,129,0.688,0.7272727272727273,0.7364016736401674,0.7272727272727273,0.796812749003984,0.6872246696035242,0.7674418604651163,0.7736625514403292,0.7509881422924901,0.7739463601532567,0.7420494699646644,0.7720588235294118,0.7912087912087912,0.7758007117437722
bs80k_0298,anterior,10,0.6428571428571429,0.6666666666666666,0.5,0.47058823529411764,0.42105263157894735,0.6923076923076923,0.72,0.6666666666666666,0.5714285714285714,0.42105263157894735,0.5,0.45454545454545453,0.5,0.35294117647058826
bs80k_0308,anterior,152,0.5233644859813084,0.49032258064516127,0.5631067961165048,0.4521072796934866,0.4621212121212121,0.5688073394495413,0.5428571428571428,0.5386996904024768,0.5255474452554745,0.5870307167235495,0.43478260869565216,0.5064935064935064,0.4688427299703264,0.4927536231884058
bs80k_0308,posterior,220,0.5020408163265306,0.5213270142180095,0.5440806045340051,0.5319148936170213,0.5232558139534884,0.48226950354609927,0.5178571428571429,0.5378973105134475,0.5340050377833753,0.5376344086021505,0.6161369193154034,0.5888077858880778,0.6277372262773723,0.6226912928759895
bs80k_0318,anterior,24,0.0,0.15384615384615385,0.0,0.0,0.7368421052631579,0.0,0.0,0.0,0.0,0.8695652173913043,0.0,0.0,0.0,0.0
bs80k_0318,posterior,24,0.7547169811320755,0.75,0.84,0.7777777777777778,0.851063829787234,0.7307692307692307,0.7843137254901961,0.8,0.7916666666666666,0.7843137254901961,0.7307692307692307,0.6818181818181818,0.0,0.5555555555555556
bs80k_0341,anterior,26,0.0,0.0,0.0,0.0,0.0,0.0,0.0,0.0,0.0,0.0,0.0,0.0,0.0,0.0
bs80k_0356,anterior,18,0.6206896551724138,0.5964912280701754,0.6666666666666666,0.6415094339622641,0.6296296296296297,0.6938775510204082,0.6071428571428571,0.6296296296296297,0.64,0.6538461538461539,0.6511627906976745,0.6666666666666666,0.6415094339622641,0.6
bs80k_0356,posterior,27,0.7419354838709677,0.8064516129032258,0.8135593220338984,0.7428571428571429,0.7941176470588235,0.7761194029850746,0.7761194029850746,0.7692307692307693,0.7647058823529411,0.7878787878787878,0.7547169811320755,0.8363636363636363,0.7619047619047619,0.8076923076923077
bs80k_0373,anterior,105,0.7889908256880734,0.8105726872246696,0.8340807174887892,0.8,0.8516746411483254,0.7096774193548387,0.8324873096446701,0.6415094339622641,0.5128205128205128,0.7980295566502463,0.8034934497816594,0.6844919786096256,0.7872340425531915,0.7676767676767676
bs80k_0373,posterior,83,0.72,0.782608695652174,0.7473684210526316,0.7473684210526316,0.7558139534883721,0.6838709677419355,0.7453416149068323,0.7225806451612903,0.6896551724137931,0.7169811320754716,0.7045454545454546,0.6875,0.7441860465116279,0.7329192546583851
bs80k_0388,posterior,22,0.7368421052631579,0.7692307692307693,0.711864406779661,0.7,0.6666666666666666,0.6938775510204082,0.7272727272727273,0.7307692307692307,0.75,0.7450980392156863,0.723404255319149,0.7619047619047619,0.6829268292682927,0.717948717948718
bs80k_0417,anterior,40,0.0,0.41935483870967744,0.0,0.3188405797101449,0.4,0.0,0.49230769230769234,0.041666666666666664,0.45614035087719296,0.3333333333333333,0.6329113924050633,0.6557377049180327,0.6206896551724138,0.6206896551724138
bs80k_0417,posterior,39,0.8157894736842105,0.8918918918918919,0.8717948717948718,0.8571428571428571,0.8157894736842105,0.7816091954022989,0.85,0.8607594936708861,0.8,0.8354430379746836,0.7857142857142857,0.8089887640449438,0.8148148148148148,0.7674418604651163
bs80k_0461,anterior,17,0.0,0.0,0.0,0.0,0.0,0.0,0.0,0.0,0.2962962962962963,0.0,0.0,0.0,0.0,0.0
bs80k_0461,posterior,29,0.0,0.0,0.0,0.0,0.0,0.0,0.0,0.0,0.0,0.0,0.0,0.0,0.0,0.0
bs80k_0473,anterior,309,0.5875706214689266,0.596551724137931,0.6266233766233766,0.5872193436960277,0.6162361623616236,0.5352622061482821,0.608843537414966,0.6263910969793323,0.6502463054187192,0.6655629139072847,0.6309148264984227,0.6573643410852713,0.6380368098159509,0.6689303904923599
bs80k_0473,posterior,562,0.5994123408423114,0.6448412698412699,0.6220735785953178,0.6019417475728155,0.6472424557752341,0.415327564894932,0.5827814569536424,0.5380116959064327,0.5969827586206896,0.6108597285067874,0.632295719844358,0.7039106145251397,0.6492537313432836,0.592901878914405
bs80k_0530,posterior,18,0.463768115942029,0.5238095238095238,0.8205128205128205,0.0,0.0,0.4,0.5777777777777777,0.6666666666666666,0.2702702702702703,0.0,0.32432432432432434,0.34285714285714286,0.7333333333333333,0.43478260869565216
bs80k_0534,posterior,12,0.5581395348837209,0.3389830508474576,0.47368421052631576,0.3,0.3673469387755102,0.2898550724637681,0.43478260869565216,0.4186046511627907,0.2608695652173913,0.6206896551724138,0.5217391304347826,0.5454545454545454,0.3333333333333333,0.56
bs80k_0575,posterior,14,0.7222222222222222,0.0,0.6666666666666666,0.0,0.5161290322580645,0.47619047619047616,0.7272727272727273,0.0,0.0,0.0,0.0,0.0,0.0,0.0
bs80k_0598,anterior,540,0.6460176991150443,0.7005347593582888,0.7140439932318104,0.7258207630878438,0.714527027027027,0.7278969957081545,0.7197595792637115,0.6804407713498623,0.6988142292490118,0.6894626657362177,0.6900826446280992,0.6976744186046512,0.7023346303501945,0.6695842450765864
bs80k_0598,posterior,460,0.639470782800441,0.7369614512471655,0.7692307692307693,0.7369640787949016,0.7033195020746889,0.6049107142857143,0.6414300736067298,0.664391353811149,0.638150289017341,0.7084233261339092,0.844789356984479,0.7645985401459854,0.7844660194174757,0.8828828828828829
bs80k_0607,anterior,763,0.5742838107928048,0.6043380703066566,0.6152768044849334,0.5334271639690359,0.6066350710900474,0.616562282533055,0.6006349206349206,0.5832824893227577,0.5830639948287007,0.5836431226765799,0.6452830188679245,0.5954198473282443,0.5442913385826772,0.5608782435129741
bs80k_0607,posterior,1705,0.4599393676916414,0.46469049694856146,0.49145299145299143,0.44901531728665206,0.5040169133192389,0.5343827671913836,0.5851735015772871,0.5491306105944197,0.5554202192448234,0.4426737494466578,0.6890446329767613,0.6295157571099155,0.6829446064139941,0.5452292441140025
bs80k_0649,anterior,397,0.6104513064133017,0.713527851458886,0.6133720930232558,0.5773195876288659,0.5942028985507246,0.5423728813559322,0.7286432160804021,0.5858585858585859,0.6502890173410405,0.681704260651629,0.5441967717140661,0.5128552097428958,0.6123128119800333,0.608767576509512
bs80k_0649,posterior,623,0.6009216589861751,0.5733207190160833,0.565752128666036,0.5577841451766953,0.6049700085689803,0.3652762119503946,0.6103896103896104,0.6001863932898416,0.5897674418604651,0.5334645669291339,0.51953125,0.5392491467576792,0.48816768086544965,0.5199709513435004
bs80k_0689,anterior,32,0.37735849056603776,0.5588235294117647,0.39344262295081966,0.4318181818181818,0.5,0.547945205479452,0.5483870967741935,0.6216216216216216,0.5411764705882353,0.5,0.1476510067114094,0.09302325581395349,0.37037037037037035,0.16666666666666666
bs80k_0689,posterior,96,0.037383177570093455,0.0,0.0784313725490196,0.3875968992248062,0.23809523809523808,0.0,0.1016949152542373,0.08,0.0392156862745098,0.07079646017699115,0.27941176470588236,0.3492063492063492,0.3130434782608696,0.3008849557522124
bs80k_0690,anterior,189,0.685,0.6726943942133815,0.6630434782608695,0.6453900709219859,0.7207920792079208,0.6595365418894831,0.6765799256505576,0.7049504950495049,0.7407407407407407,0.673992673992674,0.7765237020316027,0.8201438848920863,0.7347826086956522,0.7811764705882352
bs80k_0690,posterior,200,0.5927710843373494,0.7524752475247525,0.7272727272727273,0.7947019867549668,0.7603960396039604,0.7311827956989247,0.7711340206185567,0.7965367965367965,0.7468354430379747,0.8104575163398693,0.8085106382978723,0.8048780487804879,0.8229426433915212,0.812206572769953
bs80k_0787,posterior,49,0.9148936170212766,0.8192771084337349,0.8048780487804879,0.9130434782608695,0.8095238095238095,0.8048780487804879,0.8333333333333334,0.8372093023255814,0.8192771084337349,0.8192771084337349,0.6756756756756757,0.7435897435897436,0.775,0.7435897435897436
bs80k_0903,anterior,42,0.36363636363636365,0.2127659574468085,0.3076923076923077,0.4050632911392405,0.36363636363636365,0.2857142857142857,0.35294117647058826,0.35294117647058826,0.45161290322580644,0.2857142857142857,0.0,0.0,0.0,0.0
bs80k_0903,posterior,26,0.0,0.0,0.0,0.0,0.0,0.0,0.0,0.0,0.0,0.0,0.0,0.0,0.0,0.0
bs80k_0914,anterior,30,0.0,0.0,0.0,0.0,0.0,0.0,0.0,0.0,0.0,0.0,0.7796610169491526,0.7450980392156863,0.7384615384615385,0.7457627118644068
bs80k_0914,posterior,78,0.6147540983606558,0.6787330316742082,0.6990291262135923,0.6519823788546255,0.6576576576576577,0.7142857142857143,0.6547619047619048,0.7106598984771574,0.6256983240223464,0.6363636363636364,0.6019417475728155,0.5206611570247934,0.6008230452674898,0.5748031496062992
bs80k_0917,anterior,33,0.8450704225352113,0.6597938144329897,0.6966292134831461,0.7272727272727273,0.7209302325581395,0.7654320987654321,0.7294117647058823,0.6666666666666666,0.7045454545454546,0.7294117647058823,0.7380952380952381,0.5945945945945946,0.6407766990291263,0.5038167938931297
bs80k_0917,posterior,71,0.5072463768115942,0.5882352941176471,0.5748987854251012,0.676923076923077,0.6568627450980392,0.5872340425531914,0.6255924170616114,0.6124401913875598,0.6183574879227053,0.6666666666666666,0.6410256410256411,0.6010362694300518,0.6108374384236454,0.6046511627906976
bs80k_0928,anterior,41,0.0,0.0,0.0,0.0,0.0,0.0,0.0,0.0,0.0,0.0,0.0,0.0,0.0,0.0
bs80k_0939,anterior,21,0.0,0.7428571428571429,0.0,0.8292682926829268,0.0,0.7368421052631579,0.0,0.0,0.6875,0.0,0.0,0.0,0.0,0.0
bs80k_0940,anterior,17,0.0,0.0,0.0,0.0,0.0,0.0,0.0,0.0,0.0,0.0,0.0,0.0,0.0,0.0
bs80k_0940,posterior,33,0.6756756756756757,0.6229508196721312,0.6153846153846154,0.15384615384615385,0.47058823529411764,0.40860215053763443,0.7164179104477612,0.6842105263157895,0.7532467532467533,0.7272727272727273,0.18604651162790697,0.0,0.0,0.0
bs80k_0945,anterior,212,0.0,0.0,0.0,0.0,0.0,0.0,0.0,0.0,0.0,0.0,0.23255813953488372,0.0,0.0,0.0
bs80k_0945,posterior,217,0.0,0.0,0.009174311926605505,0.05357142857142857,0.0,0.06222222222222222,0.18181818181818182,0.16666666666666666,0.0625,0.0,0.00909090909090909,0.0,0.0,0.0
bs80k_0972,anterior,48,0.39436619718309857,0.3076923076923077,0.3333333333333333,0.35443037974683544,0.32941176470588235,0.3157894736842105,0.35294117647058826,0.3283582089552239,0.3380281690140845,0.34285714285714286,0.3835616438356164,0.3611111111111111,0.35443037974683544,0.3235294117647059
bs80k_0972,posterior,24,0.5454545454545454,0.0,0.0,0.7619047619047619,0.7804878048780488,0.6111111111111112,0.6938775510204082,0.47368421052631576,0.6666666666666666,0.7441860465116279,0.2222222222222222,0.0,0.2912621359223301,0.3448275862068966
bs80k_1035,anterior,434,0.5936675461741425,0.564327485380117,0.38880248833592534,0.5566750629722922,0.5870393900889453,0.5500747384155455,0.543010752688172,0.45689655172413796,0.565597667638484,0.6033057851239669,0.5012594458438288,0.6206115515288788,0.6486486486486487,0.6365638766519823
bs80k_1035,posterior,232,0.5137931034482759,0.5728643216080402,0.40540540540540543,0.5024875621890548,0.44086021505376344,0.4666666666666667,0.5375854214123007,0.5531914893617021,0.5026737967914439,0.44686648501362397,0.26018099547511314,0.39938556067588327,0.36077481840193704,0.5773195876288659
bs80k_1093,anterior,118,0.0,0.4662576687116564,0.13333333333333333,0.17054263565891473,0.3333333333333333,0.41304347826086957,0.35526315789473684,0.29239766081871343,0.30666666666666664,0.2709677419354839,0.6918238993710691,0.5463917525773195,0.7154471544715447,0.719626168224299
bs80k_1093,posterior,121,0.6071428571428571,0.6518987341772152,0.5400593471810089,0.6158730158730159,0.5806451612903226,0.5301204819277109,0.5310734463276836,0.6077348066298343,0.5389221556886228,0.5752508361204013,0.47411444141689374,0.5868725868725869,0.2796610169491525,0.5272727272727272
bs80k_1103,anterior,14,0.6666666666666666,0.7407407407407407,0.6896551724137931,0.65,0.75,0.48,0.5333333333333333,0.7058823529411765,0.5853658536585366,0.75,0.36666666666666664,0.2857142857142857,0.4,0.21428571428571427
bs80k_1120,anterior,34,0.725,0.676056338028169,0.52,0.6493506493506493,0.7,0.5614035087719298,0.48148148148148145,0.47058823529411764,0.4230769230769231,0.5666666666666667,0.05714285714285714,0.0,0.0,0.0
bs80k_1126,anterior,23,0.0,0.0,0.0,0.0,0.0,0.0,0.0,0.0,0.0,0.0,0.0,0.0,0.0,0.0
bs80k_1137,anterior,9,0.0,0.5555555555555556,0.0,0.18181818181818182,0.0,0.0,0.0,0.0,0.0,0.0,0.0,0.0,0.0,0.0
bs80k_1137,posterior,37,0.0,0.05263157894736842,0.0,0.0,0.0,0.0,0.0,0.0,0.0,0.0,0.0,0.0,0.0,0.0
bs80k_1140,anterior,85,0.18867924528301888,0.2,0.18867924528301888,0.18181818181818182,0.19047619047619047,0.18867924528301888,0.18518518518518517,0.32142857142857145,0.18518518518518517,0.2831858407079646,0.2,0.14285714285714285,0.1981981981981982,0.18867924528301888
bs80k_1144,anterior,42,0.0,0.0,0.0,0.20833333333333334,0.0,0.0,0.0,0.0,0.0,0.0,0.0,0.0,0.0,0.0
bs80k_1157,anterior,9,0.0,0.0,0.0,0.0,0.0,0.0,0.0,0.0,0.0,0.0,0.0,0.0,0.0,0.0
bs80k_1192,anterior,124,0.4669603524229075,0.4358974358974359,0.4297520661157025,0.49765258215962443,0.44339622641509435,0.4279835390946502,0.4,0.4482758620689655,0.4857142857142857,0.4766355140186916,0.3712574850299401,0.39148936170212767,0.30097087378640774,0.3686274509803922
bs80k_1192,posterior,45,0.6015037593984962,0.5333333333333333,0.6507936507936508,0.6837606837606838,0.6299212598425197,0.5891472868217055,0.54421768707483,0.5633802816901409,0.6785714285714286,0.6611570247933884,0.8256880733944955,0.8823529411764706,0.6923076923076923,0.8666666666666667
bs80k_1205,posterior,45,0.34408602150537637,0.375,0.16326530612244897,0.37142857142857144,0.3380281690140845,0.30303030303030304,0.34782608695652173,0.3235294117647059,0.3829787234042553,0.3582089552238806,0.34210526315789475,0.3333333333333333,0.3170731707317073,0.3333333333333333
bs80k_1224,anterior,161,0.5111111111111111,0.5476190476190477,0.5485519591141397,0.5296052631578947,0.5719360568383659,0.5792349726775956,0.5384615384615384,0.48493975903614456,0.5160256410256411,0.4984520123839009,0.6115384615384616,0.5127388535031847,0.48861911987860396,0.4742268041237113
bs80k_1224,posterior,177,0.6051080550098232,0.6363636363636364,0.5698729582577132,0.5385934819897084,0.5224625623960066,0.5935727788279773,0.5980952380952381,0.6039215686274509,0.5649913344887348,0.6168958742632613,0.7362924281984334,0.7375886524822695,0.7480106100795756,0.6696230598669624
bs80k_1247,posterior,35,0.5714285714285714,0.2926829268292683,0.6538461538461539,0.0,0.0,0.5106382978723404,0.0,0.0,0.0,0.25,0.0,0.0,0.32558139534883723,0.25
bs80k_1259,anterior,254,0.2529411764705882,0.2077922077922078,0.21794871794871795,0.2613981762917933,0.16938110749185667,0.22988505747126436,0.23952095808383234,0.2345679012345679,0.22018348623853212,0.26498422712933756,0.22941176470588234,0.2236024844720497,0.23655913978494625,0.21951219512195122
bs80k_1259,posterior,64,0.6219512195121951,0.7368421052631579,0.6538461538461539,0.5454545454545454,0.7272727272727273,0.752,0.7050359712230215,0.6712328767123288,0.5238095238095238,0.7642276422764228,0.6833333333333333,0.4878048780487805,0.6833333333333333,0.6458333333333334
bs80k_1271,anterior,12,0.0,0.0,0.0,0.0,0.0,0.0,0.0,0.0,0.0,0.0,0.0,0.0,0.0,0.0
bs80k_1271,posterior,4,0.0,0.0,0.0,0.0,0.0,0.0,0.0,0.0,0.0,0.0,0.0,0.0,0.0,0.0
bs80k_1295,anterior,35,0.7333333333333333,0.7586206896551724,0.8148148148148148,0.5789473684210527,0.723404255319149,0.6363636363636364,0.8045977011494253,0.8045977011494253,0.7586206896551724,0.7526881720430108,0.8192771084337349,0.85,0.7954545454545454,0.9142857142857143
bs80k_1295,posterior,17,0.4927536231884058,0.4788732394366197,0.5573770491803278,0.4722222222222222,0.4594594594594595,0.5666666666666667,0.6181818181818182,0.6296296296296297,0.7083333333333334,0.4788732394366197,0.40963855421686746,0.3269230769230769,0.3333333333333333,0.41025641025641024
bs80k_1309,anterior,111,0.2047244094488189,0.3188405797101449,0.29411764705882354,0.24615384615384617,0.3120567375886525,0.29931972789115646,0.30344827586206896,0.3287671232876712,0.30344827586206896,0.30985915492957744,0.38666666666666666,0.2518518518518518,0.302158273381295,0.3
bs80k_1309,posterior,97,0.4,0.42105263157894735,0.40437158469945356,0.43478260869565216,0.5714285714285714,0.47368421052631576,0.4222222222222222,0.4528301886792453,0.49710982658959535,0.4675324675324675,0.4507042253521127,0.41379310344827586,0.4840764331210191,0.4785276073619632
bs80k_1315,anterior,870,0.27414903403863844,0.27339449541284405,0.218,0.22540592168099333,0.2826510721247563,0.3569598633646456,0.37302977232924694,0.415907207953604,0.3722627737226277,0.4405897658282741,0.44666666666666666,0.4426588750913075,0.6254742547425475,0.4490472245236123
bs80k_1315,posterior,1078,0.3214044564483457,0.30612244897959184,0.2824372759856631,0.3289013296011197,0.3346883468834688,0.2012288786482335,0.336783988957902,0.35733333333333334,0.29056047197640117,0.26403641881638845,0.3359375,0.36318096430807767,0.48233631653320774,0.265078183172003
bs80k_1326,anterior,134,0.0,0.25806451612903225,0.043795620437956206,0.2608695652173913,0.17687074829931973,0.0,0.0,0.0,0.0,0.0,0.0,0.0,0.014814814814814815,0.5608465608465608
bs80k_1327,anterior,44,0.0,0.0,0.0,0.125,0.0,0.0,0.0,0.0,0.0,0.0,0.0,0.0,0.0,0.0
bs80k_1371,anterior,38,0.0,0.0,0.0,0.0,0.0,0.0,0.0,0.0,0.0,0.0,0.0,0.0,0.0,0.0
bs80k_1371,posterior,75,0.0,0.0,0.0,0.0,0.0,0.0,0.0,0.0,0.0,0.0,0.0,0.0,0.0,0.0
bs80k_1401,anterior,41,0.0,0.0,0.0,0.0,0.0,0.0,0.0,0.0,0.0,0.0,0.0,0.0,0.0,0.0
bs80k_1401,posterior,33,0.0,0.0,0.0,0.07317073170731707,0.1348314606741573,0.0,0.05263157894736842,0.0,0.0,0.0,0.0,0.0,0.0,0.0
bs80k_1403,anterior,18,0.5263157894736842,0.4528301886792453,0.42105263157894735,0.4482758620689655,0.5106382978723404,0.4262295081967213,0.4528301886792453,0.5106382978723404,0.47058823529411764,0.5581395348837209,0.7368421052631579,0.6666666666666666,0.6666666666666666,0.7272727272727273
bs80k_1409,anterior,133,0.7169811320754716,0.6785714285714286,0.57,0.803088803088803,0.6350710900473934,0.641860465116279,0.8034188034188035,0.7906976744186046,0.6697674418604651,0.8387096774193549,0.36809815950920244,0.76,0.41420118343195267,0.40476190476190477
bs80k_1409,posterior,180,0.29965156794425085,0.3930131004366812,0.35424354243542433,0.3333333333333333,0.3317972350230415,0.13970588235294118,0.21428571428571427,0.18181818181818182,0.26229508196721313,0.21908127208480566,0.36134453781512604,0.35454545454545455,0.39473684210526316,0.11458333333333333
bs80k_1420,anterior,819,0.5654676258992806,0.6274509803921569,0.611151339608979,0.5705967976710334,0.6207386363636364,0.5871294287780188,0.6698762035763411,0.6766917293233082,0.6081784386617101,0.6956521739130435,0.7376373626373627,0.76473769605192,0.765843179377014,0.7747858017135862
bs80k_1420,posterior,884,0.6469002695417789,0.6700393479482856,0.6647597254004577,0.6541176470588236,0.6825581395348838,0.6509661835748792,0.6753246753246753,0.6772366930917327,0.6613496932515337,0.6537216828478964,0.6767106089139987,0.6716101694915254,0.6834224598930482,0.6831183398766124
bs80k_1441,anterior,100,0.5507246376811594,0.5089285714285714,0.5533980582524272,0.5066666666666667,0.5671641791044776,0.5205479452054794,0.5302325581395348,0.5560975609756098,0.5643564356435643,0.5277777777777778,0.8392857142857143,0.7791164658634538,0.8085106382978723,0.8506787330316742
bs80k_1441,posterior,111,0.7756653992395437,0.8075471698113208,0.8467741935483871,0.775330396475771,0.8075471698113208,0.8720379146919431,0.864406779661017,0.8820960698689956,0.8571428571428571,0.8401826484018264,0.7521367521367521,0.7181467181467182,0.7045454545454546,0.7456140350877193
bs80k_1493,posterior,10,0.0,0.0,0.0,0.0,0.0,0.0,0.3333333333333333,0.0,0.0,0.5,0.0,0.0,0.0,0.0
bs80k_1495,anterior,159,0.8482758620689655,0.8185053380782918,0.7838827838827839,0.8070175438596491,0.7640449438202247,0.8268551236749117,0.7867647058823529,0.7912087912087912,0.8057553956834532,0.8482758620689655,0.39622641509433965,0.55,0.5454545454545454,0.5526315789473685
bs80k_1495,posterior,144,0.6323024054982818,0.7124183006535948,0.7383512544802867,0.7804878048780488,0.6835443037974683,0.6973684210526315,0.782608695652174,0.7028753993610224,0.7426470588235294,0.766798418972332,0.5821596244131455,0.5358851674641149,0.5196078431372549,0.625
bs80k_1530,anterior,424,0.0,0.0,0.0,0.0,0.0,0.0,0.0,0.0,0.0,0.0,0.027906976744186046,0.04157043879907621,0.023310023310023312,0.04157043879907621
bs80k_1530,posterior,138,0.0,0.0,0.0,0.0,0.0,0.0,0.0,0.0,0.0,0.0,0.0,0.0,0.1476510067114094,0.06993006993006994
bs80k_1545,anterior,71,0.38636363636363635,0.3076923076923077,0.30952380952380953,0.09615384615384616,0.25287356321839083,0.44680851063829785,0.43956043956043955,0.4044943820224719,0.367816091954023,0.423728813559322,0.42028985507246375,0.1794871794871795,0.18181818181818182,0.44274809160305345
bs80k_1545,posterior,42,0.0,0.0,0.0,0.0,0.0,0.0,0.0,0.0,0.0,0.0,0.0,0.0,0.0,0.0
bs80k_1557,anterior,83,0.37254901960784315,0.4485981308411215,0.41904761904761906,0.46296296296296297,0.3883495145631068,0.5045045045045045,0.4485981308411215,0.46296296296296297,0.4485981308411215,0.37254901960784315,0.40384615384615385,0.23404255319148937,0.28865979381443296,0.34
bs80k_1557,posterior,39,0.5,0.631578947368421,0.3404255319148936,0.0,0.375,0.0,0.5,0.5818181818181818,0.0,0.05,0.0975609756097561,0.22727272727272727,0.30434782608695654,0.05
bs80k_1580,anterior,49,0.0,0.0,0.0,0.0,0.0,0.0,0.0,0.0,0.0,0.0,0.0,0.0,0.0,0.0
bs80k_1657,anterior,502,0.6214442013129103,0.6822529224229543,0.7155361050328227,0.6731813246471227,0.6857772877618522,0.7049009384775808,0.6899383983572895,0.65775950668037,0.6531483457844184,0.6977225672877847,0.7405857740585774,0.7134268537074149,0.7229965156794426,0.701212789415656
bs80k_1657,posterior,586,0.7216804201050263,0.7113564668769716,0.6803770351328192,0.6907407407407408,0.7072758037225042,0.7272727272727273,0.7474916387959866,0.7337770382695508,0.7210526315789474,0.7098039215686275,0.7225225225225225,0.7485572959604286,0.7156502571638501,0.7603305785123967
bs80k_1683,posterior,76,0.7852760736196319,0.8137931034482758,0.8211920529801324,0.7866666666666666,0.7878787878787878,0.782051282051282,0.7586206896551724,0.7534246575342466,0.7682119205298014,0.7702702702702703,0.6949152542372882,0.8270676691729323,0.7333333333333333,0.7605633802816901
bs80k_1685,anterior,29,0.29411764705882354,0.7692307692307693,0.8181818181818182,0.8928571428571429,0.8285714285714286,0.8529411764705882,0.8787878787878788,0.8055555555555556,0.8923076923076924,0.9056603773584906,0.7605633802816901,0.8253968253968254,0.7297297297297297,0.7341772151898734
bs80k_1685,posterior,211,0.44984802431610943,0.5072046109510087,0.47645429362880887,0.527536231884058,0.5782493368700266,0.4414715719063545,0.46439628482972134,0.45182724252491696,0.49240121580547114,0.3515625,0.5136186770428015,0.5052631578947369,0.5623100303951368,0.5352798053527981
bs80k_1697,anterior,28,0.8135593220338984,0.8620689655172413,0.8888888888888888,0.8275862068965517,0.8571428571428571,0.8571428571428571,0.8727272727272727,0.8727272727272727,0.8846153846153846,0.9056603773584906,0.6341463414634146,0.5641025641025641,0.6976744186046512,0.782608695652174
bs80k_1702,anterior,211,0.5489130434782609,0.6153846153846154,0.6916890080428955,0.6004962779156328,0.7342995169082126,0.631578947368421,0.7082405345211581,0.6619047619047619,0.5828877005347594,0.7064439140811456,0.7427055702917772,0.7882037533512064,0.6386138613861386,0.703125
bs80k_1702,posterior,161,0.6175869120654397,0.6026200873362445,0.5914786967418546,0.671875,0.5986078886310905,0.5388888888888889,0.5967741935483871,0.532258064516129,0.6215538847117794,0.5851063829787234,0.6101694915254238,0.608955223880597,0.5830903790087464,0.6198830409356725
bs80k_1751,anterior,26,0.5789473684210527,0.0,0.0,0.5142857142857142,0.4117647058823529,0.6,0.5555555555555556,0.3225806451612903,0.65,0.0,0.0,0.0,0.0,0.0
bs80k_1751,posterior,52,0.6222222222222222,0.3225806451612903,0.631578947368421,0.3225806451612903,0.23728813559322035,0.7058823529411765,0.7294117647058823,0.631578947368421,0.0,0.42424242424242425,0.8041237113402062,0.5945945945945946,0.20689655172413793,0.0
bs80k_1759,anterior,15,0.8,0.7647058823529411,0.7058823529411765,0.7567567567567568,0.7741935483870968,0.7368421052631579,0.75,0.7878787878787878,0.7272727272727273,0.7878787878787878,0.7741935483870968,0.7142857142857143,0.7407407407407407,0.7407407407407407
bs80k_1784,anterior,549,0.304654442877292,0.2676470588235294,0.29694323144104806,0.2675862068965517,0.33738191632928477,0.29517241379310344,0.26608187134502925,0.29640287769784174,0.2741702741702742,0.3149171270718232,0.3262411347517731,0.3366906474820144,0.35765379113018597,0.34522111269614836
bs80k_1784,posterior,96,0.6057692307692307,0.5578947368421052,0.591715976331361,0.5508982035928144,0.37333333333333335,0.6336633663366337,0.6291079812206573,0.6770833333333334,0.717391304347826,0.651685393258427,0.40236686390532544,0.2972972972972973,0.4268292682926829,0.40764331210191085
bs80k_1824,anterior,452,0.3550446998722861,0.47438752783964366,0.5357502517623364,0.4253393665158371,0.5421455938697318,0.5025853154084798,0.6080305927342257,0.5947467166979362,0.5108583247156153,0.5639097744360902,0.5171299288946348,0.47719298245614034,0.4482758620689655,0.5024038461538461
bs80k_1824,posterior,872,0.5599541021227769,0.5767077267637178,0.5625366999412801,0.5561253561253561,0.5504484304932735,0.5902017291066283,0.5757753071971914,0.5831435079726651,0.525030525030525,0.5597060624617268,0.5912596401028277,0.6214191273688849,0.6220136518771331,0.6142222222222222
bs80k_1837,anterior,95,0.0,0.22429906542056074,0.0,0.0,0.0,0.0,0.0,0.0,0.0,0.0,0.0,0.020833333333333332,0.0,0.0
bs80k_1837,posterior,53,0.845360824742268,0.0,0.0,0.0,0.0,0.0,0.0,0.0,0.0,0.0,0.0,0.4930232558139535,0.7387387387387387,0.0
bs80k_1914,anterior,50,0.5294117647058824,0.7012987012987013,0.46153846153846156,0.3870967741935484,0.5507246376811594,0.6486486486486487,0.7341772151898734,0.717948717948718,0.5507246376811594,0.6842105263157895,0.18181818181818182,0.0,0.0,0.0
bs80k_2004,anterior,29,0.0851063829787234,0.5652173913043478,0.7547169811320755,0.0,0.29411764705882354,0.24242424242424243,0.64,0.0,0.34285714285714286,0.0,0.2926829268292683,0.0,0.684931506849315,0.43243243243243246
bs80k_2004,posterior,98,0.2905982905982906,0.4,0.16822429906542055,0.0,0.0,0.0,0.1111111111111111,0.0,0.0594059405940594,0.0,0.0,0.0,0.0,0.0
bs80k_2087,anterior,47,0.7350427350427351,0.7478260869565218,0.7652173913043478,0.7479674796747967,0.7777777777777778,0.7818181818181819,0.7777777777777778,0.7889908256880734,0.75,0.8,0.7758620689655172,0.8080808080808081,0.7524752475247525,0.803921568627451
bs80k_2087,posterior,22,0.0,0.5333333333333333,0.0,0.7659574468085106,0.0,0.18181818181818182,0.7391304347826086,0.4827586206896552,0.7692307692307693,0.7272727272727273,0.0,0.0,0.0,0.0
bs80k_2092,anterior,21,0.6666666666666666,0.4827586206896552,0.5797101449275363,0.6363636363636364,0.6779661016949152,0.5753424657534246,0.6,0.6333333333333333,0.6382978723404256,0.6349206349206349,0.5818181818181818,0.4523809523809524,0.5862068965517241,0.5573770491803278
bs80k_2092,posterior,19,0.0,0.0,0.0,0.9230769230769231,0.0,0.0,0.0,0.0,0.0,0.0,0.0,0.0,0.0,0.0
bs80k_2105,anterior,27,0.7441860465116279,0.7555555555555555,0.0,0.7428571428571429,0.7017543859649122,0.8064516129032258,0.7037037037037037,0.75,0.7450980392156863,0.7619047619047619,0.0,0.0,0.0,0.0
bs80k_2109,anterior,79,0.0,0.42,0.5233644859813084,0.0,0.5504587155963303,0.7891156462585034,0.8734177215189873,0.7567567567567568,0.6875,0.6991869918699187,0.5882352941176471,0.8104575163398693,0.8314606741573034,0.8571428571428571
bs80k_2109,posterior,111,0.0,0.23809523809523808,0.2923076923076923,0.4583333333333333,0.4594594594594595,0.0,0.05263157894736842,0.047244094488188976,0.5033112582781457,0.3053435114503817,0.5595854922279793,0.5608465608465608,0.5188679245283019,0.5573770491803278
bs80k_2110,anterior,141,0.6613545816733067,0.6925566343042071,0.32432432432432434,0.6232558139534884,0.6716981132075471,0.6472491909385113,0.6690909090909091,0.6821705426356589,0.7033898305084746,0.726643598615917,0.3870967741935484,0.37988826815642457,0.26285714285714284,0.3804347826086957
bs80k_2184,anterior,183,0.7261146496815286,0.6845637583892618,0.689419795221843,0.6624605678233438,0.6811145510835913,0.7043189368770764,0.7213114754098361,0.6912751677852349,0.30837004405286345,0.7790697674418605,0.668693009118541,0.6910299003322259,0.525096525096525,0.6950819672131148
bs80k_2184,posterior,108,0.5897435897435898,0.5882352941176471,0.5638297872340425,0.4642857142857143,0.43243243243243246,0.6395939086294417,0.5934065934065934,0.5575757575757576,0.2992125984251969,0.2857142857142857,0.562874251497006,0.6067415730337079,0.5605095541401274,0.6868686868686869
bs80k_2319,anterior,94,0.8877551020408163,0.8950276243093923,0.9050279329608939,0.8615384615384616,0.8839779005524862,0.8602150537634409,0.8764044943820225,0.8764044943820225,0.8926553672316384,0.8876404494382022,0.759493670886076,0.8125,0.7870967741935484,0.8220858895705522
bs80k_2319,posterior,101,0.421875,0.4696969696969697,0.4580152671755725,0.6216216216216216,0.4461538461538462,0.4580152671755725,0.6164383561643836,0.6533333333333333,0.5147058823529411,0.5362318840579711,0.35772357723577236,0.0,0.0196078431372549,0.0
bs80k_2361,posterior,31,0.5853658536585366,0.6301369863013698,0.691358024691358,0.6190476190476191,0.7384615384615385,0.6666666666666666,0.676056338028169,0.6857142857142857,0.71875,0.7123287671232876,0.0,0.7096774193548387,0.6415094339622641,0.6296296296296297
bs80k_2412,anterior,16,0.6976744186046512,0.7692307692307693,0.7567567567567568,0.6976744186046512,0.8108108108108109,0.6976744186046512,0.7567567567567568,0.7,0.7777777777777778,0.7317073170731707,0.7878787878787878,0.8275862068965517,0.8275862068965517,0.7586206896551724
bs80k_2417,anterior,182,0.896551724137931,0.885,0.8421052631578947,0.8613569321533924,0.9182058047493403,0.7897727272727273,0.8337468982630273,0.6986564299424184,0.7945945945945946,0.7741935483870968,0.021739130434782608,0.7631578947368421,0.5020576131687243,0.08333333333333333
bs80k_2417,posterior,158,0.2346368715083799,0.9299363057324841,0.0,0.45098039215686275,0.49523809523809526,0.44976076555023925,0.45098039215686275,0.4019138755980861,0.3711340206185567,0.3877551020408163,0.0,0.22564102564102564,0.043478260869565216,0.0
bs80k_2438,anterior,1096,0.07924203273040482,0.2595529920692141,0.25769506084466715,0.2633093525179856,0.30029154518950435,0.27177177177177175,0.2685459940652819,0.262699564586357,0.260932944606414,0.2614942528735632,0.24981522542498152,0.36046511627906974,0.27076064200976974,0.3997532387415176
bs80k_2438,posterior,279,0.7134020618556701,0.6693711967545639,0.7379032258064516,0.74,0.6828282828282828,0.6952789699570815,0.6504065040650406,0.6638477801268499,0.6626984126984127,0.6958333333333333,0.4045584045584046,0.47540983606557374,0.45910290237467016,0.23417721518987342
bs80k_2477,anterior,49,0.0,0.0,0.0,0.37142857142857144,0.0,0.0,0.0,0.0,0.0,0.0,0.0,0.0,0.0,0.0
bs80k_2611,anterior,28,0.0,0.0,0.37209302325581395,0.7307692307692307,0.0,0.8301886792452831,0.7636363636363637,0.6956521739130435,0.0,0.7647058823529411,0.0,0.0,0.0,0.0
bs80k_2611,posterior,13,0.52,0.65,0.6046511627906976,0.6,0.65,0.6341463414634146,0.65,0.65,0.7058823529411765,0.7058823529411765,0.8,0.7142857142857143,0.7407407407407407,0.6285714285714286
bs80k_2615,anterior,79,0.8198757763975155,0.44036697247706424,0.8421052631578947,0.8571428571428571,0.8588957055214724,0.7605633802816901,0.8,0.8679245283018868,0.7862068965517242,0.8387096774193549,0.2391304347826087,0.7246376811594203,0.6666666666666666,0.7746478873239436
bs80k_2615,posterior,335,0.0,0.0,0.0,0.0,0.0,0.02359882005899705,0.1793478260869565,0.0,0.0,0.0,0.0,0.01775147928994083,0.3107769423558897,0.0
bs80k_2623,anterior,34,0.0,0.0,0.0,0.0,0.0,0.0,0.136986301369863,0.3,0.0,0.0,0.0,0.0,0.06976744186046512,0.09230769230769231
bs80k_2623,posterior,11,0.0,0.0,0.0,0.0,0.0,0.0,0.0,0.0,0.0,0.0,0.0,0.0,0.0,0.0
bs80k_2626,anterior,556,0.0,0.0,0.0,0.0,0.0,0.0,0.0,0.0,0.0,0.0,0.0,0.0,0.0,0.0
bs80k_2626,posterior,263,0.0,0.0,0.0,0.0,0.0,0.0,0.0,0.0,0.0,0.0,0.0,0.0,0.0,0.0
bs80k_2628,anterior,37,0.7457627118644068,0.6296296296296297,0.6296296296296297,0.8615384615384616,0.8253968253968254,0.8985507246376812,0.9295774647887324,0.84375,0.8615384615384616,0.9117647058823529,0.0,0.0,0.0,0.0
bs80k_2645,posterior,41,0.8,0.7659574468085106,0.8571428571428571,0.6590909090909091,0.8409090909090909,0.5432098765432098,0.62,0.7021276595744681,0.8,0.7058823529411765,0.0,0.0,0.0,0.0
bs80k_2683,anterior,62,0.6666666666666666,0.0,0.0,0.3466666666666667,0.3684210526315789,0.0,0.17142857142857143,0.0625,0.0,0.0,0.2894736842105263,0.76,0.4878048780487805,0.41025641025641024
bs80k_2694,anterior,75,0.42105263157894735,0.4424778761061947,0.43243243243243246,0.6197183098591549,0.4752475247524752,0.6299212598425197,0.6771653543307087,0.6388888888888888,0.6717557251908397,0.6571428571428571,0.5789473684210527,0.3829787234042553,0.6666666666666666,0.5283018867924528
bs80k_2694,posterior,88,0.5028571428571429,0.5251396648044693,0.4444444444444444,0.6125,0.4172661870503597,0.625,0.575,0.5827814569536424,0.6172839506172839,0.6103896103896104,0.5986394557823129,0.6172839506172839,0.6,0.6127167630057804
bs80k_2698,anterior,78,0.0,0.0,0.0,0.0,0.0,0.0,0.0,0.0,0.0,0.0,0.0,0.0,0.0,0.0
bs80k_2759,anterior,11,0.0,0.0,0.0,0.0,0.0,0.0,0.0,0.0,0.0,0.0,0.0,0.0,0.0,0.0
bs80k_2799,anterior,167,0.33170731707317075,0.5483870967741935,0.5726495726495726,0.23036649214659685,0.6535433070866141,0.7465753424657534,0.7104247104247104,0.6744186046511628,0.5470085470085471,0.8113879003558719,0.4019138755980861,0.5022421524663677,0.48868778280542985,0.03529411764705882
bs80k_2799,posterior,265,0.42597402597402595,0.40896358543417366,0.4245810055865922,0.3878116343490305,0.41935483870967744,0.3956639566395664,0.39669421487603307,0.4032697547683924,0.42276422764227645,0.3620689655172414,0.11387900355871886,0.3281733746130031,0.3277777777777778,0.32934131736526945
bs80k_2825,anterior,35,0.29411764705882354,0.7446808510638298,0.5785123966942148,0.4697986577181208,0.7951807228915663,0.5691056910569106,0.4666666666666667,0.41420118343195267,0.49295774647887325,0.49295774647887325,0.6804123711340206,0.6534653465346535,0.62,0.6336633663366337
bs80k_2825,posterior,36,0.29508196721311475,0.4046242774566474,0.6422018348623854,0.5982905982905983,0.6956521739130435,0.2508710801393728,0.2834008097165992,0.21604938271604937,0.3103448275862069,0.29535864978902954,0.6956521739130435,0.6415094339622641,0.8,0.7848101265822784
bs80k_2835,anterior,35,0.8,0.7906976744186046,0.8292682926829268,0.7391304347826086,0.8266666666666667,0.7951807228915663,0.7948717948717948,0.7848101265822784,0.810126582278481,0.6956521739130435,0.8571428571428571,0.8888888888888888,0.8985507246376812,0.9014084507042254
bs80k_2835,posterior,45,0.5205479452054794,0.44155844155844154,0.5,0.4418604651162791,0.5142857142857142,0.4935064935064935,0.48717948717948717,0.4864864864864865,0.5205479452054794,0.5066666666666667,0.43037974683544306,0.0,0.4067796610169492,0.04
bs80k_2839,anterior,44,0.41935483870967744,0.8108108108108109,0.9285714285714286,0.9655172413793104,0.926829268292683,0.37037037037037035,0.891566265060241,0.8705882352941177,0.7945205479452054,0.9247311827956989,0.8842105263157894,0.9213483146067416,0.8431372549019608,0.5806451612903226
bs80k_2866,anterior,43,0.7037037037037037,0.2465753424657534,0.6052631578947368,0.6019417475728155,0.5473684210526316,0.4044943820224719,0.0,0.4235294117647059,0.5242718446601942,0.0,0.0,0.0,0.28,0.0
bs80k_2867,posterior,89,0.72,0.9079754601226994,0.9079754601226994,0.8771929824561403,0.927710843373494,0.7682119205298014,0.8208092485549133,0.7865168539325843,0.7724137931034483,0.7464788732394366,0.6142857142857143,0.1836734693877551,0.7101449275362319,0.7101449275362319
bs80k_2888,anterior,302,0.5445859872611465,0.4783427495291902,0.45982142857142855,0.5261194029850746,0.5177453027139874,0.5574324324324325,0.5798611111111112,0.47020933977455714,0.603112840466926,0.5802919708029197,0.3746031746031746,0.4036697247706422,0.472992700729927,0.39821693907875183
bs80k_2888,posterior,228,0.7617260787992496,0.7983870967741935,0.8175824175824176,0.7534246575342466,0.5977011494252874,0.8351177730192719,0.7888446215139442,0.7723880597014925,0.8146551724137931,0.7387862796833773,0.7780040733197556,0.7256637168141593,0.761384335154827,0.7716535433070866
bs80k_2917,anterior,38,0.36923076923076925,0.4927536231884058,0.7741935483870968,0.0,0.46153846153846156,0.358974358974359,0.0,0.16666666666666666,0.0,0.2857142857142857,0.0,0.3829787234042553,0.6181818181818182,0.711864406779661
bs80k_2917,posterior,29,0.8484848484848485,0.835820895522388,0.835820895522388,0.7368421052631579,0.8484848484848485,0.8307692307692308,0.8709677419354839,0.9122807017543859,0.9032258064516129,0.8235294117647058,0.8679245283018868,0.8301886792452831,0.8,0.8421052631578947
bs80k_2940,anterior,191,0.7911392405063291,0.8927536231884058,0.6058394160583942,0.7094594594594594,0.7050847457627119,0.8857938718662952,0.9177718832891246,0.7889908256880734,0.9147727272727273,0.8929503916449086,0.6308243727598566,0.6308243727598566,0.783410138248848,0.6964285714285714
bs80k_2940,posterior,433,0.5779967159277504,0.4965277777777778,0.49913344887348354,0.4254545454545455,0.30859375,0.5566666666666666,0.6697388632872504,0.5494137353433836,0.49391304347826087,0.39926062846580407,0.3281853281853282,0.4753521126760563,0.5272108843537415,0.43399638336347196
bs80k_2953,anterior,119,0.5257731958762887,0.7777777777777778,0.7883817427385892,0.75,0.7543859649122807,0.6301369863013698,0.7161572052401747,0.6766917293233082,0.33540372670807456,0.6702127659574468,0.6847826086956522,0.38095238095238093,0.7772511848341233,0.6666666666666666
bs80k_2953,posterior,112,0.6920415224913494,0.7237354085603113,0.707395498392283,0.7679324894514767,0.7153846153846154,0.7567567567567568,0.7285714285714285,0.7197231833910035,0.7415730337078652,0.7674418604651163,0.6933333333333334,0.6297872340425532,0.6210045662100456,0.6724890829694323
bs80k_2977,anterior,178,0.24472573839662448,0.7635135135135135,0.6254826254826255,0.6928571428571428,0.7054545454545454,0.6616541353383458,0.7483443708609272,0.7569444444444444,0.6764705882352942,0.746268656716418,0.6187050359712231,0.7177700348432056,0.6822742474916388,0.7586206896551724
bs80k_2977,posterior,95,0.5238095238095238,0.6058394160583942,0.5488958990536278,0.6099290780141844,0.6722689075630253,0.6307692307692307,0.6131386861313869,0.5194805194805194,0.6171003717472119,0.6287878787878788,0.6042553191489362,0.64,0.5896414342629482,0.5863453815261044
bs80k_3011,anterior,330,0.0,0.0,0.0,0.0,0.0,0.0,0.0,0.0,0.0,0.0,0.0,0.0,0.0,0.0
bs80k_3019,anterior,134,0.549520766773163,0.6966292134831461,0.6691729323308271,0.6470588235294118,0.6498194945848376,0.5660377358490566,0.5822784810126582,0.6139817629179332,0.6416382252559727,0.7155172413793104,0.3855421686746988,0.35555555555555557,0.45776566757493187,0.6812227074235808
bs80k_3019,posterior,35,0.3553299492385787,0.37433155080213903,0.35,0.4918032786885246,0.42038216560509556,0.42,0.5565217391304348,0.47058823529411764,0.4393939393939394,0.5076923076923077,0.5354330708661418,0.4657534246575342,0.3469387755102041,0.40476190476190477
bs80k_3029,posterior,22,0.5882352941176471,0.7692307692307693,0.625,0.7777777777777778,0.8,0.6666666666666666,0.8571428571428571,0.7222222222222222,0.7692307692307693,0.8292682926829268,0.0,0.0,0.0,0.0
bs80k_3090,anterior,48,0.0,0.0,0.0,0.0,0.0,0.0,0.0,0.0,0.0,0.0,0.0,0.0,0.0,0.0
bs80k_3090,posterior,18,0.5625,0.6206896551724138,0.6428571428571429,0.6792452830188679,0.5714285714285714,0.7727272727272727,0.75,0.6792452830188679,0.5625,0.7619047619047619,0.5070422535211268,0.6792452830188679,0.5625,0.8
bs80k_3114,anterior,30,0.0,0.0,0.0,0.0,0.0,0.0,0.5714285714285714,0.0,0.0,0.0,0.0,0.5194805194805194,0.47058823529411764,0.6
bs80k_3114,posterior,31,0.12121212121212122,0.0,0.0,0.0,0.0,0.0,0.5,0.0,0.0,0.0,0.0,0.0,0.0,0.0
bs80k_3117,anterior,67,0.5777777777777777,0.5571428571428572,0.6666666666666666,0.5590062111801242,0.7172413793103448,0.6993865030674846,0.7515923566878981,0.7651006711409396,0.7225806451612903,0.7341772151898734,0.8413793103448276,0.8615384615384616,0.8264462809917356,0.8095238095238095
bs80k_3117,posterior,59,0.8,0.6580645161290323,0.6811594202898551,0.6357615894039735,0.7384615384615385,0.7575757575757576,0.6865671641791045,0.6527777777777778,0.7272727272727273,0.7596899224806202,0.7027027027027027,0.7572815533980582,0.7572815533980582,0.75
bs80k_3129,posterior,37,0.88,0.8493150684931506,0.8857142857142857,0.8955223880597015,0.8656716417910447,0.7936507936507936,0.8484848484848485,0.821917808219178,0.8307692307692308,0.821917808219178,0.7671232876712328,0.7714285714285715,0.746268656716418,0.711864406779661
bs80k_3130,anterior,149,0.43478260869565216,0.4566929133858268,0.4846153846153846,0.46875,0.44015444015444016,0.4232081911262799,0.4460431654676259,0.4261168384879725,0.466403162055336,0.4696969696969697,0.5126050420168067,0.5,0.5388127853881278,0.5370370370370371
bs80k_3130,posterior,118,0.5433070866141733,0.5573770491803278,0.5190839694656488,0.576271186440678,0.5390625,0.5136186770428015,0.5381526104417671,0.5196850393700787,0.5134099616858238,0.5338645418326693,0.43902439024390244,0.5833333333333334,0.5619047619047619,0.5619047619047619
bs80k_3143,anterior,11,0.0,0.0,0.1875,0.0,0.17391304347826086,0.0,0.0,0.0,0.0,0.0,0.0,0.0,0.0,0.0
