key,group,year,model,input,data,size,training,metric,result,evidence
lin2020,Hotspots,2020,"U-Net, Mask R-CNN",Thorax crop,Private,76 patients,Single-task,IoU,0.6103,112 samples (anterior and posterior) of whole-body bone SPECT images from 76 patients; IoU 0.6103 (abstract); data restricted by hospital ethics committee
chen2023lesion,Hotspots,2023,Double U-Net,Whole body,Private,200 patients,Single-task,F1,0.6660,"100 breast cancer and 100 prostate cancer patients, small internal dataset; F1-score 66.60% (abstract); Data Availability Statement: Not applicable"
xie2025qims,Hotspots,2025,Attention encoder-decoder,Patch,Private,168 patients,Single-task,Dice,0.6720,168 patients with bone metastases from lung cancer; 256x256 sub-images; DSC 0.6720 (abstract); anonymised data received from the hospital
chen2026bonesegnet,Hotspots,2026,U-Net with Transformer,Patch,Private,932 patients,Single-task,Dice,0.8750,"932 patients; 256x256 patches; Dice 0.8750 against U-Net, U-Net++, Attention U-Net, ResUNet++, MK-UNet; data not publicly available"
yu2023,Skeleton,2023,Mask R-CNN,Whole body,Private,359 images,Single-task,F1,"Prostate 0.9000, breast 0.8800",196 prostate and 163 breast cancer WBBS images; F1 0.90 prostate and 0.88 breast; Data Availability Statement: Not applicable
rachmawati2026ijies,Skeleton,2026,nnU-Net,Whole body,Public,"3,593 images",Single-task,Dice,"Anterior 0.8168, posterior 0.8345","3,593 whole-body images from BS-80K; 5-fold macro-averaged Dice 0.8168 anterior and 0.8345 posterior (abstract)"
rachmawati2026kbs,Skeleton,2026,Btrfly-Net,Whole body,Public and private,"3,512 images",Single-task,Dice,"Anterior 0.6140, posterior 0.7890","3,512 manually annotated images from BS-80K; Dice 0.614 anterior and 0.789 posterior (abstract); model trained on a private cohort"
shimizu2020,Hotspots and skeleton,2020,Btrfly-Net,Whole body,Private,246 patients,Separate,BSI correlation,0.9337,246 cases of prostate cancer; cross-correlation between measured and true BSI 0.9337 (abstract); one network for skeleton and one for hotspots
huang2023endtoend,Hotspots and skeleton,2023,U-Net,Patch,Private,617 patients,Joint,Dice,"Hotspot 0.7408, skeleton 0.8399",617 patients; 128x128 patches; mean Dice 74.08 lesion and 83.99 anterior skeleton; data cannot be shared publicly
wu2025msanet,Hotspots,2025,Conditional GAN,Thorax crop,Private,171 patients,Single-task,Dice,0.6671,"286 SPECT images from 171 patients (118 training, 53 test); thoracic region cropped to 256x256; DSC 0.6671 (abstract); validation subset on request, whole dataset not yet public"
