model,architecture,fission,lesion.pixel_mean.dice,lesion.pixel_mean.sensitivity,lesion.pixel_mean.specificity,lesion.by_label.benign.dice,lesion.by_label.benign.sensitivity,lesion.by_label.benign.specificity,lesion.by_label.benign.tp_lesions,lesion.by_label.benign.fp_lesions,lesion.by_label.benign.fn_lesions,lesion.by_label.benign.lesionwise_precision,lesion.by_label.benign.lesionwise_sensitivity,lesion.by_label.benign.lesionwise_f1,lesion.by_label.benign.froc.lesion_localization_fraction,lesion.by_label.benign.froc.false_positives_per_case,lesion.by_label.malignant.dice,lesion.by_label.malignant.sensitivity,lesion.by_label.malignant.specificity,lesion.by_label.malignant.tp_lesions,lesion.by_label.malignant.fp_lesions,lesion.by_label.malignant.fn_lesions,lesion.by_label.malignant.lesionwise_precision,lesion.by_label.malignant.lesionwise_sensitivity,lesion.by_label.malignant.lesionwise_f1,lesion.by_label.malignant.froc.lesion_localization_fraction,lesion.by_label.malignant.froc.false_positives_per_case,lesion.lesionwise_class_matched.tp_lesions,lesion.lesionwise_class_matched.fp_lesions,lesion.lesionwise_class_matched.fn_lesions,lesion.lesionwise_class_matched.lesionwise_precision,lesion.lesionwise_class_matched.lesionwise_sensitivity,lesion.lesionwise_class_matched.lesionwise_f1,lesion.lesionwise_class_matched.froc.lesion_localization_fraction,lesion.lesionwise_class_matched.froc.false_positives_per_case,bone.pixel_mean.dice,bone.pixel_mean.sensitivity,bone.pixel_mean.specificity,bone.by_label.label_1.dice,bone.by_label.label_1.sensitivity,bone.by_label.label_1.specificity,bone.by_label.label_2.dice,bone.by_label.label_2.sensitivity,bone.by_label.label_2.specificity,bone.by_label.label_3.dice,bone.by_label.label_3.sensitivity,bone.by_label.label_3.specificity,bone.by_label.label_4.dice,bone.by_label.label_4.sensitivity,bone.by_label.label_4.specificity,bone.by_label.label_5.dice,bone.by_label.label_5.sensitivity,bone.by_label.label_5.specificity,bone.by_label.label_6.dice,bone.by_label.label_6.sensitivity,bone.by_label.label_6.specificity,bone.by_label.label_7.dice,bone.by_label.label_7.sensitivity,bone.by_label.label_7.specificity,bone.by_label.label_8.dice,bone.by_label.label_8.sensitivity,bone.by_label.label_8.specificity,bone.by_label.label_9.dice,bone.by_label.label_9.sensitivity,bone.by_label.label_9.specificity,bone.by_label.label_10.dice,bone.by_label.label_10.sensitivity,bone.by_label.label_10.specificity,bone.by_label.label_11.dice,bone.by_label.label_11.sensitivity,bone.by_label.label_11.specificity,bone.by_label.label_12.dice,bone.by_label.label_12.sensitivity,bone.by_label.label_12.specificity
nnunet_single,nnU-Net,single-task,0.4008326099223862,0.5566533157306676,0.9998600709143378,0.46982767939686426,0.6048948727287844,0.99980390205776,623,252,617,0.712,0.5024193548387097,0.5891252955082742,0.5024193548387097,0.8600682593856656,0.2771491408979036,0.44424811149367593,0.9999162397709157,398,334,305,0.5437158469945356,0.566145092460882,0.5547038327526133,0.566145092460882,1.1399317406143346,1021,586,922,0.6353453640323584,0.5254760679361812,0.5752112676056338,0.5254760679361812,2.0,,,,,,,,,,,,,,,,,,,,,,,,,,,,,,,,,,,,,,,
nnunetcbam_single,nnU-Net + CBAM,single-task,0.3984966160511374,0.554434613697142,0.9998659283528977,0.469735545996865,0.6022639277024276,0.9998056314612367,612,268,628,0.6954545454545454,0.4935483870967742,0.5773584905660377,0.4935483870967742,0.9146757679180887,0.2761763955012383,0.4429899559409838,0.9999262252445587,386,300,317,0.5626822157434402,0.5490753911806543,0.5557955363570914,0.5490753911806543,1.023890784982935,998,568,945,0.6372924648786717,0.5136387030365415,0.5688230265032773,0.5136387030365415,1.9385665529010239,,,,,,,,,,,,,,,,,,,,,,,,,,,,,,,,,,,,,,,
segformer_single,SegFormer,single-task,0.4157588378853184,0.5100296186053883,0.9998929640559159,0.4755732418719874,0.5701563847108664,0.9998494969926898,733,427,507,0.631896551724138,0.5911290322580646,0.6108333333333333,0.5911290322580646,1.4573378839590443,0.2926389168388286,0.36993129166996386,0.9999364311191417,448,236,255,0.6549707602339181,0.6372688477951636,0.6459985580389329,0.6372688477951636,0.8054607508532423,1181,663,762,0.6404555314533622,0.6078229541945446,0.6237127013467124,0.6078229541945446,2.262798634812287,,,,,,,,,,,,,,,,,,,,,,,,,,,,,,,,,,,,,,,
nnunet_late,nnU-Net,Late,0.43153163415654594,0.5779522475420094,0.9998730173123164,0.49032518562429883,0.6383197811411915,0.9998077503140055,780,450,460,0.6341463414634146,0.6290322580645161,0.631578947368421,0.6290322580645161,1.5358361774744027,0.3183857707204027,0.4372929204857873,0.9999382843106271,397,208,306,0.656198347107438,0.5647226173541963,0.6070336391437309,0.5647226173541963,0.7098976109215017,1177,658,766,0.6414168937329701,0.6057642820380854,0.6230809952355744,0.6057642820380854,2.2457337883959045,0.850568115240897,0.8631043635223496,0.9986654476794028,0.9610039520826285,0.9653260418308491,0.9992534455702857,0.8408230244815214,0.8589286094548008,0.9995208835017366,0.7750056791049375,0.7918851402061301,0.9990686473938126,0.9135540968040408,0.9182725949623982,0.9968126840456066,0.8745666032725824,0.8856377735194216,0.9996591207410912,0.6407281227259347,0.6802253618176006,0.9989718748250856,0.8369689512237717,0.8411826973745544,0.9985874927715594,0.8845459383720882,0.8892420625347968,0.998653843496485,0.8815982839268125,0.8896767293843103,0.9991944456673179,0.8298789093810116,0.8611090829853194,0.9990579914215029,0.8852279050458933,0.8914002645803374,0.9973593565427605,0.8949151604853849,0.895632708616214,0.9978455861755909
nnunetcbam_multihead,nnU-Net + CBAM,Late,0.4244933089608475,0.5734736677418757,0.9998738154872592,0.48877924076964346,0.6269353412965648,0.9998121022090101,802,503,438,0.61455938697318,0.646774193548387,0.6302554027504912,0.646774193548387,1.7167235494880546,0.30608348267385554,0.44890533477947175,0.9999355287655082,400,238,303,0.6269592476489029,0.5689900426742532,0.5965697240865027,0.5689900426742532,0.8122866894197952,1202,741,741,0.6186309830159548,0.6186309830159548,0.6186309830159548,0.6186309830159548,2.52901023890785,0.8392015084584326,0.8508342223514829,0.998565935086483,0.958527739941478,0.9658158980633994,0.9991663816493193,0.8404016691980729,0.8715655916732145,0.9994926086723669,0.7721216129791385,0.7854806546368536,0.9991171859234244,0.9055287778982232,0.9064683862882975,0.9966760331080117,0.8710899361902292,0.8728145777250267,0.9996835609799463,0.6187909146055077,0.6492228490777585,0.9989722878072791,0.8136925918856792,0.8204081368237435,0.998363671763805,0.8559384575686065,0.8514328896849436,0.9984760823638394,0.8745086823353603,0.8736472044835475,0.9992349978325483,0.8100752804119069,0.8421231750448901,0.9989427773080761,0.8767834722268827,0.8852404000543546,0.9970968699391707,0.888903180126005,0.8967810823485379,0.9975687636900071
segformer_late,SegFormer,Late,0.43502681441210456,0.5403746999112419,0.9998732761414935,0.4847480658424903,0.60904147977733,0.9998105868647508,761,423,479,0.6427364864864865,0.6137096774193549,0.6278877887788779,0.6137096774193549,1.4436860068259385,0.3248560747281795,0.38037772022326244,0.9999359654182362,445,187,258,0.7041139240506329,0.6330014224751067,0.6666666666666666,0.6330014224751067,0.6382252559726962,1206,610,737,0.6640969162995595,0.6206896551724138,0.641660015961692,0.6206896551724138,2.0819112627986347,0.8740337226833474,0.8920144956444988,0.9988024511140204,0.9652271876343168,0.9714107977847701,0.999284558168827,0.8641357504384017,0.8951919894949613,0.9995491076330849,0.7997599956194142,0.8314188075215483,0.9990522599405294,0.9263862114758697,0.9277632151358958,0.9973702503658589,0.8832868955397715,0.8995038087552422,0.999664996283973,0.71270140609377,0.7468368243107635,0.9991595705910077,0.8655257572827283,0.8773029292641074,0.9987645708526611,0.8947260495381223,0.912306859248656,0.9985735421117727,0.8935761363660685,0.9136047091616554,0.9991746669193539,0.8634008799655297,0.8856052071230652,0.9992784124292077,0.9159773158081239,0.9235244818031159,0.9980033297353248,0.9083276728662663,0.9234489746855755,0.9977541483366441
nnunet_early,nnU-Net,Early,0.41666522476412504,0.5650960240814318,0.9998683202594957,0.47427498685477254,0.6124031386210401,0.9998058817056,646,292,594,0.6886993603411514,0.5209677419354839,0.5932047750229569,0.5209677419354839,0.9965870307167235,0.30924702253260505,0.4548681168044127,0.9999307588133917,398,270,305,0.5958083832335329,0.566145092460882,0.5805981035740335,0.566145092460882,0.9215017064846417,1044,562,899,0.6500622665006227,0.5373134328358209,0.588334742180896,0.5373134328358209,1.918088737201365,0.8819322882822304,0.8927839715472692,0.9989631113892772,0.9676177696130552,0.9686479346713232,0.9994192107423097,0.8762365632144307,0.889604460872742,0.9996342910226191,0.8074553215548702,0.824814315820122,0.9991970735352861,0.9304682911868896,0.9296990037116897,0.9976149354666719,0.891831799002831,0.8918995054241329,0.9997442444966959,0.7231262884274737,0.7575339030490118,0.9991940008929981,0.8710346445924342,0.8762330839028146,0.9989034429274167,0.9046790472019953,0.9126125029664603,0.9988214671756519,0.899287254698788,0.9087809102776151,0.9993047753386691,0.8735308383762861,0.8979360225558717,0.9993138451608057,0.9254912355786206,0.9308131140505956,0.9982685537329814,0.9173781612993896,0.9243906682032831,0.9981414961792197
nnunetcbam_multidecoder,nnU-Net + CBAM,Early,0.4161886762304903,0.5769159587321591,0.9998676266780708,0.47881189425186044,0.6184476160406926,0.9998108530576584,636,274,604,0.6989010989010989,0.5129032258064516,0.5916279069767442,0.5129032258064516,0.9351535836177475,0.3061360701339186,0.4801451513088273,0.9999244002984834,422,306,281,0.5796703296703297,0.6002844950213371,0.5897973445143256,0.6002844950213371,1.0443686006825939,1058,580,885,0.645909645909646,0.5445187853834277,0.5908963976542865,0.5445187853834277,1.9795221843003412,0.8810329521300304,0.8919694990364592,0.9989330247237704,0.9672311925665232,0.9678082073434152,0.9994223300424959,0.8758738867342121,0.889021637725185,0.9996341749292993,0.8070233337227212,0.8181022707632142,0.9991996400137585,0.9296784953449627,0.9311998904171197,0.9974885929351132,0.8921648734953145,0.8933671539830557,0.9997409860646257,0.7209112972371077,0.7515006294893006,0.9992047861203384,0.8706762977440156,0.8780873857592097,0.998864772173403,0.9014250840502669,0.912489503374205,0.9987381628640005,0.8993457444533991,0.9105519914572513,0.9992900004038331,0.8729047034948075,0.8966689849669194,0.9993155262737276,0.924478226104701,0.9316056725563348,0.9981975732109708,0.9162482512949748,0.9239294880755987,0.998099751653679
segformer_early,SegFormer,Early,0.4329737523953128,0.5493921351027323,0.9998664774378235,0.48703128881695645,0.6194210325813841,0.9998076316203385,774,428,466,0.6439267886855241,0.6241935483870967,0.6339066339066339,0.6241935483870967,1.4607508532423208,0.3156293440654035,0.38622135427809057,0.9999253232553085,438,207,265,0.6790697674418604,0.6230440967283073,0.6498516320474778,0.6230440967283073,0.7064846416382252,1212,635,731,0.6561992420140769,0.6237776634071024,0.6395778364116095,0.6237776634071024,2.167235494880546,0.8814629038676633,0.8904772031878727,0.998960429532835,0.968048376114371,0.9684824325838164,0.9994420708523093,0.8749424687744262,0.8768868721544361,0.99967808841621,0.8002633455542176,0.7911836900063154,0.9993411621305339,0.9320820529269646,0.9362685888264938,0.9974546421873465,0.8885467242561983,0.8810328409026583,0.9997588018135124,0.7299266383802041,0.7774491085492593,0.9991564704553995,0.8740676870790812,0.8803369034884783,0.9989271949138128,0.9034040337661827,0.9068373193454444,0.9988737329946692,0.8979465362635163,0.911315642691408,0.9992578171236738,0.870102177578051,0.8957726057571267,0.9992856785886732,0.9261487116497554,0.9334017184916713,0.9982295058504012,0.9156180042632593,0.9220365343147583,0.998119989067481
nnunet_earlymid,nnU-Net,Early-Mid,0.42374353406503884,0.5783696643954146,0.9998623501798368,0.48639646139400394,0.6450009202444352,0.9997912944563373,787,453,453,0.6346774193548387,0.6346774193548387,0.6346774193548387,0.6346774193548387,1.546075085324232,0.3029289286780021,0.42311555593932226,0.9999334059033363,379,231,324,0.6213114754098361,0.5391180654338549,0.5773038842345773,0.5391180654338549,0.78839590443686,1166,684,777,0.6302702702702703,0.600102933607823,0.614816767730029,0.600102933607823,2.3344709897610922,0.8816969251638551,0.8913337056476387,0.9989756856874199,0.9677452292498631,0.9693229553237852,0.9994121771514073,0.8766752098572288,0.887537121899717,0.9996439643282102,0.808307086487971,0.8227841193371503,0.9992100045259967,0.9306745497124694,0.9290295601399687,0.9976604722121845,0.8921586467668712,0.8900757448998774,0.9997520899706313,0.7195954363212301,0.7451515542019939,0.9992327850590205,0.8717056910359017,0.8789767653112074,0.9988891847740817,0.9041890506629128,0.9092606322809197,0.9988616314027778,0.899445753671661,0.9115978359075286,0.9992814269661405,0.8724911519797083,0.8989995372201501,0.9992986443962624,0.9250582173757937,0.9289291960573167,0.9982940481996029,0.9175479396461595,0.923710464818169,0.9981717992627221
nnunetcbam_earlymid,nnU-Net + CBAM,Early-Mid,0.4099462047442519,0.5736971057314574,0.999860331790011,0.4775985140168564,0.6238393350257944,0.9998013406984264,638,267,602,0.7049723756906078,0.5145161290322581,0.5948717948717949,0.5145161290322581,0.9112627986348123,0.2904419610620527,0.45686324141509616,0.9999193228815958,417,316,286,0.5688949522510232,0.5931721194879089,0.5807799442896936,0.5931721194879089,1.0784982935153584,1055,583,888,0.6440781440781441,0.5429747812660833,0.5892208880201061,0.5429747812660833,1.9897610921501707,0.880526005581003,0.8899493864245803,0.9989510588786108,0.9674580710517949,0.9704612789757376,0.9993837062330122,0.8763009530925094,0.8852204720842446,0.9996494571378363,0.8047662845436739,0.8135351927102277,0.999223598588167,0.9296814072191548,0.9285424643588803,0.997592144668049,0.891318624532003,0.8954203473564137,0.9997284191153875,0.7159836058278146,0.7440885944821611,0.9992074751373852,0.8704379027432061,0.8717009940357328,0.9989366799624402,0.9023318991872764,0.911401405018753,0.9987704942954319,0.8989576006925646,0.9093408470896749,0.9992907540865922,0.8721105227034989,0.8948010642284371,0.999319390037113,0.9253111624918353,0.9310652426159634,0.9982465512925797,0.9170503423622032,0.9265502146046545,0.9980640359893362
nnunet_mid,nnU-Net,Mid,0.3933885912849746,0.5781441336555414,0.999855696622412,0.46116300719873543,0.6334742303650991,0.9997842531186485,644,343,596,0.6524822695035462,0.5193548387096775,0.5783565334530759,0.5193548387096775,1.1706484641638226,0.2764991714337099,0.449222282701744,0.9999271401261758,399,346,304,0.5355704697986577,0.5675675675675675,0.5511049723756906,0.5675675675675675,1.180887372013652,1043,689,900,0.6021939953810623,0.5367987647967061,0.5676190476190476,0.5367987647967061,2.3515358361774745,0.8458108937218978,0.8589097154582174,0.9985848415894283,0.95925702942107,0.9709811378854071,0.9990836484825032,0.8406509536744684,0.8433939545789942,0.99958377717873,0.7707936574518576,0.7919941241015855,0.9990403895076755,0.909499218099371,0.9159258899344453,0.9965978020479029,0.874303042999819,0.8843137012334855,0.9996641209330638,0.6324883038607171,0.6732607409713629,0.9989320451560338,0.8188077778281386,0.8282939384399253,0.9983923401597439,0.8693703643622838,0.8719937150590278,0.9985068378382626,0.8803025378097634,0.8873211494883355,0.9991955053384182,0.8318589963419301,0.8625034794384097,0.9990732374188733,0.8842666967152675,0.8967299751508164,0.9971622647306181,0.8923782207370486,0.8929067721044479,0.9977861302813139
nnunetcbam_mid,nnU-Net + CBAM,Mid,0.4152872303694266,0.5535850808929048,0.9998735896897283,0.472506313825848,0.6069639538495313,0.9998125494457052,632,285,608,0.6892039258451472,0.5096774193548387,0.5859990727862773,0.5096774193548387,0.9726962457337884,0.3063274863407094,0.42920967740283406,0.9999346299337513,396,254,307,0.6092307692307692,0.5633001422475107,0.5853658536585366,0.5633001422475107,0.8668941979522184,1028,539,915,0.6560306317804723,0.5290787442099846,0.5857549857549857,0.5290787442099846,1.8395904436860069,0.8402535213824688,0.8531388523761156,0.9985185838929294,0.9601031230633541,0.9636170100799701,0.9992536171592787,0.8457694646991162,0.8681929510919502,0.9995132699274317,0.7715964716144385,0.7954373928464705,0.998980789040709,0.9017689551778985,0.9118147305791188,0.9961659231949922,0.8733751508698636,0.883028859913664,0.9996647368188635,0.627566570712769,0.6636166143529276,0.9989487935978619,0.8154083083309908,0.8221012168360213,0.9983848649889437,0.8443924149546806,0.8438336486896892,0.998255413755231,0.8743727436896342,0.873217353698387,0.9992286076797193,0.8206008937920298,0.8545115278384996,0.9989939352042023,0.8798499803846792,0.8853092374485696,0.9972494960718574,0.8847989940438674,0.8879306889068941,0.9975835592760609
segformer_mid,SegFormer,Mid,0.4311888671109461,0.5359381012724498,0.9998665483387561,0.48557427597984926,0.590587351726681,0.9998235820370414,771,446,469,0.6335250616269515,0.6217741935483871,0.6275946275946276,0.6217741935483871,1.522184300341297,0.3174933863653261,0.4086026556327879,0.9999095146404706,485,276,218,0.6373193166885677,0.689900426742532,0.662568306010929,0.689900426742532,0.9419795221843004,1256,722,687,0.6349848331648129,0.6464230571281523,0.6406528946697271,0.6464230571281523,2.464163822525597,0.8809744661243628,0.8973823826610587,0.9988489330309036,0.9675268077082846,0.972807444745502,0.9993354971735513,0.8715229068240412,0.8884626753312143,0.9996161735264218,0.8055746011599602,0.826554731694662,0.9991660384810986,0.9302297214144088,0.9405212709688786,0.9971228945411286,0.8892082836036407,0.9042155520529535,0.9996847366158855,0.7281666331487174,0.7646093655243174,0.9992005744674166,0.874452818250435,0.8833822943327339,0.9988815215232208,0.9027195653933257,0.9168423446887589,0.998706528405412,0.8974979633753362,0.9080492834036039,0.9992769367987683,0.8690674356455556,0.8988683513157162,0.9992565048120874,0.9252274919547298,0.9378812447548376,0.998070462416052,0.9146162737535574,0.9298106178154745,0.997869327609801
