case,split
bs80k_0001,train
bs80k_0002,train
bs80k_0003,train
bs80k_0005,train
bs80k_0006,train
bs80k_0007,test
bs80k_0008,train
bs80k_0009,train
bs80k_0010,train
bs80k_0011,train
bs80k_0012,train
bs80k_0013,train
bs80k_0014,train
bs80k_0015,test
bs80k_0016,train
bs80k_0017,train
bs80k_0018,train
bs80k_0019,train
bs80k_0020,train
bs80k_0021,train
bs80k_0022,train
bs80k_0023,train
bs80k_0024,train
bs80k_0025,train
bs80k_0026,train
bs80k_0027,train
bs80k_0028,train
bs80k_0029,train
bs80k_0030,train
bs80k_0031,train
bs80k_0032,train
bs80k_0033,train
bs80k_0034,train
bs80k_0035,train
bs80k_0036,train
bs80k_0037,train
bs80k_0038,train
bs80k_0039,validation
bs80k_0040,train
bs80k_0041,train
bs80k_0043,train
bs80k_0045,test
bs80k_0046,test
bs80k_0047,train
bs80k_0048,train
bs80k_0049,train
bs80k_0050,train
bs80k_0051,train
bs80k_0052,train
bs80k_0053,test
bs80k_0054,train
bs80k_0055,train
bs80k_0056,test
bs80k_0057,train
bs80k_0058,validation
bs80k_0059,train
bs80k_0060,train
bs80k_0061,train
bs80k_0062,validation
bs80k_0063,validation
bs80k_0064,train
bs80k_0065,train
bs80k_0066,train
bs80k_0067,test
bs80k_0068,train
bs80k_0069,test
bs80k_0070,train
bs80k_0071,train
bs80k_0072,train
bs80k_0073,train
bs80k_0074,train
bs80k_0075,train
bs80k_0076,train
bs80k_0077,train
bs80k_0078,train
bs80k_0079,train
bs80k_0080,test
bs80k_0081,train
bs80k_0082,train
bs80k_0083,train
bs80k_0084,train
bs80k_0085,test
bs80k_0086,train
bs80k_0087,train
bs80k_0088,train
bs80k_0089,validation
bs80k_0090,train
bs80k_0091,train
bs80k_0092,train
bs80k_0093,test
bs80k_0094,train
bs80k_0095,train
bs80k_0096,train
bs80k_0097,test
bs80k_0098,train
bs80k_0099,test
bs80k_0100,train
bs80k_0101,train
bs80k_0102,train
bs80k_0103,train
bs80k_0104,train
bs80k_0105,train
bs80k_0106,train
bs80k_0107,train
bs80k_0108,train
bs80k_0109,test
bs80k_0110,train
bs80k_0111,train
bs80k_0112,train
bs80k_0113,train
bs80k_0114,train
bs80k_0115,train
bs80k_0116,train
bs80k_0117,train
bs80k_0118,validation
bs80k_0119,train
bs80k_0120,train
bs80k_0121,train
bs80k_0122,validation
bs80k_0123,train
bs80k_0124,train
bs80k_0125,train
bs80k_0126,train
bs80k_0127,train
bs80k_0128,validation
bs80k_0129,train
bs80k_0130,train
bs80k_0131,train
bs80k_0132,train
bs80k_0133,train
bs80k_0134,train
bs80k_0135,train
bs80k_0136,train
bs80k_0138,train
bs80k_0139,train
bs80k_0140,train
bs80k_0141,train
bs80k_0142,validation
bs80k_0143,train
bs80k_0144,train
bs80k_0145,train
bs80k_0146,train
bs80k_0147,train
bs80k_0148,train
bs80k_0149,train
bs80k_0150,validation
bs80k_0151,train
bs80k_0153,train
bs80k_0154,train
bs80k_0155,test
bs80k_0156,train
bs80k_0157,train
bs80k_0158,train
bs80k_0159,train
bs80k_0160,train
bs80k_0161,validation
bs80k_0162,train
bs80k_0163,train
bs80k_0164,train
bs80k_0165,validation
bs80k_0166,validation
bs80k_0167,test
bs80k_0168,validation
bs80k_0169,validation
bs80k_0170,train
bs80k_0171,train
bs80k_0172,train
bs80k_0173,test
bs80k_0174,train
bs80k_0175,train
bs80k_0176,train
bs80k_0177,train
bs80k_0178,train
bs80k_0179,train
bs80k_0180,train
bs80k_0181,train
bs80k_0182,train
bs80k_0183,train
bs80k_0184,train
bs80k_0185,train
bs80k_0186,train
bs80k_0187,train
bs80k_0188,test
bs80k_0189,validation
bs80k_0190,train
bs80k_0191,train
bs80k_0192,train
bs80k_0193,train
bs80k_0194,validation
bs80k_0195,train
bs80k_0196,validation
bs80k_0197,train
bs80k_0198,train
bs80k_0199,train
bs80k_0200,validation
bs80k_0201,train
bs80k_0202,train
bs80k_0203,train
bs80k_0204,train
bs80k_0205,train
bs80k_0206,train
bs80k_0207,train
bs80k_0208,train
bs80k_0209,train
bs80k_0210,train
bs80k_0211,validation
bs80k_0212,train
bs80k_0213,train
bs80k_0214,train
bs80k_0215,train
bs80k_0216,train
bs80k_0217,validation
bs80k_0218,train
bs80k_0219,train
bs80k_0220,train
bs80k_0221,train
bs80k_0222,train
bs80k_0223,train
bs80k_0224,train
bs80k_0225,train
bs80k_0226,train
bs80k_0227,train
bs80k_0228,train
bs80k_0229,train
bs80k_0230,train
bs80k_0231,train
bs80k_0232,train
bs80k_0233,test
bs80k_0234,train
bs80k_0235,train
bs80k_0236,train
bs80k_0237,train
bs80k_0238,train
bs80k_0239,train
bs80k_0240,train
bs80k_0241,train
bs80k_0242,train
bs80k_0243,train
bs80k_0244,train
bs80k_0245,train
bs80k_0246,train
bs80k_0247,train
bs80k_0248,train
bs80k_0250,train
bs80k_0251,train
bs80k_0252,train
bs80k_0253,train
bs80k_0255,test
bs80k_0256,train
bs80k_0257,train
bs80k_0258,train
bs80k_0259,validation
bs80k_0260,train
bs80k_0261,train
bs80k_0262,train
bs80k_0263,train
bs80k_0264,train
bs80k_0265,train
bs80k_0266,train
bs80k_0267,train
bs80k_0268,train
bs80k_0271,validation
bs80k_0272,train
bs80k_0273,train
bs80k_0275,validation
bs80k_0276,train
bs80k_0278,train
bs80k_0279,train
bs80k_0280,train
bs80k_0281,train
bs80k_0282,validation
bs80k_0283,validation
bs80k_0284,train
bs80k_0285,train
bs80k_0286,train
bs80k_0287,test
bs80k_0288,train
bs80k_0289,test
bs80k_0290,train
bs80k_0291,test
bs80k_0292,train
bs80k_0293,train
bs80k_0294,train
bs80k_0295,train
bs80k_0296,train
bs80k_0297,train
bs80k_0298,test
bs80k_0299,validation
bs80k_0300,train
bs80k_0302,train
bs80k_0303,test
bs80k_0305,train
bs80k_0306,train
bs80k_0307,train
bs80k_0308,test
bs80k_0309,validation
bs80k_0310,train
bs80k_0311,train
bs80k_0312,train
bs80k_0313,train
bs80k_0314,train
bs80k_0318,test
bs80k_0319,train
bs80k_0320,train
bs80k_0321,train
bs80k_0322,train
bs80k_0323,train
bs80k_0324,train
bs80k_0326,train
bs80k_0327,train
bs80k_0328,train
bs80k_0329,train
bs80k_0330,train
bs80k_0331,train
bs80k_0332,test
bs80k_0333,train
bs80k_0334,train
bs80k_0335,train
bs80k_0336,train
bs80k_0337,train
bs80k_0338,validation
bs80k_0339,train
bs80k_0340,train
bs80k_0341,test
bs80k_0342,train
bs80k_0343,validation
bs80k_0344,train
bs80k_0350,train
bs80k_0351,train
bs80k_0352,train
bs80k_0353,train
bs80k_0354,train
bs80k_0355,train
bs80k_0356,test
bs80k_0357,train
bs80k_0358,train
bs80k_0359,train
bs80k_0360,train
bs80k_0361,train
bs80k_0362,test
bs80k_0363,train
bs80k_0364,train
bs80k_0365,train
bs80k_0367,train
bs80k_0368,train
bs80k_0369,validation
bs80k_0370,train
bs80k_0371,train
bs80k_0372,train
bs80k_0373,test
bs80k_0374,train
bs80k_0375,validation
bs80k_0376,train
bs80k_0377,train
bs80k_0378,train
bs80k_0379,validation
bs80k_0380,train
bs80k_0381,train
bs80k_0382,validation
bs80k_0383,train
bs80k_0384,train
bs80k_0385,train
bs80k_0386,train
bs80k_0387,train
bs80k_0388,test
bs80k_0390,train
bs80k_0391,validation
bs80k_0392,train
bs80k_0393,train
bs80k_0394,train
bs80k_0395,train
bs80k_0396,train
bs80k_0397,train
bs80k_0398,train
bs80k_0399,train
bs80k_0400,validation
bs80k_0401,train
bs80k_0402,train
bs80k_0403,train
bs80k_0404,train
bs80k_0405,train
bs80k_0406,train
bs80k_0407,train
bs80k_0408,train
bs80k_0409,train
bs80k_0410,train
bs80k_0411,validation
bs80k_0412,train
bs80k_0413,train
bs80k_0415,train
bs80k_0416,train
bs80k_0417,test
bs80k_0418,train
bs80k_0419,train
bs80k_0420,train
bs80k_0422,train
bs80k_0423,train
bs80k_0426,validation
bs80k_0427,validation
bs80k_0428,validation
bs80k_0429,train
bs80k_0430,test
bs80k_0431,train
bs80k_0432,train
bs80k_0433,train
bs80k_0434,train
bs80k_0435,train
bs80k_0436,train
bs80k_0437,train
bs80k_0438,train
bs80k_0439,test
bs80k_0440,train
bs80k_0441,train
bs80k_0442,train
bs80k_0443,validation
bs80k_0447,train
bs80k_0448,train
bs80k_0449,validation
bs80k_0450,train
bs80k_0452,train
bs80k_0453,train
bs80k_0454,train
bs80k_0455,train
bs80k_0456,validation
bs80k_0457,train
bs80k_0458,train
bs80k_0459,train
bs80k_0460,train
bs80k_0461,test
bs80k_0462,train
bs80k_0463,train
bs80k_0464,train
bs80k_0465,test
bs80k_0466,train
bs80k_0467,train
bs80k_0468,train
bs80k_0469,train
bs80k_0470,test
bs80k_0471,validation
bs80k_0472,train
bs80k_0473,test
bs80k_0474,train
bs80k_0475,test
bs80k_0476,train
bs80k_0477,train
bs80k_0478,train
bs80k_0479,validation
bs80k_0480,train
bs80k_0481,train
bs80k_0482,train
bs80k_0483,test
bs80k_0484,train
bs80k_0485,train
bs80k_0490,train
bs80k_0491,train
bs80k_0492,train
bs80k_0493,test
bs80k_0494,train
bs80k_0495,test
bs80k_0496,validation
bs80k_0497,train
bs80k_0498,train
bs80k_0499,validation
bs80k_0500,train
bs80k_0501,train
bs80k_0502,train
bs80k_0503,train
bs80k_0504,train
bs80k_0505,train
bs80k_0506,train
bs80k_0508,train
bs80k_0509,train
bs80k_0511,train
bs80k_0512,train
bs80k_0513,train
bs80k_0515,train
bs80k_0516,train
bs80k_0517,train
bs80k_0518,validation
bs80k_0519,train
bs80k_0520,train
bs80k_0521,train
bs80k_0522,validation
bs80k_0523,train
bs80k_0524,train
bs80k_0525,validation
bs80k_0526,train
bs80k_0527,train
bs80k_0528,validation
bs80k_0529,train
bs80k_0530,test
bs80k_0531,test
bs80k_0532,train
bs80k_0533,train
bs80k_0534,test
bs80k_0535,train
bs80k_0536,validation
bs80k_0537,train
bs80k_0538,train
bs80k_0539,test
bs80k_0540,train
bs80k_0541,train
bs80k_0542,train
bs80k_0543,validation
bs80k_0544,train
bs80k_0545,train
bs80k_0546,train
bs80k_0547,train
bs80k_0548,train
bs80k_0549,train
bs80k_0550,train
bs80k_0551,train
bs80k_0552,train
bs80k_0553,train
bs80k_0554,train
bs80k_0555,validation
bs80k_0557,train
bs80k_0558,train
bs80k_0559,train
bs80k_0560,train
bs80k_0561,train
bs80k_0562,train
bs80k_0563,train
bs80k_0564,train
bs80k_0565,train
bs80k_0566,test
bs80k_0567,validation
bs80k_0568,validation
bs80k_0569,test
bs80k_0570,train
bs80k_0571,train
bs80k_0572,train
bs80k_0573,train
bs80k_0574,test
bs80k_0575,test
bs80k_0576,test
bs80k_0578,train
bs80k_0579,train
bs80k_0580,train
bs80k_0581,train
bs80k_0582,train
bs80k_0583,train
bs80k_0584,train
bs80k_0585,train
bs80k_0587,train
bs80k_0588,validation
bs80k_0589,train
bs80k_0590,train
bs80k_0591,train
bs80k_0592,train
bs80k_0593,train
bs80k_0594,train
bs80k_0595,train
bs80k_0596,train
bs80k_0597,train
bs80k_0598,test
bs80k_0599,train
bs80k_0600,train
bs80k_0601,train
bs80k_0602,validation
bs80k_0603,train
bs80k_0604,train
bs80k_0605,validation
bs80k_0606,train
bs80k_0607,test
bs80k_0608,validation
bs80k_0609,train
bs80k_0610,train
bs80k_0611,train
bs80k_0612,train
bs80k_0613,validation
bs80k_0614,train
bs80k_0615,train
bs80k_0616,train
bs80k_0617,train
bs80k_0618,train
bs80k_0619,validation
bs80k_0620,validation
bs80k_0621,train
bs80k_0622,train
bs80k_0623,train
bs80k_0624,train
bs80k_0625,train
bs80k_0626,train
bs80k_0627,validation
bs80k_0628,train
bs80k_0629,train
bs80k_0630,train
bs80k_0631,train
bs80k_0632,train
bs80k_0634,train
bs80k_0635,train
bs80k_0636,train
bs80k_0637,train
bs80k_0638,train
bs80k_0639,train
bs80k_0640,train
bs80k_0641,validation
bs80k_0642,train
bs80k_0643,train
bs80k_0645,train
bs80k_0646,train
bs80k_0647,train
bs80k_0648,train
bs80k_0649,test
bs80k_0650,validation
bs80k_0651,train
bs80k_0652,train
bs80k_0653,train
bs80k_0654,train
bs80k_0655,train
bs80k_0656,train
bs80k_0657,train
bs80k_0658,train
bs80k_0659,train
bs80k_0660,train
bs80k_0662,validation
bs80k_0663,train
bs80k_0664,train
bs80k_0665,train
bs80k_0666,validation
bs80k_0667,train
bs80k_0668,train
bs80k_0669,train
bs80k_0670,train
bs80k_0671,train
bs80k_0672,train
bs80k_0673,train
bs80k_0674,train
bs80k_0675,train
bs80k_0677,train
bs80k_0678,train
bs80k_0679,train
bs80k_0680,test
bs80k_0681,train
bs80k_0682,train
bs80k_0683,train
bs80k_0684,train
bs80k_0685,train
bs80k_0686,train
bs80k_0688,train
bs80k_0689,test
bs80k_0690,test
bs80k_0691,train
bs80k_0692,validation
bs80k_0693,validation
bs80k_0694,train
bs80k_0696,train
bs80k_0697,train
bs80k_0698,train
bs80k_0699,validation
bs80k_0700,train
bs80k_0701,train
bs80k_0702,train
bs80k_0703,train
bs80k_0704,train
bs80k_0705,train
bs80k_0706,train
bs80k_0707,train
bs80k_0708,train
bs80k_0711,train
bs80k_0712,test
bs80k_0713,train
bs80k_0714,train
bs80k_0715,train
bs80k_0717,train
bs80k_0720,train
bs80k_0721,validation
bs80k_0723,train
bs80k_0724,test
bs80k_0725,train
bs80k_0726,train
bs80k_0728,train
bs80k_0729,train
bs80k_0730,train
bs80k_0731,test
bs80k_0732,train
bs80k_0736,train
bs80k_0737,train
bs80k_0738,train
bs80k_0739,train
bs80k_0740,train
bs80k_0742,train
bs80k_0743,train
bs80k_0745,train
bs80k_0746,train
bs80k_0748,train
bs80k_0749,test
bs80k_0750,train
bs80k_0751,test
bs80k_0752,validation
bs80k_0754,train
bs80k_0755,train
bs80k_0757,train
bs80k_0758,train
bs80k_0759,train
bs80k_0760,train
bs80k_0761,train
bs80k_0762,train
bs80k_0763,train
bs80k_0764,train
bs80k_0765,train
bs80k_0766,train
bs80k_0767,train
bs80k_0769,train
bs80k_0770,train
bs80k_0771,test
bs80k_0772,validation
bs80k_0773,validation
bs80k_0774,train
bs80k_0775,train
bs80k_0776,train
bs80k_0777,train
bs80k_0781,train
bs80k_0783,validation
bs80k_0784,train
bs80k_0785,train
bs80k_0786,train
bs80k_0787,test
bs80k_0788,train
bs80k_0789,train
bs80k_0790,test
bs80k_0791,train
bs80k_0792,train
bs80k_0793,train
bs80k_0794,validation
bs80k_0795,train
bs80k_0796,train
bs80k_0797,train
bs80k_0798,train
bs80k_0799,train
bs80k_0800,train
bs80k_0801,test
bs80k_0802,train
bs80k_0803,train
bs80k_0804,test
bs80k_0806,train
bs80k_0807,train
bs80k_0808,train
bs80k_0809,train
bs80k_0810,train
bs80k_0811,train
bs80k_0812,train
bs80k_0813,train
bs80k_0814,train
bs80k_0815,train
bs80k_0816,validation
bs80k_0817,train
bs80k_0818,train
bs80k_0819,test
bs80k_0820,train
bs80k_0822,train
bs80k_0823,test
bs80k_0824,train
bs80k_0825,train
bs80k_0826,train
bs80k_0827,train
bs80k_0828,train
bs80k_0829,train
bs80k_0830,train
bs80k_0831,test
bs80k_0832,train
bs80k_0834,train
bs80k_0835,train
bs80k_0836,validation
bs80k_0837,train
bs80k_0838,train
bs80k_0839,train
bs80k_0840,train
bs80k_0841,train
bs80k_0842,train
bs80k_0843,train
bs80k_0844,train
bs80k_0845,train
bs80k_0846,train
bs80k_0847,train
bs80k_0848,train
bs80k_0849,train
bs80k_0850,test
bs80k_0851,train
bs80k_0852,train
bs80k_0853,validation
bs80k_0854,train
bs80k_0855,train
bs80k_0856,train
bs80k_0857,train
bs80k_0858,train
bs80k_0860,validation
bs80k_0861,train
bs80k_0862,train
bs80k_0863,train
bs80k_0864,train
bs80k_0865,train
bs80k_0866,train
bs80k_0867,validation
bs80k_0868,train
bs80k_0869,train
bs80k_0870,train
bs80k_0871,train
bs80k_0872,train
bs80k_0873,train
bs80k_0874,validation
bs80k_0875,train
bs80k_0876,train
bs80k_0877,train
bs80k_0879,validation
bs80k_0880,train
bs80k_0881,validation
bs80k_0882,train
bs80k_0883,test
bs80k_0884,train
bs80k_0885,train
bs80k_0886,train
bs80k_0887,train
bs80k_0888,train
bs80k_0889,train
bs80k_0890,test
bs80k_0891,train
bs80k_0892,train
bs80k_0893,train
bs80k_0894,test
bs80k_0895,train
bs80k_0896,train
bs80k_0897,train
bs80k_0898,validation
bs80k_0900,train
bs80k_0901,train
bs80k_0902,train
bs80k_0903,test
bs80k_0904,train
bs80k_0905,test
bs80k_0906,train
bs80k_0908,validation
bs80k_0909,train
bs80k_0910,train
bs80k_0911,train
bs80k_0912,validation
bs80k_0913,train
bs80k_0914,test
bs80k_0916,train
bs80k_0917,test
bs80k_0918,train
bs80k_0919,train
bs80k_0920,train
bs80k_0921,test
bs80k_0922,train
bs80k_0923,train
bs80k_0924,train
bs80k_0925,train
bs80k_0926,train
bs80k_0927,train
bs80k_0928,test
bs80k_0929,train
bs80k_0930,train
bs80k_0931,train
bs80k_0932,train
bs80k_0933,train
bs80k_0934,train
bs80k_0935,train
bs80k_0936,train
bs80k_0938,train
bs80k_0939,test
bs80k_0940,test
bs80k_0941,train
bs80k_0942,train
bs80k_0943,train
bs80k_0944,train
bs80k_0945,test
bs80k_0946,train
bs80k_0947,train
bs80k_0948,validation
bs80k_0949,train
bs80k_0950,train
bs80k_0951,train
bs80k_0952,train
bs80k_0953,train
bs80k_0955,train
bs80k_0956,train
bs80k_0957,train
bs80k_0958,train
bs80k_0959,train
bs80k_0960,train
bs80k_0961,train
bs80k_0962,train
bs80k_0963,train
bs80k_0964,train
bs80k_0965,validation
bs80k_0966,validation
bs80k_0967,validation
bs80k_0968,train
bs80k_0969,train
bs80k_0970,train
bs80k_0971,train
bs80k_0972,test
bs80k_0973,train
bs80k_0974,train
bs80k_0975,train
bs80k_0976,train
bs80k_0978,train
bs80k_0979,train
bs80k_0980,train
bs80k_0981,validation
bs80k_0982,train
bs80k_0983,validation
bs80k_0984,train
bs80k_0985,train
bs80k_0986,train
bs80k_0989,train
bs80k_0990,test
bs80k_0991,train
bs80k_0993,train
bs80k_0994,train
bs80k_0995,train
bs80k_0996,train
bs80k_0997,train
bs80k_0998,validation
bs80k_0999,train
bs80k_1000,train
bs80k_1001,train
bs80k_1002,train
bs80k_1003,train
bs80k_1004,train
bs80k_1005,train
bs80k_1006,train
bs80k_1007,train
bs80k_1008,train
bs80k_1009,validation
bs80k_1011,train
bs80k_1012,train
bs80k_1013,train
bs80k_1014,validation
bs80k_1016,train
bs80k_1017,train
bs80k_1018,train
bs80k_1019,train
bs80k_1020,train
bs80k_1021,train
bs80k_1022,train
bs80k_1023,validation
bs80k_1024,train
bs80k_1025,train
bs80k_1026,train
bs80k_1027,train
bs80k_1029,train
bs80k_1030,train
bs80k_1031,train
bs80k_1032,train
bs80k_1033,train
bs80k_1034,test
bs80k_1035,test
bs80k_1036,train
bs80k_1037,train
bs80k_1039,train
bs80k_1040,train
bs80k_1041,train
bs80k_1042,train
bs80k_1044,train
bs80k_1045,train
bs80k_1046,train
bs80k_1047,train
bs80k_1048,train
bs80k_1049,test
bs80k_1050,validation
bs80k_1051,train
bs80k_1052,train
bs80k_1053,train
bs80k_1055,validation
bs80k_1056,train
bs80k_1057,train
bs80k_1059,train
bs80k_1060,train
bs80k_1062,train
bs80k_1063,train
bs80k_1064,train
bs80k_1065,train
bs80k_1066,train
bs80k_1067,train
bs80k_1068,train
bs80k_1071,test
bs80k_1072,train
bs80k_1073,train
bs80k_1074,train
bs80k_1075,train
bs80k_1076,train
bs80k_1077,validation
bs80k_1078,train
bs80k_1080,test
bs80k_1081,validation
bs80k_1083,train
bs80k_1084,validation
bs80k_1085,validation
bs80k_1086,train
bs80k_1087,train
bs80k_1088,train
bs80k_1089,train
bs80k_1090,test
bs80k_1091,train
bs80k_1092,train
bs80k_1093,test
bs80k_1094,train
bs80k_1095,train
bs80k_1097,train
bs80k_1098,train
bs80k_1099,train
bs80k_1100,train
bs80k_1101,train
bs80k_1102,train
bs80k_1103,test
bs80k_1104,validation
bs80k_1106,train
bs80k_1107,train
bs80k_1108,train
bs80k_1109,train
bs80k_1110,test
bs80k_1111,train
bs80k_1112,validation
bs80k_1113,train
bs80k_1114,train
bs80k_1115,train
bs80k_1117,train
bs80k_1118,train
bs80k_1119,train
bs80k_1120,test
bs80k_1121,validation
bs80k_1122,train
bs80k_1123,train
bs80k_1124,train
bs80k_1125,train
bs80k_1126,test
bs80k_1127,train
bs80k_1128,train
bs80k_1129,train
bs80k_1130,validation
bs80k_1131,train
bs80k_1132,train
bs80k_1133,train
bs80k_1134,train
bs80k_1135,train
bs80k_1136,train
bs80k_1137,test
bs80k_1138,train
bs80k_1139,validation
bs80k_1140,test
bs80k_1141,train
bs80k_1142,train
bs80k_1143,train
bs80k_1144,test
bs80k_1145,train
bs80k_1146,train
bs80k_1147,train
bs80k_1148,validation
bs80k_1150,test
bs80k_1151,train
bs80k_1152,train
bs80k_1153,train
bs80k_1154,train
bs80k_1155,test
bs80k_1156,train
bs80k_1157,test
bs80k_1158,train
bs80k_1159,train
bs80k_1160,train
bs80k_1161,train
bs80k_1162,train
bs80k_1163,train
bs80k_1164,validation
bs80k_1165,train
bs80k_1166,train
bs80k_1167,validation
bs80k_1168,train
bs80k_1169,train
bs80k_1171,train
bs80k_1174,train
bs80k_1175,train
bs80k_1176,train
bs80k_1177,train
bs80k_1178,train
bs80k_1179,train
bs80k_1180,train
bs80k_1182,train
bs80k_1183,train
bs80k_1184,test
bs80k_1185,validation
bs80k_1186,train
bs80k_1187,train
bs80k_1188,train
bs80k_1189,train
bs80k_1190,train
bs80k_1191,train
bs80k_1192,test
bs80k_1194,train
bs80k_1195,train
bs80k_1196,validation
bs80k_1197,train
bs80k_1198,train
bs80k_1199,train
bs80k_1200,train
bs80k_1201,train
bs80k_1204,train
bs80k_1205,test
bs80k_1206,train
bs80k_1207,train
bs80k_1208,train
bs80k_1209,train
bs80k_1210,train
bs80k_1211,train
bs80k_1212,train
bs80k_1213,train
bs80k_1214,train
bs80k_1215,train
bs80k_1216,train
bs80k_1217,train
bs80k_1218,train
bs80k_1219,train
bs80k_1221,validation
bs80k_1222,train
bs80k_1223,train
bs80k_1224,test
bs80k_1225,train
bs80k_1226,validation
bs80k_1227,train
bs80k_1228,train
bs80k_1229,train
bs80k_1230,validation
bs80k_1231,train
bs80k_1232,train
bs80k_1233,train
bs80k_1234,validation
bs80k_1235,train
bs80k_1236,train
bs80k_1237,train
bs80k_1238,train
bs80k_1239,train
bs80k_1242,train
bs80k_1243,train
bs80k_1244,train
bs80k_1246,train
bs80k_1247,test
bs80k_1248,train
bs80k_1249,train
bs80k_1250,train
bs80k_1252,train
bs80k_1253,train
bs80k_1256,train
bs80k_1257,train
bs80k_1258,train
bs80k_1259,test
bs80k_1260,train
bs80k_1261,train
bs80k_1262,train
bs80k_1263,train
bs80k_1264,train
bs80k_1265,train
bs80k_1266,train
bs80k_1267,train
bs80k_1268,train
bs80k_1269,train
bs80k_1270,train
bs80k_1271,test
bs80k_1272,train
bs80k_1273,train
bs80k_1274,test
bs80k_1275,train
bs80k_1276,train
bs80k_1277,train
bs80k_1278,train
bs80k_1279,train
bs80k_1280,train
bs80k_1281,train
bs80k_1282,train
bs80k_1283,train
bs80k_1284,train
bs80k_1285,train
bs80k_1286,test
bs80k_1287,train
bs80k_1288,train
bs80k_1289,train
bs80k_1290,train
bs80k_1292,train
bs80k_1293,validation
bs80k_1294,train
bs80k_1295,test
bs80k_1296,test
bs80k_1298,train
bs80k_1299,train
bs80k_1300,train
bs80k_1301,validation
bs80k_1302,train
bs80k_1303,train
bs80k_1304,train
bs80k_1305,train
bs80k_1306,train
bs80k_1307,train
bs80k_1308,train
bs80k_1309,test
bs80k_1310,train
bs80k_1311,train
bs80k_1312,train
bs80k_1314,validation
bs80k_1315,test
bs80k_1316,validation
bs80k_1317,train
bs80k_1318,train
bs80k_1319,train
bs80k_1320,train
bs80k_1321,train
bs80k_1322,train
bs80k_1323,train
bs80k_1324,train
bs80k_1325,train
bs80k_1326,test
bs80k_1327,test
bs80k_1328,train
bs80k_1329,train
bs80k_1330,validation
bs80k_1331,train
bs80k_1332,train
bs80k_1333,train
bs80k_1335,train
bs80k_1336,test
bs80k_1337,train
bs80k_1338,train
bs80k_1339,train
bs80k_1341,train
bs80k_1342,train
bs80k_1343,train
bs80k_1344,train
bs80k_1345,train
bs80k_1346,validation
bs80k_1347,train
bs80k_1348,train
bs80k_1349,train
bs80k_1350,train
bs80k_1352,validation
bs80k_1353,train
bs80k_1354,train
bs80k_1355,train
bs80k_1356,train
bs80k_1357,validation
bs80k_1358,train
bs80k_1359,test
bs80k_1360,train
bs80k_1361,train
bs80k_1362,train
bs80k_1363,train
bs80k_1364,test
bs80k_1365,train
bs80k_1366,train
bs80k_1367,train
bs80k_1368,validation
bs80k_1369,train
bs80k_1370,train
bs80k_1371,test
bs80k_1372,validation
bs80k_1373,train
bs80k_1374,train
bs80k_1375,train
bs80k_1376,train
bs80k_1377,train
bs80k_1378,validation
bs80k_1379,train
bs80k_1380,train
bs80k_1381,train
bs80k_1382,train
bs80k_1383,train
bs80k_1385,train
bs80k_1386,train
bs80k_1387,train
bs80k_1389,train
bs80k_1390,train
bs80k_1391,train
bs80k_1392,train
bs80k_1393,train
bs80k_1394,train
bs80k_1395,train
bs80k_1396,validation
bs80k_1397,train
bs80k_1398,train
bs80k_1400,validation
bs80k_1401,test
bs80k_1402,train
bs80k_1403,test
bs80k_1404,train
bs80k_1405,train
bs80k_1406,train
bs80k_1407,train
bs80k_1408,validation
bs80k_1409,test
bs80k_1410,train
bs80k_1411,train
bs80k_1412,train
bs80k_1413,train
bs80k_1414,train
bs80k_1415,train
bs80k_1417,validation
bs80k_1418,train
bs80k_1420,test
bs80k_1421,train
bs80k_1422,train
bs80k_1423,validation
bs80k_1424,train
bs80k_1425,train
bs80k_1426,train
bs80k_1427,train
bs80k_1428,train
bs80k_1429,train
bs80k_1431,train
bs80k_1432,test
bs80k_1433,validation
bs80k_1434,train
bs80k_1435,train
bs80k_1436,train
bs80k_1437,train
bs80k_1438,train
bs80k_1439,train
bs80k_1440,test
bs80k_1441,test
bs80k_1442,validation
bs80k_1443,train
bs80k_1444,train
bs80k_1445,train
bs80k_1446,train
bs80k_1447,validation
bs80k_1448,train
bs80k_1449,test
bs80k_1450,train
bs80k_1451,train
bs80k_1452,train
bs80k_1454,train
bs80k_1455,train
bs80k_1456,train
bs80k_1458,train
bs80k_1459,train
bs80k_1460,train
bs80k_1461,train
bs80k_1462,train
bs80k_1463,train
bs80k_1464,train
bs80k_1465,train
bs80k_1466,train
bs80k_1467,train
bs80k_1468,train
bs80k_1469,train
bs80k_1470,train
bs80k_1471,train
bs80k_1472,train
bs80k_1473,train
bs80k_1475,validation
bs80k_1476,train
bs80k_1478,validation
bs80k_1479,train
bs80k_1480,validation
bs80k_1481,train
bs80k_1482,test
bs80k_1483,train
bs80k_1484,train
bs80k_1485,test
bs80k_1486,train
bs80k_1487,train
bs80k_1488,train
bs80k_1489,train
bs80k_1490,train
bs80k_1491,validation
bs80k_1493,test
bs80k_1494,train
bs80k_1495,test
bs80k_1496,train
bs80k_1497,train
bs80k_1498,train
bs80k_1499,train
bs80k_1500,train
bs80k_1501,test
bs80k_1502,train
bs80k_1503,train
bs80k_1504,train
bs80k_1505,train
bs80k_1506,train
bs80k_1507,validation
bs80k_1508,train
bs80k_1509,validation
bs80k_1511,train
bs80k_1513,validation
bs80k_1514,train
bs80k_1515,test
bs80k_1516,train
bs80k_1517,train
bs80k_1518,train
bs80k_1519,train
bs80k_1520,train
bs80k_1521,train
bs80k_1523,train
bs80k_1524,train
bs80k_1526,train
bs80k_1527,test
bs80k_1528,test
bs80k_1529,train
bs80k_1530,test
bs80k_1531,train
bs80k_1532,train
bs80k_1533,train
bs80k_1534,train
bs80k_1535,train
bs80k_1536,validation
bs80k_1539,train
bs80k_1540,train
bs80k_1541,train
bs80k_1542,train
bs80k_1543,train
bs80k_1544,test
bs80k_1545,test
bs80k_1546,train
bs80k_1547,train
bs80k_1548,train
bs80k_1549,test
bs80k_1550,train
bs80k_1552,train
bs80k_1553,train
bs80k_1554,train
bs80k_1555,train
bs80k_1556,train
bs80k_1557,test
bs80k_1558,train
bs80k_1559,train
bs80k_1560,train
bs80k_1561,train
bs80k_1562,train
bs80k_1563,train
bs80k_1564,train
bs80k_1565,train
bs80k_1566,train
bs80k_1567,train
bs80k_1569,train
bs80k_1570,train
bs80k_1571,train
bs80k_1572,validation
bs80k_1573,train
bs80k_1574,train
bs80k_1575,train
bs80k_1576,train
bs80k_1577,train
bs80k_1578,train
bs80k_1579,train
bs80k_1580,test
bs80k_1584,train
bs80k_1586,train
bs80k_1587,train
bs80k_1588,train
bs80k_1589,train
bs80k_1590,validation
bs80k_1591,train
bs80k_1592,train
bs80k_1594,train
bs80k_1596,train
bs80k_1597,train
bs80k_1598,train
bs80k_1599,train
bs80k_1600,train
bs80k_1601,train
bs80k_1602,train
bs80k_1603,train
bs80k_1604,train
bs80k_1605,train
bs80k_1606,train
bs80k_1607,train
bs80k_1608,train
bs80k_1609,validation
bs80k_1610,train
bs80k_1611,train
bs80k_1612,train
bs80k_1613,train
bs80k_1614,train
bs80k_1615,train
bs80k_1616,train
bs80k_1617,train
bs80k_1618,train
bs80k_1620,train
bs80k_1621,train
bs80k_1622,train
bs80k_1623,train
bs80k_1624,train
bs80k_1625,train
bs80k_1626,train
bs80k_1628,train
bs80k_1629,train
bs80k_1631,train
bs80k_1632,train
bs80k_1634,train
bs80k_1635,train
bs80k_1636,train
bs80k_1637,train
bs80k_1638,train
bs80k_1639,train
bs80k_1640,train
bs80k_1641,train
bs80k_1642,train
bs80k_1643,train
bs80k_1644,train
bs80k_1645,train
bs80k_1646,train
bs80k_1647,test
bs80k_1648,train
bs80k_1649,train
bs80k_1650,train
bs80k_1651,train
bs80k_1652,train
bs80k_1655,test
bs80k_1656,train
bs80k_1657,test
bs80k_1658,test
bs80k_1659,train
bs80k_1660,train
bs80k_1661,train
bs80k_1662,train
bs80k_1663,test
bs80k_1664,train
bs80k_1665,validation
bs80k_1666,train
bs80k_1667,train
bs80k_1668,train
bs80k_1669,train
bs80k_1670,train
bs80k_1671,train
bs80k_1672,train
bs80k_1673,train
bs80k_1675,test
bs80k_1676,train
bs80k_1677,test
bs80k_1678,test
bs80k_1679,test
bs80k_1680,train
bs80k_1681,test
bs80k_1682,validation
bs80k_1683,test
bs80k_1684,train
bs80k_1685,test
bs80k_1686,train
bs80k_1687,train
bs80k_1688,train
bs80k_1689,train
bs80k_1690,train
bs80k_1691,validation
bs80k_1692,train
bs80k_1694,train
bs80k_1695,train
bs80k_1696,validation
bs80k_1697,test
bs80k_1698,train
bs80k_1699,train
bs80k_1700,validation
bs80k_1701,validation
bs80k_1702,test
bs80k_1703,train
bs80k_1704,test
bs80k_1705,validation
bs80k_1706,train
bs80k_1707,train
bs80k_1708,validation
bs80k_1709,train
bs80k_1710,train
bs80k_1711,train
bs80k_1712,train
bs80k_1713,test
bs80k_1714,train
bs80k_1715,train
bs80k_1717,test
bs80k_1718,train
bs80k_1720,train
bs80k_1721,train
bs80k_1722,train
bs80k_1723,validation
bs80k_1724,train
bs80k_1725,train
bs80k_1726,test
bs80k_1727,test
bs80k_1728,train
bs80k_1729,train
bs80k_1730,validation
bs80k_1731,train
bs80k_1732,validation
bs80k_1733,validation
bs80k_1734,train
bs80k_1735,train
bs80k_1736,train
bs80k_1738,train
bs80k_1739,validation
bs80k_1740,train
bs80k_1741,train
bs80k_1742,train
bs80k_1743,train
bs80k_1744,train
bs80k_1745,train
bs80k_1746,train
bs80k_1748,train
bs80k_1749,train
bs80k_1750,validation
bs80k_1751,test
bs80k_1752,validation
bs80k_1753,train
bs80k_1754,train
bs80k_1755,train
bs80k_1757,train
bs80k_1758,train
bs80k_1759,test
bs80k_1760,train
bs80k_1761,train
bs80k_1762,train
bs80k_1764,train
bs80k_1765,train
bs80k_1766,train
bs80k_1767,train
bs80k_1768,test
bs80k_1769,train
bs80k_1771,train
bs80k_1772,train
bs80k_1773,train
bs80k_1774,train
bs80k_1775,validation
bs80k_1776,train
bs80k_1777,train
bs80k_1779,train
bs80k_1780,train
bs80k_1781,test
bs80k_1783,train
bs80k_1784,test
bs80k_1785,train
bs80k_1786,train
bs80k_1787,test
bs80k_1788,train
bs80k_1789,train
bs80k_1790,train
bs80k_1791,test
bs80k_1792,train
bs80k_1793,train
bs80k_1794,test
bs80k_1795,train
bs80k_1796,train
bs80k_1797,train
bs80k_1798,train
bs80k_1799,train
bs80k_1800,train
bs80k_1802,train
bs80k_1803,train
bs80k_1804,train
bs80k_1805,train
bs80k_1806,train
bs80k_1807,train
bs80k_1808,train
bs80k_1809,train
bs80k_1811,train
bs80k_1812,test
bs80k_1813,train
bs80k_1814,train
bs80k_1815,train
bs80k_1816,train
bs80k_1817,train
bs80k_1818,train
bs80k_1819,train
bs80k_1820,train
bs80k_1821,test
bs80k_1822,train
bs80k_1823,train
bs80k_1824,test
bs80k_1827,train
bs80k_1828,train
bs80k_1829,train
bs80k_1830,train
bs80k_1831,train
bs80k_1832,train
bs80k_1833,train
bs80k_1834,validation
bs80k_1835,train
bs80k_1836,train
bs80k_1837,test
bs80k_1838,train
bs80k_1839,train
bs80k_1840,train
bs80k_1841,train
bs80k_1842,train
bs80k_1843,train
bs80k_1845,test
bs80k_1846,train
bs80k_1847,train
bs80k_1848,train
bs80k_1849,train
bs80k_1850,train
bs80k_1851,train
bs80k_1853,train
bs80k_1854,train
bs80k_1855,train
bs80k_1856,train
bs80k_1857,train
bs80k_1858,train
bs80k_1859,train
bs80k_1860,train
bs80k_1861,train
bs80k_1862,train
bs80k_1864,train
bs80k_1865,test
bs80k_1866,train
bs80k_1867,train
bs80k_1868,train
bs80k_1869,train
bs80k_1870,train
bs80k_1871,train
bs80k_1873,train
bs80k_1874,train
bs80k_1876,train
bs80k_1877,train
bs80k_1878,train
bs80k_1879,validation
bs80k_1880,train
bs80k_1881,train
bs80k_1882,train
bs80k_1886,train
bs80k_1887,train
bs80k_1888,train
bs80k_1891,train
bs80k_1892,validation
bs80k_1893,train
bs80k_1895,train
bs80k_1896,validation
bs80k_1897,train
bs80k_1898,train
bs80k_1899,train
bs80k_1900,train
bs80k_1901,train
bs80k_1902,test
bs80k_1903,train
bs80k_1904,validation
bs80k_1905,train
bs80k_1906,train
bs80k_1907,train
bs80k_1908,validation
bs80k_1909,validation
bs80k_1910,validation
bs80k_1912,test
bs80k_1913,validation
bs80k_1914,test
bs80k_1915,train
bs80k_1916,train
bs80k_1917,train
bs80k_1918,train
bs80k_1919,test
bs80k_1920,train
bs80k_1921,train
bs80k_1922,validation
bs80k_1923,validation
bs80k_1924,train
bs80k_1925,train
bs80k_1926,train
bs80k_1927,train
bs80k_1928,train
bs80k_1929,train
bs80k_1930,validation
bs80k_1932,train
bs80k_1933,validation
bs80k_1934,validation
bs80k_1936,train
bs80k_1937,train
bs80k_1938,train
bs80k_1940,train
bs80k_1942,train
bs80k_1943,train
bs80k_1944,train
bs80k_1946,train
bs80k_1947,train
bs80k_1948,train
bs80k_1949,train
bs80k_1950,train
bs80k_1951,train
bs80k_1952,train
bs80k_1953,train
bs80k_1954,train
bs80k_1955,train
bs80k_1956,train
bs80k_1957,validation
bs80k_1958,train
bs80k_1959,train
bs80k_1960,train
bs80k_1961,train
bs80k_1962,train
bs80k_1963,train
bs80k_1964,train
bs80k_1965,train
bs80k_1966,train
bs80k_1968,train
bs80k_1970,test
bs80k_1971,train
bs80k_1972,train
bs80k_1973,train
bs80k_1974,train
bs80k_1975,train
bs80k_1976,train
bs80k_1977,validation
bs80k_1978,train
bs80k_1979,train
bs80k_1980,train
bs80k_1981,train
bs80k_1982,train
bs80k_1983,train
bs80k_1984,train
bs80k_1987,train
bs80k_1988,validation
bs80k_1989,train
bs80k_1990,train
bs80k_1991,train
bs80k_1992,train
bs80k_1994,train
bs80k_1996,train
bs80k_1997,validation
bs80k_1999,test
bs80k_2000,train
bs80k_2001,train
bs80k_2002,train
bs80k_2003,train
bs80k_2004,test
bs80k_2005,train
bs80k_2006,train
bs80k_2008,train
bs80k_2009,train
bs80k_2010,train
bs80k_2012,train
bs80k_2013,train
bs80k_2017,train
bs80k_2019,test
bs80k_2020,train
bs80k_2021,train
bs80k_2022,validation
bs80k_2023,train
bs80k_2024,train
bs80k_2026,train
bs80k_2027,train
bs80k_2028,train
bs80k_2029,train
bs80k_2030,train
bs80k_2031,train
bs80k_2034,validation
bs80k_2035,train
bs80k_2036,train
bs80k_2037,train
bs80k_2040,train
bs80k_2041,validation
bs80k_2042,validation
bs80k_2043,train
bs80k_2044,train
bs80k_2045,train
bs80k_2046,train
bs80k_2047,train
bs80k_2049,train
bs80k_2050,train
bs80k_2051,train
bs80k_2052,train
bs80k_2053,train
bs80k_2055,train
bs80k_2056,train
bs80k_2057,train
bs80k_2058,test
bs80k_2059,train
bs80k_2060,train
bs80k_2061,train
bs80k_2062,train
bs80k_2063,validation
bs80k_2064,train
bs80k_2066,train
bs80k_2067,train
bs80k_2070,train
bs80k_2071,train
bs80k_2072,train
bs80k_2073,train
bs80k_2074,train
bs80k_2075,train
bs80k_2076,train
bs80k_2077,train
bs80k_2079,train
bs80k_2080,train
bs80k_2081,train
bs80k_2083,train
bs80k_2084,validation
bs80k_2085,validation
bs80k_2086,train
bs80k_2087,test
bs80k_2088,train
bs80k_2089,train
bs80k_2090,train
bs80k_2091,train
bs80k_2092,test
bs80k_2093,train
bs80k_2094,train
bs80k_2095,train
bs80k_2096,train
bs80k_2097,train
bs80k_2099,train
bs80k_2100,train
bs80k_2101,train
bs80k_2102,train
bs80k_2103,train
bs80k_2105,test
bs80k_2106,validation
bs80k_2107,train
bs80k_2108,train
bs80k_2109,test
bs80k_2110,test
bs80k_2111,validation
bs80k_2112,train
bs80k_2114,train
bs80k_2115,train
bs80k_2116,train
bs80k_2117,train
bs80k_2119,train
bs80k_2120,train
bs80k_2121,train
bs80k_2122,test
bs80k_2123,train
bs80k_2124,train
bs80k_2125,train
bs80k_2126,test
bs80k_2127,train
bs80k_2128,train
bs80k_2129,train
bs80k_2130,train
bs80k_2131,train
bs80k_2132,train
bs80k_2133,train
bs80k_2134,train
bs80k_2135,train
bs80k_2136,train
bs80k_2137,train
bs80k_2138,train
bs80k_2139,train
bs80k_2140,train
bs80k_2141,train
bs80k_2142,train
bs80k_2143,train
bs80k_2144,train
bs80k_2146,train
bs80k_2147,train
bs80k_2148,train
bs80k_2149,train
bs80k_2151,train
bs80k_2152,train
bs80k_2153,validation
bs80k_2156,validation
bs80k_2157,validation
bs80k_2158,train
bs80k_2159,train
bs80k_2160,train
bs80k_2161,train
bs80k_2162,train
bs80k_2163,train
bs80k_2164,validation
bs80k_2165,validation
bs80k_2167,test
bs80k_2168,validation
bs80k_2169,train
bs80k_2170,test
bs80k_2171,train
bs80k_2172,test
bs80k_2173,train
bs80k_2174,train
bs80k_2175,train
bs80k_2176,train
bs80k_2177,train
bs80k_2178,train
bs80k_2180,train
bs80k_2181,train
bs80k_2182,train
bs80k_2183,train
bs80k_2184,test
bs80k_2185,train
bs80k_2188,test
bs80k_2189,validation
bs80k_2190,train
bs80k_2191,train
bs80k_2192,train
bs80k_2193,train
bs80k_2195,train
bs80k_2196,train
bs80k_2197,train
bs80k_2198,train
bs80k_2199,train
bs80k_2201,train
bs80k_2202,train
bs80k_2203,train
bs80k_2204,train
bs80k_2205,train
bs80k_2207,train
bs80k_2208,train
bs80k_2209,test
bs80k_2210,train
bs80k_2211,validation
bs80k_2213,train
bs80k_2214,train
bs80k_2215,test
bs80k_2216,train
bs80k_2217,test
bs80k_2218,train
bs80k_2219,train
bs80k_2220,validation
bs80k_2221,train
bs80k_2222,train
bs80k_2223,validation
bs80k_2224,test
bs80k_2225,train
bs80k_2226,train
bs80k_2227,train
bs80k_2228,train
bs80k_2229,train
bs80k_2231,train
bs80k_2232,train
bs80k_2233,train
bs80k_2234,train
bs80k_2236,validation
bs80k_2239,train
bs80k_2240,train
bs80k_2241,train
bs80k_2242,test
bs80k_2243,train
bs80k_2244,train
bs80k_2245,train
bs80k_2246,train
bs80k_2247,train
bs80k_2249,train
bs80k_2250,train
bs80k_2251,train
bs80k_2252,train
bs80k_2254,train
bs80k_2256,train
bs80k_2257,train
bs80k_2258,train
bs80k_2259,train
bs80k_2260,train
bs80k_2261,train
bs80k_2262,train
bs80k_2263,train
bs80k_2264,train
bs80k_2265,test
bs80k_2266,train
bs80k_2267,train
bs80k_2268,train
bs80k_2269,train
bs80k_2270,train
bs80k_2271,train
bs80k_2272,validation
bs80k_2273,validation
bs80k_2274,test
bs80k_2275,train
bs80k_2276,validation
bs80k_2278,train
bs80k_2279,train
bs80k_2280,train
bs80k_2281,train
bs80k_2282,validation
bs80k_2283,train
bs80k_2284,train
bs80k_2285,train
bs80k_2286,train
bs80k_2287,train
bs80k_2288,train
bs80k_2290,train
bs80k_2291,train
bs80k_2292,train
bs80k_2294,validation
bs80k_2295,train
bs80k_2296,train
bs80k_2297,test
bs80k_2298,train
bs80k_2299,train
bs80k_2301,validation
bs80k_2302,train
bs80k_2303,train
bs80k_2304,train
bs80k_2306,train
bs80k_2307,train
bs80k_2308,train
bs80k_2309,train
bs80k_2311,train
bs80k_2312,train
bs80k_2313,train
bs80k_2314,train
bs80k_2315,train
bs80k_2316,test
bs80k_2318,train
bs80k_2319,test
bs80k_2320,train
bs80k_2321,train
bs80k_2322,test
bs80k_2323,train
bs80k_2325,test
bs80k_2326,train
bs80k_2327,train
bs80k_2328,train
bs80k_2329,train
bs80k_2330,train
bs80k_2331,train
bs80k_2332,validation
bs80k_2333,train
bs80k_2335,train
bs80k_2336,test
bs80k_2337,train
bs80k_2338,train
bs80k_2339,train
bs80k_2340,train
bs80k_2341,validation
bs80k_2342,train
bs80k_2343,validation
bs80k_2344,train
bs80k_2345,validation
bs80k_2346,train
bs80k_2347,train
bs80k_2349,train
bs80k_2350,train
bs80k_2351,test
bs80k_2352,train
bs80k_2353,train
bs80k_2354,train
bs80k_2355,train
bs80k_2356,train
bs80k_2357,train
bs80k_2358,train
bs80k_2359,train
bs80k_2360,train
bs80k_2361,test
bs80k_2362,train
bs80k_2363,train
bs80k_2364,train
bs80k_2365,train
bs80k_2366,train
bs80k_2367,train
bs80k_2369,train
bs80k_2370,train
bs80k_2371,train
bs80k_2372,train
bs80k_2373,validation
bs80k_2374,train
bs80k_2375,train
bs80k_2377,train
bs80k_2378,train
bs80k_2379,validation
bs80k_2380,train
bs80k_2381,train
bs80k_2382,train
bs80k_2383,train
bs80k_2387,train
bs80k_2388,train
bs80k_2389,train
bs80k_2390,train
bs80k_2391,train
bs80k_2392,validation
bs80k_2394,train
bs80k_2395,train
bs80k_2396,test
bs80k_2397,train
bs80k_2398,train
bs80k_2399,validation
bs80k_2400,test
bs80k_2401,train
bs80k_2402,validation
bs80k_2403,test
bs80k_2405,train
bs80k_2406,train
bs80k_2407,train
bs80k_2408,train
bs80k_2409,train
bs80k_2410,train
bs80k_2411,train
bs80k_2412,test
bs80k_2413,train
bs80k_2414,train
bs80k_2415,train
bs80k_2416,train
bs80k_2417,test
bs80k_2418,train
bs80k_2419,train
bs80k_2420,train
bs80k_2422,train
bs80k_2423,train
bs80k_2424,train
bs80k_2425,train
bs80k_2426,train
bs80k_2427,train
bs80k_2429,train
bs80k_2430,train
bs80k_2431,train
bs80k_2432,train
bs80k_2433,train
bs80k_2434,train
bs80k_2435,train
bs80k_2436,validation
bs80k_2437,train
bs80k_2438,test
bs80k_2439,train
bs80k_2440,train
bs80k_2441,train
bs80k_2442,train
bs80k_2443,train
bs80k_2444,train
bs80k_2445,train
bs80k_2448,train
bs80k_2449,train
bs80k_2450,train
bs80k_2451,train
bs80k_2452,validation
bs80k_2453,train
bs80k_2454,train
bs80k_2455,train
bs80k_2456,train
bs80k_2457,train
bs80k_2458,validation
bs80k_2459,train
bs80k_2460,validation
bs80k_2461,train
bs80k_2463,train
bs80k_2464,train
bs80k_2465,test
bs80k_2466,train
bs80k_2467,validation
bs80k_2468,train
bs80k_2469,train
bs80k_2470,test
bs80k_2471,train
bs80k_2472,train
bs80k_2473,train
bs80k_2474,train
bs80k_2475,train
bs80k_2476,train
bs80k_2477,test
bs80k_2479,validation
bs80k_2480,train
bs80k_2481,train
bs80k_2482,test
bs80k_2483,train
bs80k_2484,train
bs80k_2485,train
bs80k_2486,train
bs80k_2487,train
bs80k_2488,train
bs80k_2490,validation
bs80k_2491,test
bs80k_2492,train
bs80k_2494,validation
bs80k_2495,train
bs80k_2496,train
bs80k_2497,train
bs80k_2498,train
bs80k_2499,train
bs80k_2500,train
bs80k_2501,train
bs80k_2502,train
bs80k_2503,validation
bs80k_2504,train
bs80k_2505,train
bs80k_2506,train
bs80k_2507,train
bs80k_2508,test
bs80k_2510,train
bs80k_2511,test
bs80k_2513,train
bs80k_2514,train
bs80k_2515,validation
bs80k_2517,train
bs80k_2518,test
bs80k_2519,train
bs80k_2520,train
bs80k_2521,validation
bs80k_2524,train
bs80k_2525,train
bs80k_2526,train
bs80k_2527,train
bs80k_2528,train
bs80k_2529,train
bs80k_2530,train
bs80k_2531,train
bs80k_2532,train
bs80k_2533,train
bs80k_2535,validation
bs80k_2536,validation
bs80k_2537,train
bs80k_2538,train
bs80k_2539,train
bs80k_2541,train
bs80k_2542,train
bs80k_2543,train
bs80k_2544,train
bs80k_2545,train
bs80k_2546,train
bs80k_2547,train
bs80k_2548,train
bs80k_2549,train
bs80k_2550,train
bs80k_2551,train
bs80k_2552,validation
bs80k_2553,train
bs80k_2554,train
bs80k_2555,train
bs80k_2556,validation
bs80k_2557,train
bs80k_2558,train
bs80k_2559,test
bs80k_2560,train
bs80k_2561,test
bs80k_2562,train
bs80k_2563,train
bs80k_2564,train
bs80k_2565,train
bs80k_2566,train
bs80k_2567,validation
bs80k_2568,train
bs80k_2570,train
bs80k_2571,train
bs80k_2572,train
bs80k_2573,train
bs80k_2575,train
bs80k_2576,train
bs80k_2577,validation
bs80k_2578,test
bs80k_2579,train
bs80k_2580,train
bs80k_2581,train
bs80k_2582,test
bs80k_2583,train
bs80k_2584,train
bs80k_2586,train
bs80k_2587,train
bs80k_2588,train
bs80k_2589,train
bs80k_2590,train
bs80k_2591,train
bs80k_2592,train
bs80k_2593,validation
bs80k_2595,train
bs80k_2596,train
bs80k_2598,train
bs80k_2599,train
bs80k_2600,train
bs80k_2601,train
bs80k_2602,test
bs80k_2603,train
bs80k_2604,train
bs80k_2605,train
bs80k_2606,train
bs80k_2607,train
bs80k_2608,train
bs80k_2609,train
bs80k_2610,train
bs80k_2611,test
bs80k_2612,train
bs80k_2613,train
bs80k_2614,train
bs80k_2615,test
bs80k_2616,train
bs80k_2617,train
bs80k_2618,validation
bs80k_2619,train
bs80k_2620,train
bs80k_2621,train
bs80k_2622,train
bs80k_2623,test
bs80k_2624,validation
bs80k_2625,train
bs80k_2626,test
bs80k_2627,train
bs80k_2628,test
bs80k_2629,train
bs80k_2630,train
bs80k_2631,test
bs80k_2632,test
bs80k_2633,train
bs80k_2634,train
bs80k_2635,train
bs80k_2637,train
bs80k_2638,train
bs80k_2639,train
bs80k_2640,train
bs80k_2641,train
bs80k_2642,train
bs80k_2643,train
bs80k_2644,train
bs80k_2645,test
bs80k_2646,train
bs80k_2647,train
bs80k_2648,train
bs80k_2649,train
bs80k_2650,train
bs80k_2651,test
bs80k_2652,train
bs80k_2653,train
bs80k_2654,train
bs80k_2655,train
bs80k_2656,train
bs80k_2657,train
bs80k_2658,train
bs80k_2660,train
bs80k_2662,validation
bs80k_2663,train
bs80k_2664,train
bs80k_2665,train
bs80k_2666,test
bs80k_2667,train
bs80k_2668,train
bs80k_2669,train
bs80k_2670,train
bs80k_2671,train
bs80k_2672,train
bs80k_2675,train
bs80k_2676,train
bs80k_2677,train
bs80k_2678,test
bs80k_2679,validation
bs80k_2680,train
bs80k_2682,train
bs80k_2683,test
bs80k_2684,train
bs80k_2685,train
bs80k_2686,train
bs80k_2687,train
bs80k_2688,train
bs80k_2690,train
bs80k_2691,train
bs80k_2692,train
bs80k_2693,train
bs80k_2694,test
bs80k_2695,train
bs80k_2696,validation
bs80k_2697,validation
bs80k_2698,test
bs80k_2699,train
bs80k_2700,train
bs80k_2701,train
bs80k_2702,train
bs80k_2703,train
bs80k_2704,train
bs80k_2705,validation
bs80k_2706,train
bs80k_2707,train
bs80k_2708,train
bs80k_2709,train
bs80k_2710,train
bs80k_2711,train
bs80k_2712,train
bs80k_2713,train
bs80k_2714,test
bs80k_2715,train
bs80k_2716,train
bs80k_2717,train
bs80k_2718,train
bs80k_2719,train
bs80k_2720,train
bs80k_2721,train
bs80k_2722,train
bs80k_2723,train
bs80k_2724,train
bs80k_2725,train
bs80k_2726,validation
bs80k_2727,train
bs80k_2728,train
bs80k_2729,test
bs80k_2731,train
bs80k_2732,train
bs80k_2733,train
bs80k_2734,test
bs80k_2735,train
bs80k_2736,train
bs80k_2737,train
bs80k_2739,train
bs80k_2740,test
bs80k_2743,train
bs80k_2744,train
bs80k_2745,train
bs80k_2746,train
bs80k_2747,train
bs80k_2748,train
bs80k_2749,validation
bs80k_2750,train
bs80k_2751,train
bs80k_2752,train
bs80k_2753,train
bs80k_2754,test
bs80k_2755,train
bs80k_2756,train
bs80k_2757,train
bs80k_2759,test
bs80k_2761,validation
bs80k_2762,train
bs80k_2764,train
bs80k_2765,train
bs80k_2766,train
bs80k_2767,train
bs80k_2769,train
bs80k_2771,train
bs80k_2772,train
bs80k_2773,train
bs80k_2774,validation
bs80k_2775,train
bs80k_2776,train
bs80k_2777,train
bs80k_2779,train
bs80k_2780,train
bs80k_2781,test
bs80k_2782,train
bs80k_2783,test
bs80k_2784,test
bs80k_2785,train
bs80k_2787,train
bs80k_2788,train
bs80k_2789,train
bs80k_2790,train
bs80k_2791,train
bs80k_2792,train
bs80k_2793,validation
bs80k_2794,train
bs80k_2795,train
bs80k_2796,train
bs80k_2797,train
bs80k_2798,validation
bs80k_2799,test
bs80k_2801,train
bs80k_2802,validation
bs80k_2803,train
bs80k_2804,train
bs80k_2805,validation
bs80k_2806,train
bs80k_2807,train
bs80k_2809,train
bs80k_2811,train
bs80k_2812,train
bs80k_2813,train
bs80k_2814,train
bs80k_2817,train
bs80k_2818,train
bs80k_2819,validation
bs80k_2820,validation
bs80k_2821,train
bs80k_2822,train
bs80k_2823,train
bs80k_2824,train
bs80k_2825,test
bs80k_2826,train
bs80k_2827,train
bs80k_2828,train
bs80k_2829,train
bs80k_2830,train
bs80k_2831,train
bs80k_2832,train
bs80k_2833,train
bs80k_2834,train
bs80k_2835,test
bs80k_2837,validation
bs80k_2838,validation
bs80k_2839,test
bs80k_2840,train
bs80k_2841,train
bs80k_2842,train
bs80k_2843,train
bs80k_2844,train
bs80k_2845,train
bs80k_2846,test
bs80k_2847,train
bs80k_2848,train
bs80k_2850,train
bs80k_2851,validation
bs80k_2854,train
bs80k_2855,train
bs80k_2856,train
bs80k_2857,train
bs80k_2858,train
bs80k_2859,train
bs80k_2860,validation
bs80k_2862,test
bs80k_2863,train
bs80k_2864,train
bs80k_2865,train
bs80k_2866,test
bs80k_2867,test
bs80k_2868,train
bs80k_2869,train
bs80k_2870,validation
bs80k_2871,train
bs80k_2872,train
bs80k_2873,train
bs80k_2875,train
bs80k_2876,train
bs80k_2877,train
bs80k_2878,train
bs80k_2879,train
bs80k_2880,train
bs80k_2881,train
bs80k_2883,train
bs80k_2884,train
bs80k_2885,train
bs80k_2886,train
bs80k_2887,train
bs80k_2888,test
bs80k_2890,train
bs80k_2891,train
bs80k_2892,train
bs80k_2893,train
bs80k_2894,train
bs80k_2896,validation
bs80k_2897,validation
bs80k_2898,train
bs80k_2899,train
bs80k_2901,train
bs80k_2902,train
bs80k_2903,train
bs80k_2904,train
bs80k_2905,train
bs80k_2906,train
bs80k_2907,train
bs80k_2908,test
bs80k_2909,train
bs80k_2911,train
bs80k_2912,train
bs80k_2913,train
bs80k_2916,train
bs80k_2917,test
bs80k_2918,validation
bs80k_2919,validation
bs80k_2920,train
bs80k_2921,train
bs80k_2922,train
bs80k_2923,validation
bs80k_2924,validation
bs80k_2926,test
bs80k_2927,train
bs80k_2929,train
bs80k_2930,train
bs80k_2931,train
bs80k_2932,train
bs80k_2933,train
bs80k_2934,train
bs80k_2935,train
bs80k_2936,train
bs80k_2937,train
bs80k_2938,train
bs80k_2939,train
bs80k_2940,test
bs80k_2941,train
bs80k_2942,train
bs80k_2943,train
bs80k_2944,train
bs80k_2945,train
bs80k_2946,train
bs80k_2947,train
bs80k_2948,train
bs80k_2949,train
bs80k_2950,train
bs80k_2951,train
bs80k_2952,train
bs80k_2953,test
bs80k_2954,train
bs80k_2955,train
bs80k_2956,train
bs80k_2957,train
bs80k_2958,train
bs80k_2960,train
bs80k_2961,train
bs80k_2962,train
bs80k_2963,validation
bs80k_2964,train
bs80k_2966,train
bs80k_2967,validation
bs80k_2968,validation
bs80k_2969,train
bs80k_2970,train
bs80k_2971,train
bs80k_2972,test
bs80k_2973,train
bs80k_2974,train
bs80k_2975,train
bs80k_2976,test
bs80k_2977,test
bs80k_2978,train
bs80k_2979,test
bs80k_2980,train
bs80k_2981,train
bs80k_2982,train
bs80k_2983,test
bs80k_2984,train
bs80k_2985,train
bs80k_2986,train
bs80k_2987,train
bs80k_2988,train
bs80k_2989,train
bs80k_2991,train
bs80k_2992,train
bs80k_2993,train
bs80k_2994,train
bs80k_2995,train
bs80k_2996,validation
bs80k_2997,train
bs80k_2998,train
bs80k_2999,train
bs80k_3000,train
bs80k_3001,train
bs80k_3002,train
bs80k_3003,train
bs80k_3004,train
bs80k_3005,train
bs80k_3006,train
bs80k_3007,train
bs80k_3008,train
bs80k_3009,train
bs80k_3011,test
bs80k_3012,train
bs80k_3013,train
bs80k_3014,train
bs80k_3015,train
bs80k_3016,train
bs80k_3017,train
bs80k_3018,train
bs80k_3019,test
bs80k_3020,train
bs80k_3021,train
bs80k_3022,test
bs80k_3023,train
bs80k_3024,test
bs80k_3025,train
bs80k_3026,train
bs80k_3027,train
bs80k_3028,validation
bs80k_3029,test
bs80k_3030,train
bs80k_3031,train
bs80k_3033,validation
bs80k_3034,train
bs80k_3035,validation
bs80k_3036,train
bs80k_3037,train
bs80k_3038,train
bs80k_3039,train
bs80k_3040,train
bs80k_3041,train
bs80k_3042,train
bs80k_3043,train
bs80k_3044,train
bs80k_3045,train
bs80k_3046,train
bs80k_3047,train
bs80k_3048,train
bs80k_3049,train
bs80k_3050,validation
bs80k_3051,train
bs80k_3052,train
bs80k_3053,train
bs80k_3054,validation
bs80k_3055,train
bs80k_3056,train
bs80k_3057,train
bs80k_3058,validation
bs80k_3059,train
bs80k_3060,train
bs80k_3061,train
bs80k_3062,validation
bs80k_3063,train
bs80k_3064,train
bs80k_3065,train
bs80k_3066,train
bs80k_3067,train
bs80k_3068,train
bs80k_3069,train
bs80k_3070,train
bs80k_3071,validation
bs80k_3072,train
bs80k_3073,train
bs80k_3074,train
bs80k_3075,train
bs80k_3076,train
bs80k_3077,train
bs80k_3078,train
bs80k_3079,train
bs80k_3080,train
bs80k_3082,train
bs80k_3083,train
bs80k_3084,validation
bs80k_3085,train
bs80k_3086,train
bs80k_3087,train
bs80k_3089,train
bs80k_3090,test
bs80k_3091,validation
bs80k_3092,train
bs80k_3093,train
bs80k_3094,train
bs80k_3095,validation
bs80k_3096,train
bs80k_3097,train
bs80k_3098,train
bs80k_3099,train
bs80k_3100,train
bs80k_3101,train
bs80k_3102,train
bs80k_3103,train
bs80k_3106,train
bs80k_3107,train
bs80k_3108,train
bs80k_3109,train
bs80k_3111,train
bs80k_3112,validation
bs80k_3113,train
bs80k_3114,test
bs80k_3115,train
bs80k_3116,validation
bs80k_3117,test
bs80k_3118,train
bs80k_3119,train
bs80k_3120,train
bs80k_3121,test
bs80k_3122,train
bs80k_3123,train
bs80k_3124,train
bs80k_3125,validation
bs80k_3126,train
bs80k_3127,train
bs80k_3128,train
bs80k_3129,test
bs80k_3130,test
bs80k_3131,train
bs80k_3132,train
bs80k_3133,train
bs80k_3134,train
bs80k_3135,train
bs80k_3136,train
bs80k_3137,train
bs80k_3139,train
bs80k_3140,train
bs80k_3141,train
bs80k_3142,train
bs80k_3143,test
bs80k_3144,validation
bs80k_3145,train
bs80k_3146,train
bs80k_3147,train
bs80k_3148,validation
bs80k_3149,train
bs80k_3150,train
bs80k_3151,train
bs80k_3152,validation
bs80k_3153,train
bs80k_3154,train
bs80k_3155,train
bs80k_3156,train
bs80k_3157,train
bs80k_3159,validation
bs80k_3161,train
bs80k_3162,train
bs80k_3163,train
bs80k_3164,train
bs80k_3165,train
bs80k_3166,train
bs80k_3167,train
bs80k_3169,train
bs80k_3170,train
bs80k_3171,train
bs80k_3172,train
bs80k_3173,train
bs80k_3174,train
bs80k_3175,train
bs80k_3176,test
bs80k_3177,train
bs80k_3178,test
bs80k_3179,train
bs80k_3180,train
bs80k_3181,train
bs80k_3182,train
bs80k_3183,train
bs80k_3185,train
bs80k_3186,train
bs80k_3187,train
bs80k_3188,train
bs80k_3189,train
bs80k_3190,train
bs80k_3191,train
bs80k_3192,train
bs80k_3193,train
bs80k_3194,train
bs80k_3195,train
bs80k_3196,train
bs80k_3197,train
bs80k_3198,train
bs80k_3199,train
bs80k_3202,train
bs80k_3203,train
bs80k_3204,train
bs80k_3205,validation
bs80k_3207,train
bs80k_3208,train
bs80k_3209,test
bs80k_3210,train
bs80k_3211,train
bs80k_3212,test
bs80k_3213,train
bs80k_3214,validation
bs80k_3215,test
bs80k_3216,train
bs80k_3217,train
bs80k_3218,validation
bs80k_3219,train
bs80k_3220,train
bs80k_3222,train
bs80k_3223,train
bs80k_3224,train
bs80k_3225,train
bs80k_3226,train
bs80k_3227,validation
bs80k_3231,validation
bs80k_3232,train
bs80k_3233,train
bs80k_3234,train
bs80k_3235,train
bs80k_3236,train
bs80k_3238,train
bs80k_3239,train
bs80k_3240,validation
bs80k_3241,train
bs80k_3242,train
bs80k_3244,validation
bs80k_3245,train
bs80k_3246,train
bs80k_3247,train
bs80k_3248,test
bs80k_3249,train
bs80k_3250,train
bs80k_3251,train
bs80k_3252,train
bs80k_3253,train
