target,model_a,model_b,units,mean_dice_a,mean_dice_b,mean_difference,ci_low,ci_high,units_a_higher,units_b_higher,wilcoxon_p,ttest_p,holm_p,ttest_holm_p
benign,nnunet_single,nnunetcbam_single,473,0.5324051504370385,0.5303145487575601,0.0020906016794784163,-0.0067159292136679755,0.010487176871429024,218,208,0.12628601578136436,0.6458688446431927,1.0,1.0
benign,nnunet_single,segformer_single,473,0.5324051504370385,0.5318778963008063,0.0005272541362322963,-0.019534785370674754,0.020518216853737163,202,244,0.25388718854691117,0.9549917860694547,1.0,1.0
benign,nnunet_single,nnunet_late,473,0.5324051504370385,0.5545961401881604,-0.022190989751121867,-0.03735415643215246,-0.008446286169642093,193,256,0.0006424726278378482,0.001173576293073129,0.05011286497135216,0.09623325603199659
benign,nnunet_single,nnunetcbam_multihead,473,0.5324051504370385,0.5538809155444586,-0.021475765107420112,-0.03658774497163135,-0.007759971370888737,191,258,0.0005195836236610215,0.0017527180489485515,0.041047106269220694,0.13846472586693556
benign,nnunet_single,segformer_late,473,0.5324051504370385,0.547263144101247,-0.014857993664208455,-0.032925330141372174,0.004767123960080919,197,254,0.007082506725616334,0.10076242191978248,0.4816104573419107,1.0
benign,nnunet_single,nnunet_early,473,0.5324051504370385,0.5384475009323739,-0.006042350495335409,-0.01509987344449286,0.0028543186293036537,205,221,0.3455249602494058,0.1836373540977642,1.0,1.0
benign,nnunet_single,nnunetcbam_multidecoder,473,0.5324051504370385,0.5425859943319179,-0.01018084389487938,-0.020520781304060657,-0.00046384182904277745,190,236,0.044295615498543245,0.04882386190534193,1.0,1.0
benign,nnunet_single,segformer_early,473,0.5324051504370385,0.5498408207785512,-0.017435670341512683,-0.036049283813585985,0.0013785243848715735,197,252,0.017228742422153463,0.05456634851699822,1.0,1.0
benign,nnunet_single,nnunet_earlymid,473,0.5324051504370385,0.5532374127483597,-0.02083226231132114,-0.03438268311630648,-0.008563905794634008,213,230,0.03627020164164914,0.0008284677793537454,1.0,0.06876282568636087
benign,nnunet_single,nnunetcbam_earlymid,473,0.5324051504370385,0.5422207231015896,-0.009815572664551037,-0.02004223097492326,0.00011674087216949312,188,233,0.06683062249245539,0.053240236696252864,1.0,1.0
benign,nnunet_single,nnunet_mid,473,0.5324051504370385,0.5313611816560483,0.0010439687809902856,-0.008534067213170697,0.009633819280634772,236,190,0.028607539471657905,0.8224829075711164,1.0,1.0
benign,nnunet_single,nnunetcbam_mid,473,0.5324051504370385,0.5364395148509099,-0.0040343644138713134,-0.014043427582512388,0.005299201588361683,194,229,0.3989802484933046,0.39793800890268355,1.0,1.0
benign,nnunet_single,segformer_mid,473,0.5324051504370385,0.545116153372727,-0.012711002935688573,-0.031320743322570385,0.00782026363849414,208,247,0.06757661346488422,0.1773987050062895,1.0,1.0
benign,nnunetcbam_single,segformer_single,473,0.5303145487575601,0.5318778963008063,-0.0015633475432461203,-0.021212676832224855,0.01773808618983628,191,253,0.05419321717963123,0.8639935117384123,1.0,1.0
benign,nnunetcbam_single,nnunet_late,473,0.5303145487575601,0.5545961401881604,-0.024281591430600286,-0.036861717364400984,-0.012630232653013648,177,266,3.930176415675095e-06,7.030864615969406e-05,0.0003419253481637333,0.006327778154372465
benign,nnunetcbam_single,nnunetcbam_multihead,473,0.5303145487575601,0.5538809155444586,-0.02356636678689853,-0.03660319720362149,-0.011859282403988486,181,262,3.0402911574995147e-06,9.780879798411796e-05,0.00027058591301745683,0.008607174222602381
benign,nnunetcbam_single,segformer_late,473,0.5303145487575601,0.547263144101247,-0.01694859534368687,-0.034735474486117246,0.002194148988649485,181,270,0.0006538321426291587,0.04985381558668061,0.05034507498244522,1.0
benign,nnunetcbam_single,nnunet_early,473,0.5303145487575601,0.5384475009323739,-0.008132952174813825,-0.015482806751349052,-0.0008649653855248907,196,236,0.012010241075251284,0.033621590291231865,0.804686152041836,1.0
benign,nnunetcbam_single,nnunetcbam_multidecoder,473,0.5303145487575601,0.5425859943319179,-0.012271445574357795,-0.019086606291896985,-0.005294675832730412,175,244,1.0974705127718915e-05,0.00042952441196842414,0.0009109005256006699,0.036509575017316054
benign,nnunetcbam_single,segformer_early,473,0.5303145487575601,0.5498408207785512,-0.0195262720209911,-0.03826257509410301,0.0006675246751130429,188,258,0.002424717423349186,0.03113132905017462,0.17700437190449056,1.0
benign,nnunetcbam_single,nnunet_earlymid,473,0.5303145487575601,0.5532374127483597,-0.02292286399079955,-0.03570256052881498,-0.0106941042252788,183,261,0.00027276404744516747,0.00023005816957721555,0.022093887843058563,0.019785002583640538
benign,nnunetcbam_single,nnunetcbam_earlymid,473,0.5303145487575601,0.5422207231015896,-0.011906174344029455,-0.017509696871968083,-0.006436964860657819,172,247,4.849583317051211e-06,5.543246861513335e-05,0.00041706416526640416,0.005044354643977135
benign,nnunetcbam_single,nnunet_mid,473,0.5303145487575601,0.5313611816560483,-0.0010466328984881316,-0.008849232474318725,0.006177330615662911,227,199,0.2128581968317792,0.7842322592805022,1.0,1.0
benign,nnunetcbam_single,nnunetcbam_mid,473,0.5303145487575601,0.5364395148509099,-0.00612496609334973,-0.011830895374917282,9.917188152815797e-05,177,239,0.0021261285058580756,0.045562266636609935,0.1573335094334976,1.0
benign,nnunetcbam_single,segformer_mid,473,0.5303145487575601,0.545116153372727,-0.014801604615166991,-0.03379124071705494,0.005432166180674188,198,252,0.01888572348416032,0.10483351826170755,1.0,1.0
benign,segformer_single,nnunet_late,473,0.5318778963008063,0.5545961401881604,-0.022718243887354165,-0.0398440321510568,-0.007290330855366818,212,236,0.05181932035736185,0.006468818410215123,1.0,0.47222374394570393
benign,segformer_single,nnunetcbam_multihead,473,0.5318778963008063,0.5538809155444586,-0.022003019243652413,-0.03898803822530421,-0.007190575657961339,210,238,0.04961923456060985,0.0073570464784279595,1.0,0.5223502999683851
benign,segformer_single,segformer_late,473,0.5318778963008063,0.547263144101247,-0.015385247800440753,-0.027610377648866223,-0.00343430632596519,223,215,0.4236177346638247,0.008429770330946613,1.0,0.5900839231662629
benign,segformer_single,nnunet_early,473,0.5318778963008063,0.5384475009323739,-0.006569604631567708,-0.025079200878762385,0.011018613393969557,242,205,0.614081918803122,0.46040100949444684,1.0,1.0
benign,segformer_single,nnunetcbam_multidecoder,473,0.5318778963008063,0.5425859943319179,-0.010708098031111677,-0.029144309544855477,0.00730023083566532,230,214,0.9908572779749195,0.2260262490820479,1.0,1.0
benign,segformer_single,segformer_early,473,0.5318778963008063,0.5498408207785512,-0.017962924477744974,-0.02955875112411187,-0.005701822650266976,217,214,0.07704147041196872,0.001871743501931689,1.0,0.14599599315067174
benign,segformer_single,nnunet_earlymid,473,0.5318778963008063,0.5532374127483597,-0.021359516447553434,-0.039549186888893306,-0.004223962446429555,221,229,0.19025117795016555,0.014553138818219409,1.0,0.9896134396389198
benign,segformer_single,nnunetcbam_earlymid,473,0.5318778963008063,0.5422207231015896,-0.010342826800783337,-0.029283389112568416,0.008404149591227102,229,215,0.8178679879032837,0.2557157825701546,1.0,1.0
benign,segformer_single,nnunet_mid,473,0.5318778963008063,0.5313611816560483,0.0005167146447579886,-0.019506614038221123,0.02022037214296214,248,197,0.0933711741286901,0.9559926025987855,1.0,1.0
benign,segformer_single,nnunetcbam_mid,473,0.5318778963008063,0.5364395148509099,-0.004561618550103613,-0.02374526993171461,0.014124746037080634,234,210,0.5228690860133354,0.618824057867072,1.0,1.0
benign,segformer_single,segformer_mid,473,0.5318778963008063,0.545116153372727,-0.013238257071920874,-0.025945229579857038,-0.0005874412730955306,214,225,0.19570032099193602,0.030369717299645018,1.0,1.0
benign,nnunet_late,nnunetcbam_multihead,473,0.5545961401881604,0.5538809155444586,0.0007152246437017567,-0.006251469823509217,0.008039543149987552,226,221,0.8273543554381789,0.8401245037087921,1.0,1.0
benign,nnunet_late,segformer_late,473,0.5545961401881604,0.547263144101247,0.007332996086913414,-0.007782660688756166,0.02259367049793945,230,223,0.6301273408378565,0.33472246601920674,1.0,1.0
benign,nnunet_late,nnunet_early,473,0.5545961401881604,0.5384475009323739,0.01614863925578646,0.006480249916199683,0.02695766529917076,252,188,0.001924236818192175,0.002788523242522186,0.14431776136441313,0.21192776643168615
benign,nnunet_late,nnunetcbam_multidecoder,473,0.5545961401881604,0.5425859943319179,0.01201014585624249,0.001859757809027075,0.02367827985659726,240,204,0.06518789668906795,0.03497978006902725,1.0,1.0
benign,nnunet_late,segformer_early,473,0.5545961401881604,0.5498408207785512,0.004755319409609189,-0.010389358779594031,0.021453446757842443,230,218,0.473362300501741,0.543516719286403,1.0,1.0
benign,nnunet_late,nnunet_earlymid,473,0.5545961401881604,0.5532374127483597,0.001358727439800731,-0.007333251579351496,0.010669657575714237,239,205,0.14204323036235736,0.7624691712959607,1.0,1.0
benign,nnunet_late,nnunetcbam_earlymid,473,0.5545961401881604,0.5422207231015896,0.012375417086570832,0.0019880172098169432,0.02450590305963444,237,202,0.060488552415889615,0.02722098501699804,1.0,1.0
benign,nnunet_late,nnunet_mid,473,0.5545961401881604,0.5313611816560483,0.023234958532112153,0.011239879218865158,0.03608383596304069,276,167,5.049635770952258e-08,0.000169268147870523,4.5951685515665545e-06,0.0147263288647355
benign,nnunet_late,nnunetcbam_mid,473,0.5545961401881604,0.5364395148509099,0.018156625337250556,0.0069163546789285145,0.030292579222973546,239,202,0.006236178893590892,0.0015461565253858784,0.43029634365777153,0.12369252203087028
benign,nnunet_late,segformer_mid,473,0.5545961401881604,0.545116153372727,0.009479986815433293,-0.006482630303465631,0.026655760962099862,238,214,0.26992920024543676,0.24350090446898387,1.0,1.0
benign,nnunetcbam_multihead,segformer_late,473,0.5538809155444586,0.547263144101247,0.006617771443211657,-0.007999113608629302,0.021924463147538556,230,224,0.6657031190206484,0.3824746569760072,1.0,1.0
benign,nnunetcbam_multihead,nnunet_early,473,0.5538809155444586,0.5384475009323739,0.015433414612084705,0.005319021519175804,0.026354625008180706,249,193,0.004087318576131984,0.007000006919601484,0.2901996189053708,0.5040004982113069
benign,nnunetcbam_multihead,nnunetcbam_multidecoder,473,0.5538809155444586,0.5425859943319179,0.011294921212540733,0.000902136864686666,0.021957962961718282,228,216,0.2007785162492245,0.05297592268175282,1.0,1.0
benign,nnunetcbam_multihead,segformer_early,473,0.5538809155444586,0.5498408207785512,0.004040094765907431,-0.010409845476586037,0.02050295829245236,239,210,0.4970192989277077,0.6006254345254811,1.0,1.0
benign,nnunetcbam_multihead,nnunet_earlymid,473,0.5538809155444586,0.5532374127483597,0.0006435027960989749,-0.007388427649951057,0.009107509466183163,238,206,0.14936019447180632,0.8793332808607663,1.0,1.0
benign,nnunetcbam_multihead,nnunetcbam_earlymid,473,0.5538809155444586,0.5422207231015896,0.011660192442869075,0.0008341675711387959,0.02359620387223275,243,205,0.0883954042925473,0.04623458718383741,1.0,1.0
benign,nnunetcbam_multihead,nnunet_mid,473,0.5538809155444586,0.5313611816560483,0.022519733888410397,0.010554376849536765,0.035815127358351316,271,174,5.273427545972681e-06,0.00046292626310092744,0.00044296791386170517,0.038885806100477906
benign,nnunetcbam_multihead,nnunetcbam_mid,473,0.5538809155444586,0.5364395148509099,0.017441400693548798,0.006087091325059718,0.02951737974601297,264,178,0.003225360021752033,0.0025625033164270203,0.23222592156614638,0.19731275536488055
benign,nnunetcbam_multihead,segformer_mid,473,0.5538809155444586,0.545116153372727,0.008764762171731536,-0.006167606068990126,0.025421340534553895,238,215,0.22392612494193076,0.26738716514904526,1.0,1.0
benign,segformer_late,nnunet_early,473,0.547263144101247,0.5384475009323739,0.008815643168873045,-0.009563821623585392,0.024948408722523803,240,210,0.050875601566991197,0.28737481399586706,1.0,1.0
benign,segformer_late,nnunetcbam_multidecoder,473,0.547263144101247,0.5425859943319179,0.0046771497693290755,-0.01323126179855751,0.0214152075305436,243,209,0.190263754230808,0.5708853414592227,1.0,1.0
benign,segformer_late,segformer_early,473,0.547263144101247,0.5498408207785512,-0.002577676677304224,-0.011817487643966377,0.006928061180650517,210,227,0.21548728156990993,0.578867450586116,1.0,1.0
benign,segformer_late,nnunet_earlymid,473,0.547263144101247,0.5532374127483597,-0.005974268647112683,-0.023227416769654317,0.010294135160796141,231,224,0.7573653982489279,0.4641287052481078,1.0,1.0
benign,segformer_late,nnunetcbam_earlymid,473,0.547263144101247,0.5422207231015896,0.00504242099965742,-0.013322148485204296,0.022792698650354867,243,207,0.12725089320045915,0.5470766470587984,1.0,1.0
benign,segformer_late,nnunet_mid,473,0.547263144101247,0.5313611816560483,0.01590196244519874,-0.0036258877916724797,0.03361627963267063,263,189,0.0014803973771117794,0.0684113563297264,0.11251020066049523,1.0
benign,segformer_late,nnunetcbam_mid,473,0.547263144101247,0.5364395148509099,0.010823629250337141,-0.009274791524383041,0.028959209375953292,248,203,0.04041383722130958,0.21466587295863715,1.0,1.0
benign,segformer_late,segformer_mid,473,0.547263144101247,0.545116153372727,0.0021469907285198804,-0.007295408388082948,0.01144131292876187,201,236,0.645152575232985,0.6484758313272345,1.0,1.0
benign,nnunet_early,nnunetcbam_multidecoder,473,0.5384475009323739,0.5425859943319179,-0.004138493399543971,-0.010820608557504295,0.002654070777046052,197,230,0.11894541349846402,0.20544066930256172,1.0,1.0
benign,nnunet_early,segformer_early,473,0.5384475009323739,0.5498408207785512,-0.011393319846177271,-0.02904690670201299,0.007952519928390432,206,242,0.11221616563621431,0.18730256866664272,1.0,1.0
benign,nnunet_early,nnunet_earlymid,473,0.5384475009323739,0.5532374127483597,-0.014789911815985728,-0.02500674826170434,-0.004639042783358557,210,232,0.11032802977626525,0.008446301313155125,1.0,0.5900839231662629
benign,nnunet_early,nnunetcbam_earlymid,473,0.5384475009323739,0.5422207231015896,-0.003773222169215628,-0.01057807779694373,0.003253489202067277,195,233,0.21840349899344502,0.25572689660583897,1.0,1.0
benign,nnunet_early,nnunet_mid,473,0.5384475009323739,0.5313611816560483,0.007086319276325695,-0.0005295848393229304,0.015016459462311029,253,180,0.000501180188522241,0.0715832317951452,0.040094415081779286,1.0
benign,nnunet_early,nnunetcbam_mid,473,0.5384475009323739,0.5364395148509099,0.0020079860814640957,-0.00447848794608667,0.009029314747457145,213,214,0.7185767559552738,0.5501610841585767,1.0,1.0
benign,nnunet_early,segformer_mid,473,0.5384475009323739,0.545116153372727,-0.006668652440353166,-0.024140857282021762,0.013104538799020954,213,238,0.25574675301619454,0.4476607533196186,1.0,1.0
benign,nnunetcbam_multidecoder,segformer_early,473,0.5425859943319179,0.5498408207785512,-0.007254826446633301,-0.02518370910026242,0.011711107249825025,218,229,0.3481150800252101,0.3993974297493566,1.0,1.0
benign,nnunetcbam_multidecoder,nnunet_earlymid,473,0.5425859943319179,0.5532374127483597,-0.010651418416441759,-0.02143971416480416,-0.0001075626747781797,210,231,0.52518704534815,0.06883736149790647,1.0,1.0
benign,nnunetcbam_multidecoder,nnunetcbam_earlymid,473,0.5425859943319179,0.5422207231015896,0.00036527123032834214,-0.00412915158295824,0.00487658425068845,204,205,0.903343761549785,0.8718547037879587,1.0,1.0
benign,nnunetcbam_multidecoder,nnunet_mid,473,0.5425859943319179,0.5313611816560483,0.011224812675869666,0.0034136761306372554,0.01874799422445925,254,173,4.871132614303291e-06,0.0034005849918207357,0.00041706416526640416,0.2550438743865552
benign,nnunetcbam_multidecoder,nnunetcbam_mid,473,0.5425859943319179,0.5364395148509099,0.006146479481008066,0.0002598109985873292,0.01240657507177313,218,198,0.055230290034006535,0.04657305666517549,1.0,1.0
benign,nnunetcbam_multidecoder,segformer_mid,473,0.5425859943319179,0.545116153372727,-0.0025301590408091956,-0.01993035485514928,0.016648420791939417,217,233,0.5328435076689746,0.772066518797108,1.0,1.0
benign,segformer_early,nnunet_earlymid,473,0.5498408207785512,0.5532374127483597,-0.003396591969808458,-0.02045251029899318,0.012877427793435328,223,230,0.9620931742501423,0.6780815649404492,1.0,1.0
benign,segformer_early,nnunetcbam_earlymid,473,0.5498408207785512,0.5422207231015896,0.007620097676961641,-0.011986110791729484,0.025854175151150346,236,210,0.19124121433865782,0.38046767563012035,1.0,1.0
benign,segformer_early,nnunet_mid,473,0.5498408207785512,0.5313611816560483,0.018479639122502965,-0.0017515557381714644,0.03787390233388167,258,190,0.0054603738701919455,0.043398686330623805,0.3822261709134362,1.0
benign,segformer_early,nnunetcbam_mid,473,0.5498408207785512,0.5364395148509099,0.013401305927641365,-0.006979414286466489,0.0323290660627189,235,212,0.1101995956873662,0.14041092222368512,1.0,1.0
benign,segformer_early,segformer_mid,473,0.5498408207785512,0.545116153372727,0.004724667405824105,-0.00419110698785264,0.0139196296171725,212,228,0.6283153247483424,0.2823114462331648,1.0,1.0
benign,nnunet_earlymid,nnunetcbam_earlymid,473,0.5532374127483597,0.5422207231015896,0.011016689646770099,-0.00014818866104960427,0.023081661521880157,235,204,0.21126355905510386,0.06502560167697286,1.0,1.0
benign,nnunet_earlymid,nnunet_mid,473,0.5532374127483597,0.5313611816560483,0.021876231092311422,0.010937601930718426,0.03319962939842848,267,174,3.821586231337861e-06,9.378866116006874e-05,0.00033629958835773176,0.008347190843246118
benign,nnunet_earlymid,nnunetcbam_mid,473,0.5532374127483597,0.5364395148509099,0.016797897897449822,0.004680224130446616,0.028788095302277616,244,201,0.0329975098208408,0.005197277972834841,1.0,0.3845985699897782
benign,nnunet_earlymid,segformer_mid,473,0.5532374127483597,0.545116153372727,0.008121259375632562,-0.008429366049944776,0.026129085561129143,225,232,0.8497868267090014,0.3367297051264224,1.0,1.0
benign,nnunetcbam_earlymid,nnunet_mid,473,0.5422207231015896,0.5313611816560483,0.010859541445541323,0.00372451517427937,0.017717553050307793,262,163,8.28521876150782e-07,0.001455549284613255,7.456696885357037e-05,0.11789949205367366
benign,nnunetcbam_earlymid,nnunetcbam_mid,473,0.5422207231015896,0.5364395148509099,0.005781208250679724,0.00016054188226984287,0.01164019197354827,218,201,0.14509639187046935,0.03171196236996254,1.0,1.0
benign,nnunetcbam_earlymid,segformer_mid,473,0.5422207231015896,0.545116153372727,-0.0028954302711375352,-0.020735222196791588,0.01662044158097804,218,234,0.44046264477999963,0.7422336947266195,1.0,1.0
benign,nnunet_mid,nnunetcbam_mid,473,0.5313611816560483,0.5364395148509099,-0.005078333194861599,-0.011693679619662044,0.0023224693329836526,168,253,0.00014996979956651566,0.14814077843228904,0.012297523564454283,1.0
benign,nnunet_mid,segformer_mid,473,0.5313611816560483,0.545116153372727,-0.013754971716678862,-0.03288212497787028,0.006614946855647005,197,257,0.01470841945629441,0.13446835459048254,0.9707556841154311,1.0
benign,nnunetcbam_mid,segformer_mid,473,0.5364395148509099,0.545116153372727,-0.008676638521817263,-0.02742851701292095,0.01216535000507174,213,238,0.23570564901435476,0.3513298229824708,1.0,1.0
malignant,nnunet_single,nnunetcbam_single,203,0.4082147444752373,0.4231076798073158,-0.014892935332078432,-0.03849021376342089,0.009641247269220318,75,79,0.12454392477654594,0.23683684780996606,1.0,1.0
malignant,nnunet_single,segformer_single,203,0.4082147444752373,0.3704837518599948,0.03773099261524261,-0.0004507617792651036,0.07760816396932077,82,76,0.15737076733605992,0.045102690536700484,1.0,1.0
malignant,nnunet_single,nnunet_late,203,0.4082147444752373,0.43601598157769433,-0.027801237102456994,-0.05404057721581037,-0.0017139922055714268,60,95,0.005668605374998013,0.024436912002665196,0.41947679774985297,1.0
malignant,nnunet_single,nnunetcbam_multihead,203,0.4082147444752373,0.4387699185127683,-0.03055517403753093,-0.06166889327853086,0.00035274059094593876,57,98,0.0006925321939757228,0.043230533583691784,0.05609510771203355,1.0
malignant,nnunet_single,segformer_late,203,0.4082147444752373,0.38566657147532646,0.022548172999910906,-0.01984323329279877,0.06353777138276369,81,79,0.6870121462432852,0.2613959754664266,1.0,1.0
malignant,nnunet_single,nnunet_early,203,0.4082147444752373,0.4387346920659619,-0.03051994759072451,-0.05726419627192122,-0.0020222721134110434,60,101,0.0006529389394960676,0.02776529711521028,0.054768704780463806,1.0
malignant,nnunet_single,nnunetcbam_multidecoder,203,0.4082147444752373,0.4599581349302718,-0.05174339045503441,-0.07781794233665668,-0.024776140210028323,53,108,3.5070909885615994e-07,0.0001532082636286897,3.15638188970544e-05,0.013022702408438626
malignant,nnunet_single,segformer_early,203,0.4082147444752373,0.38248679133048896,0.025727953144748388,-0.011826664797576348,0.06246455136447491,82,77,0.3144048605298694,0.1735423290605591,1.0,1.0
malignant,nnunet_single,nnunet_earlymid,203,0.4082147444752373,0.41634074434070234,-0.008125999865464978,-0.03250148267035758,0.018439921820866415,64,92,0.1621698648749641,0.518815184575182,1.0,1.0
malignant,nnunet_single,nnunetcbam_earlymid,203,0.4082147444752373,0.43494756730474887,-0.02673282282951151,-0.05110973516981672,-0.0014621805262172599,58,100,0.0006739831206489987,0.02989880004562137,0.055266615893217894,1.0
malignant,nnunet_single,nnunet_mid,203,0.4082147444752373,0.4304125033155286,-0.022197758840291255,-0.05289752430307997,0.007238740466608501,74,91,0.08356836973413675,0.1364753785105006,1.0,1.0
malignant,nnunet_single,nnunetcbam_mid,203,0.4082147444752373,0.42553867560630565,-0.017323931131068282,-0.04389892111012551,0.009767815973391124,59,95,0.004651298915142127,0.2160038170515543,0.3488474186356595,1.0
malignant,nnunet_single,segformer_mid,203,0.4082147444752373,0.39725773466400405,0.010957009811233358,-0.02832554171933713,0.048960646484658976,83,78,0.7059993194314191,0.5669842314725038,1.0,1.0
malignant,nnunetcbam_single,segformer_single,203,0.4231076798073158,0.3704837518599948,0.05262392794732105,0.017628794187766333,0.09114596156434902,86,71,0.027289961315180297,0.003226174867217896,1.0,0.2355107653069064
malignant,nnunetcbam_single,nnunet_late,203,0.4231076798073158,0.43601598157769433,-0.012908301770378567,-0.03800466198980127,0.012165255441920446,63,96,0.030183115706194117,0.3025948008397963,1.0,1.0
malignant,nnunetcbam_single,nnunetcbam_multihead,203,0.4231076798073158,0.4387699185127683,-0.015662238705452504,-0.036548016216658666,0.007494973864492017,53,101,0.0024199759750325243,0.1455587082679249,0.18633815007750437,1.0
malignant,nnunetcbam_single,segformer_late,203,0.4231076798073158,0.38566657147532646,0.03744110833198934,0.0003392803944806984,0.07474673009155586,81,79,0.28199225802745875,0.041335228235485105,1.0,1.0
malignant,nnunetcbam_single,nnunet_early,203,0.4231076798073158,0.4387346920659619,-0.015627012258646076,-0.0401411671548528,0.009942912344537045,69,89,0.07603185174356011,0.18126927105400056,1.0,1.0
malignant,nnunetcbam_single,nnunetcbam_multidecoder,203,0.4231076798073158,0.4599581349302718,-0.036850455122956,-0.058635827099997054,-0.01640596131481366,51,110,3.1650485450247237e-07,0.0004160968600211704,2.8801941759724987e-05,0.034536039381757144
malignant,nnunetcbam_single,segformer_early,203,0.4231076798073158,0.38248679133048896,0.04062088847682682,0.004883709780309803,0.07437595679094079,87,72,0.0693705005123833,0.02506795378772206,1.0,1.0
malignant,nnunetcbam_single,nnunet_earlymid,203,0.4231076798073158,0.41634074434070234,0.006766935466613449,-0.017719565707924156,0.03273546238725852,76,78,0.8788515529395922,0.5965443646894246,1.0,1.0
malignant,nnunetcbam_single,nnunetcbam_earlymid,203,0.4231076798073158,0.43494756730474887,-0.011839887497433081,-0.02968073109349589,0.005999299414530201,62,94,0.05488591651864874,0.19063837207014442,1.0,1.0
malignant,nnunetcbam_single,nnunet_mid,203,0.4231076798073158,0.4304125033155286,-0.007304823508212824,-0.032669686510601675,0.01728731543940746,82,81,0.47513044286025996,0.5903396979406441,1.0,1.0
malignant,nnunetcbam_single,nnunetcbam_mid,203,0.4231076798073158,0.42553867560630565,-0.0024309957989898517,-0.022724597908350578,0.017541313411230903,64,91,0.0757728922012254,0.8150771914689737,1.0,1.0
malignant,nnunetcbam_single,segformer_mid,203,0.4231076798073158,0.39725773466400405,0.025849945143311796,-0.009437093803618884,0.06148157959641756,84,78,0.3337509863066247,0.15311920520952355,1.0,1.0
malignant,segformer_single,nnunet_late,203,0.3704837518599948,0.43601598157769433,-0.0655322297176996,-0.10039464990691793,-0.03288967002538936,61,95,0.00022343695426491812,8.441415210427986e-05,0.019215578066782958,0.007428445385176628
malignant,segformer_single,nnunetcbam_multihead,203,0.3704837518599948,0.4387699185127683,-0.06828616665277355,-0.10510945516378853,-0.034067482920143555,61,94,0.0008143890383274885,0.0001345188864434908,0.06515112306619908,0.011568624234140209
malignant,segformer_single,segformer_late,203,0.3704837518599948,0.38566657147532646,-0.015182819615331706,-0.039859210081139865,0.0093068944246808,67,81,0.19564913538156603,0.228996087319706,1.0,1.0
malignant,segformer_single,nnunet_early,203,0.3704837518599948,0.4387346920659619,-0.06825094020596711,-0.10544383310756136,-0.03335851043328744,66,94,0.0006520083902436168,7.840583863809956e-05,0.054768704780463806,0.006978119638790861
malignant,segformer_single,nnunetcbam_multidecoder,203,0.3704837518599948,0.4599581349302718,-0.08947438307027704,-0.12743282184799837,-0.0545538935028916,56,105,4.92008615338868e-06,7.147142956092304e-07,0.00043788766765159257,6.503900090043997e-05
malignant,segformer_single,segformer_early,203,0.3704837518599948,0.38248679133048896,-0.012003039470494227,-0.03639315652674775,0.0100326475285951,71,76,0.7474731642987007,0.3044713266100134,1.0,1.0
malignant,segformer_single,nnunet_earlymid,203,0.3704837518599948,0.41634074434070234,-0.04585699248070759,-0.07827687544611926,-0.015945470035671528,76,78,0.04834615292234858,0.00536209354630178,1.0,0.36998445469482283
malignant,segformer_single,nnunetcbam_earlymid,203,0.3704837518599948,0.43494756730474887,-0.06446381544475413,-0.10252876540449947,-0.03060524351827605,66,90,0.0020912804249874585,0.00025375102168534414,0.16311987314902177,0.021315085821568908
malignant,segformer_single,nnunet_mid,203,0.3704837518599948,0.4304125033155286,-0.05992875145553387,-0.09965261340265222,-0.024379365407737046,74,90,0.013287529646208577,0.001480012639058444,0.850401897357349,0.11840101112467552
malignant,segformer_single,nnunetcbam_mid,203,0.3704837518599948,0.42553867560630565,-0.055054923746310894,-0.09118320958086867,-0.021656222275490706,66,89,0.010121990236270086,0.001683431306329604,0.6781733458300958,0.13299107320003872
malignant,segformer_single,segformer_mid,203,0.3704837518599948,0.39725773466400405,-0.026773982804009253,-0.0519396263993512,-0.0008445896952944494,67,84,0.037810676659133964,0.03777258517400499,1.0,1.0
malignant,nnunet_late,nnunetcbam_multihead,203,0.43601598157769433,0.4387699185127683,-0.0027539369350739386,-0.02553453037834232,0.01843452700766111,71,83,0.6722933769546504,0.8023656748763976,1.0,1.0
malignant,nnunet_late,segformer_late,203,0.43601598157769433,0.38566657147532646,0.0503494101023679,0.015125808732146015,0.08721624251084333,92,69,0.02043504599135233,0.005519894582028732,1.0,0.37535283157795374
malignant,nnunet_late,nnunet_early,203,0.43601598157769433,0.4387346920659619,-0.002718710488267511,-0.026363900540372628,0.0209929527190284,80,78,0.9384231935879773,0.8118890148565222,1.0,1.0
malignant,nnunet_late,nnunetcbam_multidecoder,203,0.43601598157769433,0.4599581349302718,-0.023942153352577433,-0.049941872400329934,0.0013850673865151758,78,83,0.11279936405761963,0.05441959534336641,1.0,1.0
malignant,nnunet_late,segformer_early,203,0.43601598157769433,0.38248679133048896,0.05352919024720538,0.01948686254071332,0.08779094436848185,91,69,0.006217956924168157,0.0024643960491136123,0.45391085546427545,0.18729409973263453
malignant,nnunet_late,nnunet_earlymid,203,0.43601598157769433,0.41634074434070234,0.019675237236992014,-0.0014044275819795643,0.04121039214484881,93,64,0.009712600713320248,0.08482692950690535,0.6604568485057769,1.0
malignant,nnunet_late,nnunetcbam_earlymid,203,0.43601598157769433,0.43494756730474887,0.0010684142729454837,-0.022728985142453036,0.025960248889169882,79,76,0.9160567280989358,0.9286390836848857,1.0,1.0
malignant,nnunet_late,nnunet_mid,203,0.43601598157769433,0.4304125033155286,0.00560347826216574,-0.021610241626650466,0.03045696390939595,94,70,0.14849650995164357,0.6634922632923038,1.0,1.0
malignant,nnunet_late,nnunetcbam_mid,203,0.43601598157769433,0.42553867560630565,0.010477305971388714,-0.01250857765345189,0.03261284003546073,85,73,0.3689839177684756,0.34085907538022997,1.0,1.0
malignant,nnunet_late,segformer_mid,203,0.43601598157769433,0.39725773466400405,0.038758246913690356,0.0032828868095023125,0.07676533156496824,93,70,0.026339064227294894,0.03234600904478984,1.0,1.0
malignant,nnunetcbam_multihead,segformer_late,203,0.4387699185127683,0.38566657147532646,0.053103347037441836,0.016307717785640365,0.08997476350719308,89,66,0.006654446823032973,0.004627157177746834,0.4724657244353411,0.32390100244227843
malignant,nnunetcbam_multihead,nnunet_early,203,0.4387699185127683,0.4387346920659619,3.5226446806424505e-05,-0.025946746142773747,0.026424759100020647,83,72,0.3755677055753217,0.9976993466447883,1.0,1.0
malignant,nnunetcbam_multihead,nnunetcbam_multidecoder,203,0.4387699185127683,0.4599581349302718,-0.02118821641750349,-0.045127689063513804,0.0014583700040126978,80,78,0.48797658931957066,0.05087748654370773,1.0,1.0
malignant,nnunetcbam_multihead,segformer_early,203,0.4387699185127683,0.38248679133048896,0.05628312718227932,0.020554590707530802,0.0907757134332212,84,70,0.010948775420202632,0.002000235274225416,0.7116704023131711,0.15401811611535704
malignant,nnunetcbam_multihead,nnunet_earlymid,203,0.4387699185127683,0.41634074434070234,0.02242917417206595,-0.005395842125986121,0.05235274680144569,89,68,0.022344680162772607,0.12120377234072129,1.0,1.0
malignant,nnunetcbam_multihead,nnunetcbam_earlymid,203,0.4387699185127683,0.43494756730474887,0.0038223512080194206,-0.01562603862545183,0.023762175329756604,90,61,0.09236142767370384,0.6932328841994414,1.0,1.0
malignant,nnunetcbam_multihead,nnunet_mid,203,0.4387699185127683,0.4304125033155286,0.008357415197239676,-0.019563883210281137,0.034359570596520055,90,73,0.12412832524616275,0.5498136236592361,1.0,1.0
malignant,nnunetcbam_multihead,nnunetcbam_mid,203,0.4387699185127683,0.42553867560630565,0.01323124290646265,-0.006495174050124854,0.03348710950661095,83,70,0.2346238865959842,0.22384498190305693,1.0,1.0
malignant,nnunetcbam_multihead,segformer_mid,203,0.4387699185127683,0.39725773466400405,0.04151218384876429,0.0034200318296023283,0.08287092956317559,90,70,0.04870978514155891,0.029511198547480254,1.0,1.0
malignant,segformer_late,nnunet_early,203,0.38566657147532646,0.4387346920659619,-0.05306812059063541,-0.09011078214648753,-0.017478415148037232,71,91,0.015925771166729344,0.0035200036320844736,1.0,0.24992025787799763
malignant,segformer_late,nnunetcbam_multidecoder,203,0.38566657147532646,0.4599581349302718,-0.07429156345494532,-0.11373526880985481,-0.03586681243501169,64,101,0.00021849488020497055,9.59728811657258e-05,0.01900905457783244,0.008349640661418144
malignant,segformer_late,segformer_early,203,0.38566657147532646,0.38248679133048896,0.003179780144837482,-0.020771260747376577,0.027110014019866947,77,66,0.49834065795043503,0.7883897224196851,1.0,1.0
malignant,segformer_late,nnunet_earlymid,203,0.38566657147532646,0.41634074434070234,-0.03067417286537588,-0.06386166808820969,0.0034168901713049113,76,82,0.17654375491340846,0.08691264150607349,1.0,1.0
malignant,segformer_late,nnunetcbam_earlymid,203,0.38566657147532646,0.43494756730474887,-0.04928099582942241,-0.08737492369177946,-0.010937035083832395,72,87,0.023103509009246143,0.00868764942631062,1.0,0.5820725115628115
malignant,segformer_late,nnunet_mid,203,0.38566657147532646,0.4304125033155286,-0.044745931840202154,-0.0861767802504366,-0.004262459893326037,80,88,0.11579162281447399,0.026235275403046415,1.0,1.0
malignant,segformer_late,nnunetcbam_mid,203,0.38566657147532646,0.42553867560630565,-0.03987210413097919,-0.07438567008595119,-0.003545528522275123,68,92,0.116237278742939,0.03194362930613904,1.0,1.0
malignant,segformer_late,segformer_mid,203,0.38566657147532646,0.39725773466400405,-0.011591163188677544,-0.030239434936327133,0.007866101323406137,66,77,0.5348117216088288,0.22928899685034332,1.0,1.0
malignant,nnunet_early,nnunetcbam_multidecoder,203,0.4387346920659619,0.4599581349302718,-0.021223442864309917,-0.04805917724889164,0.0035754828824063807,72,92,0.03161590776991194,0.08171951183229371,1.0,1.0
malignant,nnunet_early,segformer_early,203,0.4387346920659619,0.38248679133048896,0.05624790073547289,0.02134822978564717,0.09093045439176504,88,71,0.007415892095305308,0.0017074907145524952,0.5116965545760662,0.13318427573509461
malignant,nnunet_early,nnunet_earlymid,203,0.4387346920659619,0.41634074434070234,0.022393947725259523,-0.0006809292265675435,0.04614435216289334,82,74,0.2718616303675515,0.06566486872202147,1.0,1.0
malignant,nnunet_early,nnunetcbam_earlymid,203,0.4387346920659619,0.43494756730474887,0.003787124761212996,-0.02023443616080189,0.0284331282287098,74,84,0.5815110167327109,0.7318049816591905,1.0,1.0
malignant,nnunet_early,nnunet_mid,203,0.4387346920659619,0.4304125033155286,0.008322188750433255,-0.01995917537851167,0.03710103955813863,98,67,0.13274201383558865,0.5529366795205138,1.0,1.0
malignant,nnunet_early,nnunetcbam_mid,203,0.4387346920659619,0.42553867560630565,0.013196016459656224,-0.00846812151128539,0.03495912193867282,79,76,0.4552162172350137,0.22785014193903655,1.0,1.0
malignant,nnunet_early,segformer_mid,203,0.4387346920659619,0.39725773466400405,0.041476957401957865,0.0067004332358205475,0.07759311483029002,91,73,0.06425460264286562,0.019980780861307362,1.0,1.0
malignant,nnunetcbam_multidecoder,segformer_early,203,0.4599581349302718,0.38248679133048896,0.07747134359978282,0.04249899820632256,0.11197491092542707,99,64,7.183844703244952e-05,2.398434446258552e-05,0.006321783338855558,0.0021585910016326967
malignant,nnunetcbam_multidecoder,nnunet_earlymid,203,0.4599581349302718,0.41634074434070234,0.04361739058956944,0.018522975895199408,0.07026494104509054,99,63,0.0002523969962445001,0.0009087918882878576,0.021453744680782507,0.07361214295131646
malignant,nnunetcbam_multidecoder,nnunetcbam_earlymid,203,0.4599581349302718,0.43494756730474887,0.02501056762552291,0.008111555184764113,0.04495235571321507,90,65,0.002720181996371457,0.0028800982743523306,0.20673383172423074,0.2160073705764248
malignant,nnunetcbam_multidecoder,nnunet_mid,203,0.4599581349302718,0.4304125033155286,0.029545631614743172,0.0011908771091394556,0.05712186418192591,98,69,0.006254383885136136,0.04294318583298353,0.45391085546427545,1.0
malignant,nnunetcbam_multidecoder,nnunetcbam_mid,203,0.4599581349302718,0.42553867560630565,0.034419459323966145,0.011626631886117704,0.05768198393516572,90,67,0.00684700159276854,0.0031739752437603616,0.4792901114937978,0.23487416803826677
malignant,nnunetcbam_multidecoder,segformer_mid,203,0.4599581349302718,0.39725773466400405,0.06270040026626779,0.026715804453797728,0.1002333721762988,104,63,0.0012680319505621019,0.0007880873886545352,0.10017452409440605,0.06462316586967189
malignant,segformer_early,nnunet_earlymid,203,0.38248679133048896,0.41634074434070234,-0.033853953010213364,-0.06733927759233076,0.000773509037556287,77,81,0.13935387115440054,0.05646384075731232,1.0,1.0
malignant,segformer_early,nnunetcbam_earlymid,203,0.38248679133048896,0.43494756730474887,-0.052460775974259896,-0.08559420730146546,-0.01807112335020956,71,85,0.01014315660598468,0.0032798490955003026,0.6781733458300958,0.2361491348760218
malignant,segformer_early,nnunet_mid,203,0.38248679133048896,0.4304125033155286,-0.04792571198503964,-0.08430345553173814,-0.010303589355084151,78,88,0.08375665997165556,0.01572148977837681,1.0,1.0
malignant,segformer_early,nnunetcbam_mid,203,0.38248679133048896,0.42553867560630565,-0.043051884275816674,-0.07563386917857425,-0.008065365385461949,76,81,0.12131914723552147,0.018277091498522115,1.0,1.0
malignant,segformer_early,segformer_mid,203,0.38248679133048896,0.39725773466400405,-0.014770943333515026,-0.03619361868780499,0.007585840772072784,69,76,0.31174733731127724,0.18607495414004413,1.0,1.0
malignant,nnunet_earlymid,nnunetcbam_earlymid,203,0.41634074434070234,0.43494756730474887,-0.018606822964046536,-0.04458633025267945,0.005299137352444758,67,90,0.020653981350870543,0.12983361761232343,1.0,1.0
malignant,nnunet_earlymid,nnunet_mid,203,0.41634074434070234,0.4304125033155286,-0.014071758974826277,-0.04619784389351349,0.016918411880361636,84,81,0.3898521907271154,0.3654660244803556,1.0,1.0
malignant,nnunet_earlymid,nnunetcbam_mid,203,0.41634074434070234,0.42553867560630565,-0.009197931265603303,-0.037351340575543165,0.017020613772382884,73,84,0.214029042916978,0.5156155986292924,1.0,1.0
malignant,nnunet_earlymid,segformer_mid,203,0.41634074434070234,0.39725773466400405,0.019083009676698338,-0.01476400804245641,0.05203620814329542,87,74,0.18715065515473628,0.2701308803837682,1.0,1.0
malignant,nnunetcbam_earlymid,nnunet_mid,203,0.43494756730474887,0.4304125033155286,0.004535063989220254,-0.02193968628481019,0.030341981880757693,88,72,0.5774636224171393,0.734398376534225,1.0,1.0
malignant,nnunetcbam_earlymid,nnunetcbam_mid,203,0.43494756730474887,0.42553867560630565,0.00940889169844323,-0.00921551144962323,0.030352843526898973,83,73,0.48350588600666766,0.3684179188259314,1.0,1.0
malignant,nnunetcbam_earlymid,segformer_mid,203,0.43494756730474887,0.39725773466400405,0.03768983264074487,0.0005563009486851596,0.07380791386441549,86,75,0.06730528381682034,0.04033068042459741,1.0,1.0
malignant,nnunet_mid,nnunetcbam_mid,203,0.4304125033155286,0.42553867560630565,0.004873827709222974,-0.018992028793649526,0.0290339579279897,78,83,0.7696429083455715,0.689576560007556,1.0,1.0
malignant,nnunet_mid,segformer_mid,203,0.4304125033155286,0.39725773466400405,0.03315476865152461,-0.007155294535611717,0.07571986772013162,86,81,0.17975766561457818,0.1093045583004395,1.0,1.0
malignant,nnunetcbam_mid,segformer_mid,203,0.42553867560630565,0.39725773466400405,0.028280940942301637,-0.005945594393256048,0.06191158746847789,85,77,0.3185104516286371,0.12513195677355185,1.0,1.0
