model,target,method_a,method_b,auroc_a,auroc_b,difference,ci_low,ci_high,bootstrap_p
nnunet_single,benign,metaseg,one_minus_mean_max_softmax,0.7935512598878935,0.7905128608098905,0.0030383990780030734,-0.00851413950330597,0.01491627222944937,0.615
nnunet_single,benign,metaseg,mean_normalized_entropy,0.7935512598878935,0.7996961600921997,-0.006144900204306136,-0.01564629017075727,0.0031974841302205414,0.184
nnunet_single,benign,metaseg,lguq,0.7935512598878935,0.7764419299072765,0.017109329980617094,-0.0003092107639622837,0.03397311017465414,0.054
nnunet_single,benign,metaseg,standardized_max_logit,0.7935512598878935,0.7707527895646707,0.022798470323222797,-0.003827679520155111,0.05067201878284956,0.09
nnunet_single,benign,metaseg,mahalanobis,0.7935512598878935,0.5743307664099744,0.21922049347791916,0.1742802256917158,0.26341022754594845,0.0
nnunet_single,benign,metaseg,inverse_area,0.7935512598878935,0.7335454974068836,0.06000576248100997,0.02817185078199479,0.09285674013504311,0.0
nnunet_single,malignant,metaseg,one_minus_mean_max_softmax,0.7519563975628332,0.6984148895658797,0.05354150799695345,0.019348576377036197,0.0880445604921947,0.001
nnunet_single,malignant,metaseg,mean_normalized_entropy,0.7519563975628332,0.7079493526275704,0.04400704493526275,0.009446205442442467,0.0770497882924765,0.014
nnunet_single,malignant,metaseg,lguq,0.7519563975628332,0.7179693450114242,0.03398705255140899,0.007852268542042549,0.0621967801639125,0.01
nnunet_single,malignant,metaseg,standardized_max_logit,0.7519563975628332,0.7235386519421173,0.028417745620715862,-0.006314202711515143,0.06455846105151257,0.105
nnunet_single,malignant,metaseg,mahalanobis,0.7519563975628332,0.5469868621477533,0.2049695354150799,0.14798481564322974,0.2627178029745863,0.0
nnunet_single,malignant,metaseg,inverse_area,0.7519563975628332,0.715798743335872,0.036157654226961156,0.0089779396333854,0.06069540208555418,0.004
nnunetcbam_single,benign,metaseg,one_minus_mean_max_softmax,0.7851805035898473,0.768025078369906,0.01715542521994129,0.004803063677481185,0.030162636886174692,0.006
nnunetcbam_single,benign,metaseg,mean_normalized_entropy,0.7851805035898473,0.7803215694205683,0.004858934169278961,-0.006007694431278801,0.016230655904944703,0.406
nnunetcbam_single,benign,metaseg,lguq,0.7851805035898473,0.7616745879259783,0.023505915663868948,0.0046368361308370435,0.04151442377419349,0.012
nnunetcbam_single,benign,metaseg,standardized_max_logit,0.7851805035898473,0.8143846698351704,-0.029204166245323182,-0.04910133409796582,-0.009174984685031992,0.006
nnunetcbam_single,benign,metaseg,mahalanobis,0.7851805035898473,0.5593740519769441,0.22580645161290314,0.18092334930305162,0.2702706669894197,0.0
nnunetcbam_single,benign,metaseg,inverse_area,0.7851805035898473,0.7501542117504297,0.03502629183941752,0.007724557297490722,0.06308809434400556,0.015
nnunetcbam_single,malignant,metaseg,one_minus_mean_max_softmax,0.7283682924013593,0.6657481441327491,0.06262014826861018,0.018632525138292198,0.10304315815332823,0.004
nnunetcbam_single,malignant,metaseg,mean_normalized_entropy,0.7283682924013593,0.6849317131198145,0.04343657928154476,0.0006619038880659152,0.08300320316386524,0.048
nnunetcbam_single,malignant,metaseg,lguq,0.7283682924013593,0.6987948783585048,0.029573414042854407,-0.0009447696637931898,0.061237640064731265,0.058
nnunetcbam_single,malignant,metaseg,standardized_max_logit,0.7283682924013593,0.7315404576551073,-0.0031721652537480827,-0.038584021763622176,0.030207665048199658,0.878
nnunetcbam_single,malignant,metaseg,mahalanobis,0.7283682924013593,0.5441518222382838,0.1842164701630754,0.1254386612910639,0.23876840043618397,0.0
nnunetcbam_single,malignant,metaseg,inverse_area,0.7283682924013593,0.7025568053485115,0.025811487052847748,0.00029767925666341076,0.053119456222926145,0.047
segformer_single,benign,metaseg,one_minus_mean_max_softmax,0.7782697368421052,0.7674013157894737,0.010868421052631527,-0.0032021708367375276,0.024675805724884252,0.124
segformer_single,benign,metaseg,mean_normalized_entropy,0.7782697368421052,0.7723684210526316,0.005901315789473616,-0.0060766497585220455,0.018187218253471173,0.333
segformer_single,benign,metaseg,lguq,0.7782697368421052,0.7512796052631578,0.026990131578947363,0.013322122084086818,0.04165286502706028,0.0
segformer_single,benign,metaseg,standardized_max_logit,0.7782697368421052,0.7165032894736842,0.06176644736842096,0.031933632804648275,0.09019575941615324,0.0
segformer_single,benign,metaseg,mahalanobis,0.7782697368421052,0.47848684210526315,0.29978289473684205,0.24737445247685924,0.3507218882182762,0.0
segformer_single,benign,metaseg,inverse_area,0.7782697368421052,0.7315822368421052,0.04668749999999999,0.023877037245526696,0.06982192075142722,0.0
segformer_single,malignant,metaseg,one_minus_mean_max_softmax,0.7890793321021853,0.7849434441366574,0.004135887965527885,-0.016207422790243974,0.028419032398739854,0.683
segformer_single,malignant,metaseg,mean_normalized_entropy,0.7890793321021853,0.7948503385657125,-0.0057710064635272396,-0.022402711354486404,0.013947573055506486,0.552
segformer_single,malignant,metaseg,lguq,0.7890793321021853,0.773324484456756,0.015754847645429337,-0.002814153940345723,0.03965428436703172,0.093
segformer_single,malignant,metaseg,standardized_max_logit,0.7890793321021853,0.8022276084949215,-0.013148276392736191,-0.03513813123106946,0.012198229775027172,0.284
segformer_single,malignant,metaseg,mahalanobis,0.7890793321021853,0.479936134195137,0.3091431979070483,0.23028518689743158,0.3797377892435383,0.0
segformer_single,malignant,metaseg,inverse_area,0.7890793321021853,0.715975107725454,0.07310422437673125,0.04264696395841974,0.10152939846106428,0.0
nnunet_late,benign,metaseg,one_minus_mean_max_softmax,0.7565239036532689,0.7433135661468628,0.0132103375064061,9.95198970893693e-06,0.02670202765321082,0.05
nnunet_late,benign,metaseg,mean_normalized_entropy,0.7565239036532689,0.7530390218903287,0.0034848817629402618,-0.007432843646971823,0.014770262963755568,0.553
nnunet_late,benign,metaseg,lguq,0.7565239036532689,0.729801596017278,0.026722307635990927,0.012072848671874026,0.04113433904649284,0.0
nnunet_late,benign,metaseg,standardized_max_logit,0.7565239036532689,0.7602606340142031,-0.0037367303609341374,-0.02317927861056709,0.01632730575578444,0.701
nnunet_late,benign,metaseg,mahalanobis,0.7565239036532689,0.5660619371842741,0.19046196646899483,0.15643973770961386,0.22413217889459458,0.0
nnunet_late,benign,metaseg,inverse_area,0.7565239036532689,0.7289289113405081,0.027594992312760858,0.007774049446324699,0.046072732650324966,0.001
nnunet_late,malignant,metaseg,one_minus_mean_max_softmax,0.7731164699089714,0.7396533297298625,0.0334631401791089,-0.0064776345410130385,0.08031506325285122,0.103
nnunet_late,malignant,metaseg,mean_normalized_entropy,0.7731164699089714,0.7560777858309891,0.01703868407798237,-0.019350983752162484,0.06095985986423689,0.367
nnunet_late,malignant,metaseg,lguq,0.7731164699089714,0.718118496861295,0.054997973047676396,0.012480271375272783,0.10116181869139121,0.012
nnunet_late,malignant,metaseg,standardized_max_logit,0.7731164699089714,0.7939510828839232,-0.020834612974951816,-0.05647907172098108,0.019622256753538212,0.341
nnunet_late,malignant,metaseg,mahalanobis,0.7731164699089714,0.6644472562436274,0.10866921366534399,0.03972896971288512,0.17359249226558918,0.002
nnunet_late,malignant,metaseg,inverse_area,0.7731164699089714,0.7359495350294215,0.03716693487954992,0.007181051928651455,0.06747775453378346,0.011
nnunetcbam_multihead,benign,metaseg,one_minus_mean_max_softmax,0.7607898776573475,0.7385670093501419,0.022222868307205657,0.008145427805444378,0.03601790498045883,0.001
nnunetcbam_multihead,benign,metaseg,mean_normalized_entropy,0.7607898776573475,0.7523328836581848,0.008456993999162665,-0.004163402695640158,0.020829197546284955,0.2
nnunetcbam_multihead,benign,metaseg,lguq,0.7607898776573475,0.7403288830999675,0.02046099455738004,0.006065402169173978,0.034132736777765196,0.006
nnunetcbam_multihead,benign,metaseg,standardized_max_logit,0.7607898776573475,0.7626878169046843,-0.0018979392473368328,-0.018735929215942873,0.014474820700617319,0.817
nnunetcbam_multihead,benign,metaseg,mahalanobis,0.7607898776573475,0.6059892077964367,0.1548006698609108,0.12191091279802957,0.18974720789834754,0.0
nnunetcbam_multihead,benign,metaseg,inverse_area,0.7607898776573475,0.7394206168302554,0.021369260827092118,0.0007471754949266441,0.04147961156910633,0.045
nnunetcbam_multihead,malignant,metaseg,one_minus_mean_max_softmax,0.7480315666756344,0.6788001076136669,0.06923145906196748,0.034181190972022095,0.10545823851097494,0.0
nnunetcbam_multihead,malignant,metaseg,mean_normalized_entropy,0.7480315666756344,0.7065285624607659,0.04150300421486852,0.01112740224575339,0.07416336621912833,0.007
nnunetcbam_multihead,malignant,metaseg,lguq,0.7480315666756344,0.6770424177203839,0.07098914895525055,0.03565758223506342,0.1087864191370408,0.0
nnunetcbam_multihead,malignant,metaseg,standardized_max_logit,0.7480315666756344,0.7727558066541117,-0.02472423997847728,-0.04919284500503945,0.0009165135576688058,0.059
nnunetcbam_multihead,malignant,metaseg,mahalanobis,0.7480315666756344,0.5718410904851583,0.17619047619047612,0.10837464113728419,0.2422534278455681,0.0
nnunetcbam_multihead,malignant,metaseg,inverse_area,0.7480315666756344,0.7049950677069321,0.04303649896870232,0.011470572598797201,0.07600386927780282,0.008
segformer_late,benign,metaseg,one_minus_mean_max_softmax,0.7603854573413865,0.7476036003977848,0.012781856943601677,-0.00016519715589888293,0.02690504229330716,0.053
segformer_late,benign,metaseg,mean_normalized_entropy,0.7603854573413865,0.7593878179975408,0.0009976393438456688,-0.011706975017283152,0.014168110320337495,0.867
segformer_late,benign,metaseg,lguq,0.7603854573413865,0.7422722665793997,0.018113190761986808,0.004305281549736068,0.03263195380123391,0.009
segformer_late,benign,metaseg,standardized_max_logit,0.7603854573413865,0.738072014310088,0.022313443031298563,-0.0026595373944116258,0.049040373962252734,0.082
segformer_late,benign,metaseg,mahalanobis,0.7603854573413865,0.5347759918409624,0.22560946550042416,0.17429875075087609,0.2772826505318465,0.0
segformer_late,benign,metaseg,inverse_area,0.7603854573413865,0.7236936166967971,0.03669184064458941,0.007538162660908851,0.06381542183179732,0.008
segformer_late,malignant,metaseg,one_minus_mean_max_softmax,0.771171704465574,0.7716033396228742,-0.00043163515730015867,-0.01592454885179875,0.01414457209422106,0.969
segformer_late,malignant,metaseg,mean_normalized_entropy,0.771171704465574,0.7772022642347108,-0.006030559769136801,-0.019402943678271868,0.008216192027706307,0.36
segformer_late,malignant,metaseg,lguq,0.771171704465574,0.7728489153625119,-0.0016772108969378419,-0.017440887380924436,0.012126548138989494,0.801
segformer_late,malignant,metaseg,standardized_max_logit,0.771171704465574,0.7677432880733039,0.003428416392270095,-0.020841835756214042,0.028111073398050735,0.738
segformer_late,malignant,metaseg,mahalanobis,0.771171704465574,0.4810265517283905,0.29014515273718355,0.18688337658748624,0.376706313295134,0.0
segformer_late,malignant,metaseg,inverse_area,0.771171704465574,0.7046690591586814,0.06650264530689265,0.01979509958649831,0.11682976269298274,0.006
nnunet_early,benign,metaseg,one_minus_mean_max_softmax,0.7418326354496567,0.7387692095138904,0.003063425935766362,-0.012618381198188722,0.018513009302762656,0.693
nnunet_early,benign,metaseg,mean_normalized_entropy,0.7418326354496567,0.747693795566136,-0.005861160116479303,-0.021276679126576742,0.00992976855013245,0.477
nnunet_early,benign,metaseg,lguq,0.7418326354496567,0.7211352477309924,0.020697387718664362,-0.0013099999164909333,0.04369854635079256,0.069
nnunet_early,benign,metaseg,standardized_max_logit,0.7418326354496567,0.7573649754500819,-0.015532340000425138,-0.04083298955843877,0.010094900984108025,0.238
nnunet_early,benign,metaseg,mahalanobis,0.7418326354496567,0.5657427678704274,0.1760898675792293,0.13142863409347846,0.22405434897384155,0.0
nnunet_early,benign,metaseg,inverse_area,0.7418326354496567,0.6994069760027207,0.04242565944693599,0.008010229019586838,0.07814759740582998,0.014
nnunet_early,malignant,metaseg,one_minus_mean_max_softmax,0.754934782211002,0.6556720267822842,0.09926275542871776,0.06570154192774531,0.13249940685165965,0.0
nnunet_early,malignant,metaseg,mean_normalized_entropy,0.754934782211002,0.6746976931379544,0.08023708907304761,0.04780697026382123,0.11266642882345544,0.0
nnunet_early,malignant,metaseg,lguq,0.754934782211002,0.7073431754568904,0.04759160675411156,0.0186594706156509,0.07884136525385882,0.0
nnunet_early,malignant,metaseg,standardized_max_logit,0.754934782211002,0.7183744031611876,0.03656037904981435,-0.002929730107061659,0.07666206808852132,0.076
nnunet_early,malignant,metaseg,mahalanobis,0.754934782211002,0.647595265536103,0.10733951667489894,0.06149571714885634,0.15459617664607192,0.0
nnunet_early,malignant,metaseg,inverse_area,0.754934782211002,0.7585249620401369,-0.0035901798291348985,-0.02539374133707889,0.016120271359254625,0.758
nnunetcbam_multidecoder,benign,metaseg,one_minus_mean_max_softmax,0.7284719336992412,0.7070750694277405,0.021396864271500782,0.005849157648931657,0.03713183468571417,0.006
nnunetcbam_multidecoder,benign,metaseg,mean_normalized_entropy,0.7284719336992412,0.7257932256018893,0.002678708097351934,-0.00802579964681555,0.0131426997886828,0.626
nnunetcbam_multidecoder,benign,metaseg,lguq,0.7284719336992412,0.7117928757298113,0.016679057969429922,-0.004171779311145104,0.03795923786246746,0.118
nnunetcbam_multidecoder,benign,metaseg,standardized_max_logit,0.7284719336992412,0.7633224727209115,-0.034850539021670235,-0.058284704720115016,-0.013134351814675198,0.005
nnunetcbam_multidecoder,benign,metaseg,mahalanobis,0.7284719336992412,0.5348341387680129,0.19363779493122835,0.15005543990564654,0.2420494292297382,0.0
nnunetcbam_multidecoder,benign,metaseg,inverse_area,0.7284719336992412,0.7115578054273906,0.01691412827185068,-0.02132243359768473,0.05416247817905926,0.362
nnunetcbam_multidecoder,malignant,metaseg,one_minus_mean_max_softmax,0.7455370779926932,0.6528695885925148,0.09266748940017844,0.032363988659440866,0.15500434893861034,0.002
nnunetcbam_multidecoder,malignant,metaseg,mean_normalized_entropy,0.7455370779926932,0.6689862049583949,0.0765508730342983,0.01571936375171955,0.13913496485247684,0.019
nnunetcbam_multidecoder,malignant,metaseg,lguq,0.7455370779926932,0.6914504954729292,0.05408658251976395,0.01750222543044083,0.09307596336559383,0.004
nnunetcbam_multidecoder,malignant,metaseg,standardized_max_logit,0.7455370779926932,0.7146784618956269,0.030858616097066305,-0.025772173228729073,0.08892889333301332,0.283
nnunetcbam_multidecoder,malignant,metaseg,mahalanobis,0.7455370779926932,0.5486003347955182,0.19693674319717502,0.14308942980387432,0.24877742538730607,0.0
nnunetcbam_multidecoder,malignant,metaseg,inverse_area,0.7455370779926932,0.7080192079764421,0.037517870016251065,0.014573238899133067,0.06022086695407071,0.003
segformer_early,benign,metaseg,one_minus_mean_max_softmax,0.773413962562355,0.7621283400009878,0.011285622561367115,-0.0004154642877902792,0.023701560754243362,0.056
segformer_early,benign,metaseg,mean_normalized_entropy,0.773413962562355,0.7711636291796315,0.0022503333827234018,-0.008050948407423255,0.013115749982538305,0.715
segformer_early,benign,metaseg,lguq,0.773413962562355,0.7544821455030375,0.018931817059317457,0.0067510605740612045,0.030950806967528655,0.001
segformer_early,benign,metaseg,standardized_max_logit,0.773413962562355,0.7127475675408702,0.06066639502148474,0.031965059360619615,0.09046546972049685,0.0
segformer_early,benign,metaseg,mahalanobis,0.773413962562355,0.5133291351805206,0.26008482738183436,0.206816586227529,0.31097601100886707,0.0
segformer_early,benign,metaseg,inverse_area,0.773413962562355,0.7327752259594014,0.040638736602953585,0.016291800938870678,0.06246098446782575,0.0
segformer_early,malignant,metaseg,one_minus_mean_max_softmax,0.7967813119942937,0.7802197802197802,0.01656153177451347,-0.004406463918684572,0.03831711866768061,0.106
segformer_early,malignant,metaseg,mean_normalized_entropy,0.7967813119942937,0.7945634487216637,0.0022178632726299607,-0.01740624834192488,0.020134418133298464,0.774
segformer_early,malignant,metaseg,lguq,0.7967813119942937,0.7787709248155495,0.018010387178744147,-0.00518889309180571,0.03805240366308958,0.115
segformer_early,malignant,metaseg,standardized_max_logit,0.7967813119942937,0.7961348995831754,0.0006464124111182912,-0.026963021424588764,0.027153466779858568,0.929
segformer_early,malignant,metaseg,mahalanobis,0.7967813119942937,0.4706216704188307,0.326159641575463,0.23715611536868275,0.4034331729203752,0.0
segformer_early,malignant,metaseg,inverse_area,0.7967813119942937,0.7298441923188373,0.06693711967545635,0.02424717884114903,0.10724613368221873,0.001
nnunet_earlymid,benign,metaseg,one_minus_mean_max_softmax,0.7426205641492266,0.7315680922050348,0.011052471944191788,0.001923864379806775,0.020547705934707255,0.023
nnunet_earlymid,benign,metaseg,mean_normalized_entropy,0.7426205641492266,0.7448346982104944,-0.002214134061267803,-0.011321883867891066,0.006672041958404437,0.629
nnunet_earlymid,benign,metaseg,lguq,0.7426205641492266,0.7135699120412496,0.02905065210797697,0.012989635478568323,0.04397698526185777,0.0
nnunet_earlymid,benign,metaseg,standardized_max_logit,0.7426205641492266,0.7273915680922051,0.015228996057021549,-0.012459831798616547,0.04322804486468248,0.288
nnunet_earlymid,benign,metaseg,mahalanobis,0.7426205641492266,0.44057324840764334,0.3020473157415833,0.25063648137522904,0.35028665698544714,0.0
nnunet_earlymid,benign,metaseg,inverse_area,0.7426205641492266,0.7013709432817713,0.04124962086745532,0.014819993827314328,0.06714264920571944,0.001
nnunet_earlymid,malignant,metaseg,one_minus_mean_max_softmax,0.7260460885385082,0.6869441075399232,0.03910198099858497,0.009981462622717582,0.06722954697365358,0.007
nnunet_earlymid,malignant,metaseg,mean_normalized_entropy,0.7260460885385082,0.6959899939357186,0.030056094602789574,0.0013341408508115717,0.05897102195263094,0.044
nnunet_earlymid,malignant,metaseg,lguq,0.7260460885385082,0.6978345461896098,0.028211542348898333,-0.002019750372076492,0.0579897612176449,0.062
nnunet_earlymid,malignant,metaseg,standardized_max_logit,0.7260460885385082,0.678289872650091,0.047756215888417164,-0.0004702010661190108,0.09743071698820131,0.054
nnunet_earlymid,malignant,metaseg,mahalanobis,0.7260460885385082,0.5074919142914898,0.2185541742470184,0.14929731027389492,0.29091709692597,0.0
nnunet_earlymid,malignant,metaseg,inverse_area,0.7260460885385082,0.7029639175257731,0.02308217101273502,-0.00856105642679313,0.05388080731631921,0.141
nnunetcbam_earlymid,benign,metaseg,one_minus_mean_max_softmax,0.7848650025471218,0.7684513499745288,0.016413652572592974,0.0011404664324746933,0.033569075757925795,0.036
nnunetcbam_earlymid,benign,metaseg,mean_normalized_entropy,0.7848650025471218,0.7795058583800306,0.005359144167091157,-0.007783630967431271,0.019241097693197495,0.422
nnunetcbam_earlymid,benign,metaseg,lguq,0.7848650025471218,0.7666632705043301,0.01820173204279163,0.003159753008607055,0.0337870504989882,0.016
nnunetcbam_earlymid,benign,metaseg,standardized_max_logit,0.7848650025471218,0.796668364747835,-0.011803362200713208,-0.03157301563563047,0.006931102936454955,0.217
nnunetcbam_earlymid,benign,metaseg,mahalanobis,0.7848650025471218,0.5679419256240448,0.216923076923077,0.17556942920913504,0.2584670207404624,0.0
nnunetcbam_earlymid,benign,metaseg,inverse_area,0.7848650025471218,0.729411614875191,0.055453387671930754,0.024792472431017804,0.08534329183545453,0.001
nnunetcbam_earlymid,malignant,metaseg,one_minus_mean_max_softmax,0.7720687601639983,0.684546714308619,0.08752204585537926,0.0384739613803204,0.13517222731435882,0.0
nnunetcbam_earlymid,malignant,metaseg,mean_normalized_entropy,0.7720687601639983,0.6979431503241027,0.07412560983989558,0.0276454601331867,0.11931904325290214,0.001
nnunetcbam_earlymid,malignant,metaseg,lguq,0.7720687601639983,0.7252513800132848,0.04681738015071346,0.010851589166151018,0.08430684667429646,0.01
nnunetcbam_earlymid,malignant,metaseg,standardized_max_logit,0.7720687601639983,0.7380608809180238,0.03400787924597448,-0.0033459500869191,0.06835154622531621,0.071
nnunetcbam_earlymid,malignant,metaseg,mahalanobis,0.7720687601639983,0.5291234338853387,0.2429453262786596,0.18216437986609207,0.3002641110587543,0.0
nnunetcbam_earlymid,malignant,metaseg,inverse_area,0.7720687601639983,0.7169455324217229,0.055123227742275405,0.024505075966860697,0.08294502451548999,0.0
nnunet_mid,benign,metaseg,one_minus_mean_max_softmax,0.7942663476874003,0.7877591706539075,0.006507177033492795,-0.006090430829457066,0.019850842924470966,0.317
nnunet_mid,benign,metaseg,mean_normalized_entropy,0.7942663476874003,0.7977751196172249,-0.0035087719298245723,-0.014719258214035233,0.008497225702319623,0.535
nnunet_mid,benign,metaseg,lguq,0.7942663476874003,0.77792663476874,0.01633971291866032,-0.0014702492931360166,0.03641040761794483,0.075
nnunet_mid,benign,metaseg,standardized_max_logit,0.7942663476874003,0.762372408293461,0.03189393939393936,0.01144585953854299,0.05260689146787141,0.0
nnunet_mid,benign,metaseg,mahalanobis,0.7942663476874003,0.535829346092504,0.25843700159489635,0.2142689489550701,0.30518321305046414,0.0
nnunet_mid,benign,metaseg,inverse_area,0.7942663476874003,0.7487480063795853,0.04551834130781507,0.018497954219480077,0.07160989958809862,0.0
nnunet_mid,malignant,metaseg,one_minus_mean_max_softmax,0.7697310735968212,0.7252050522203354,0.04452602137648587,0.018863009502257163,0.06951548499174365,0.0
nnunet_mid,malignant,metaseg,mean_normalized_entropy,0.7697310735968212,0.7327384321690584,0.03699264142776282,0.013968658884460836,0.060283147275670794,0.001
nnunet_mid,malignant,metaseg,lguq,0.7697310735968212,0.7255296951131534,0.0442013784836679,0.022307093688544232,0.06690675704829531,0.0
nnunet_mid,malignant,metaseg,standardized_max_logit,0.7697310735968212,0.7567675556887424,0.012963517908078814,-0.012300748877689829,0.03697603328201728,0.321
nnunet_mid,malignant,metaseg,mahalanobis,0.7697310735968212,0.4742505466209392,0.29548052697588206,0.215514186466886,0.3706577000286773,0.0
nnunet_mid,malignant,metaseg,inverse_area,0.7697310735968212,0.7517702749198104,0.017960798677010836,-0.004756044242737331,0.04184570184898708,0.133
nnunetcbam_mid,benign,metaseg,one_minus_mean_max_softmax,0.7985384337784194,0.7781757488271382,0.02036268495128113,0.0023378029598307704,0.037592931271206796,0.025
nnunetcbam_mid,benign,metaseg,mean_normalized_entropy,0.7985384337784194,0.7919794298087333,0.006559003969686117,-0.007117683056655805,0.02047007246459737,0.369
nnunetcbam_mid,benign,metaseg,lguq,0.7985384337784194,0.7667629014796102,0.03177553229880914,0.010242227694968627,0.05279284938999644,0.003
nnunetcbam_mid,benign,metaseg,standardized_max_logit,0.7985384337784194,0.8097979068928185,-0.011259473114399121,-0.03163095816296051,0.00949516310949159,0.259
nnunetcbam_mid,benign,metaseg,mahalanobis,0.7985384337784194,0.5838145073980513,0.21472392638036808,0.17442811122471105,0.2522541550478598,0.0
nnunetcbam_mid,benign,metaseg,inverse_area,0.7985384337784194,0.7490391555395164,0.04949927823890299,0.0204620997854933,0.07813465781303863,0.0
nnunetcbam_mid,malignant,metaseg,one_minus_mean_max_softmax,0.7687565470966281,0.6999023243962516,0.06885422270037656,0.02570424197864174,0.1161707675611141,0.0
nnunetcbam_mid,malignant,metaseg,mean_normalized_entropy,0.7687565470966281,0.7268338948500892,0.041922652246538905,0.0023319360823800986,0.08610354717220878,0.033
nnunetcbam_mid,malignant,metaseg,lguq,0.7687565470966281,0.699930636165454,0.06882591093117407,0.027881429019079623,0.11240445176570375,0.0
nnunetcbam_mid,malignant,metaseg,standardized_max_logit,0.7687565470966281,0.7958721440502817,-0.02711559695365362,-0.059283261473944644,0.009872716091932706,0.145
nnunetcbam_mid,malignant,metaseg,mahalanobis,0.7687565470966281,0.5609410832082897,0.20781546388833838,0.14899649626768066,0.26946387947667405,0.0
nnunetcbam_mid,malignant,metaseg,inverse_area,0.7687565470966281,0.7354088219472835,0.03334772514934459,0.008535837528911776,0.05761949934733608,0.009
segformer_mid,benign,metaseg,one_minus_mean_max_softmax,0.7707664884135472,0.7619934640522876,0.008773024361259596,-0.003915152913252684,0.021466774648046243,0.172
segformer_mid,benign,metaseg,mean_normalized_entropy,0.7707664884135472,0.7670974450386215,0.0036690433749256846,-0.007616353810889815,0.01436683174139465,0.518
segformer_mid,benign,metaseg,lguq,0.7707664884135472,0.7501455733808675,0.02062091503267971,0.008627399212412165,0.03242088754918205,0.002
segformer_mid,benign,metaseg,standardized_max_logit,0.7707664884135472,0.7189661319073084,0.05180035650623882,0.026087806668685494,0.07755839228421818,0.0
segformer_mid,benign,metaseg,mahalanobis,0.7707664884135472,0.5076945929887107,0.26307189542483655,0.20976846439240393,0.3132394639518442,0.0
segformer_mid,benign,metaseg,inverse_area,0.7707664884135472,0.7229931669637552,0.04777332144979207,0.022991718659762066,0.07144037588890262,0.0
segformer_mid,malignant,metaseg,one_minus_mean_max_softmax,0.7947291779258993,0.7813231850117096,0.013405992914189646,-1.0337466896820356e-05,0.0281069719595154,0.051
segformer_mid,malignant,metaseg,mean_normalized_entropy,0.7947291779258993,0.7943163393983066,0.0004128385275926627,-0.011320996751398093,0.014097376424600717,0.982
segformer_mid,malignant,metaseg,lguq,0.7947291779258993,0.7791388938929923,0.015590284032906965,-0.0001561082386453498,0.03457645107799528,0.055
segformer_mid,malignant,metaseg,standardized_max_logit,0.7947291779258993,0.7891145739506396,0.005614603975259702,-0.018947595470124427,0.02916860444481835,0.658
segformer_mid,malignant,metaseg,mahalanobis,0.7947291779258993,0.5055395424247884,0.2891896355011109,0.20937707264338595,0.36305205620696146,0.0
segformer_mid,malignant,metaseg,inverse_area,0.7947291779258993,0.734758752176785,0.059970425749114264,0.014512761083038487,0.10764341184983785,0.003
