model,target,method,units,mean_dice_before,mean_dice_after,mean_difference,ci_low,ci_high,units_improved,units_worse,wilcoxon_p
nnunet_single,benign,one_minus_mean_max_softmax,473,0.5287679100726497,0.5241586989335084,-0.0046092111391412595,-0.008670620698080726,-0.0008516785711303146,57,46,0.6569420734405873
nnunet_single,benign,mean_normalized_entropy,473,0.5287679100726497,0.5255567659959688,-0.0032111440766808626,-0.006617998560090169,8.087965329571994e-06,59,45,0.8891018973457027
nnunet_single,benign,lguq,473,0.5287679100726497,0.5251189856914045,-0.0036489243812452316,-0.0077187481068386795,0.00010742638238132498,60,41,0.5476365175105519
nnunet_single,benign,metaseg,473,0.5287679100726497,0.5215124881433328,-0.00725542192931682,-0.013214621756893988,-0.0013423337340088034,54,49,0.2041171826603666
nnunet_single,benign,standardized_max_logit,473,0.5287679100726497,0.5239365258899406,-0.00483138418270912,-0.009505209232168278,-0.000881519695909078,37,31,0.39230235619279796
nnunet_single,benign,mahalanobis,473,0.5287679100726497,0.5151197560413338,-0.01364815403131598,-0.021920803380328473,-0.006312658522312032,21,38,5.2163637612075614e-05
nnunet_single,benign,inverse_area,473,0.5287679100726497,0.5263156260136036,-0.0024522840590460743,-0.006359153983963163,0.00046693075334889146,48,29,0.44477262689086505
nnunet_single,malignant,one_minus_mean_max_softmax,203,0.4123269840345067,0.40777943721387955,-0.004547546820627124,-0.010110108818765857,-0.00019080096453460003,26,22,0.5586328921299923
nnunet_single,malignant,mean_normalized_entropy,203,0.4123269840345067,0.4060734669673603,-0.006253517067146394,-0.012575621688436057,-0.001342861678464523,25,24,0.3901006648151366
nnunet_single,malignant,lguq,203,0.4123269840345067,0.4073120151925475,-0.005014968841959279,-0.011550497126956364,-3.313825784639655e-05,28,18,0.8881399304241029
nnunet_single,malignant,metaseg,203,0.4123269840345067,0.4103479104481691,-0.0019790735863376165,-0.007564457963025222,0.0025736152754598533,23,17,0.826382224491681
nnunet_single,malignant,standardized_max_logit,203,0.4123269840345067,0.40503981868535566,-0.007287165349151134,-0.014302023819826705,-0.001907751772166342,23,18,0.5044115197324572
nnunet_single,malignant,mahalanobis,203,0.4123269840345067,0.3929599717716886,-0.019367012262818097,-0.037029326589155115,-0.0056881572561813,15,22,0.00794298057735432
nnunet_single,malignant,inverse_area,203,0.4123269840345067,0.40977785225962016,-0.0025491317748866436,-0.006659672486011118,0.0004612361785688066,22,14,0.5189232948468998
nnunetcbam_single,benign,one_minus_mean_max_softmax,473,0.5220444880730369,0.5208815710735755,-0.001162916999461564,-0.003386248283142907,0.0006473177838018096,50,30,0.8893771902105768
nnunetcbam_single,benign,mean_normalized_entropy,473,0.5220444880730369,0.5204440400203897,-0.0016004480526472047,-0.0038505336418700117,0.00019128779894815026,47,31,0.7105883374125911
nnunetcbam_single,benign,lguq,473,0.5220444880730369,0.5189137882512824,-0.0031306998217544746,-0.007304585860886738,3.4168260488243425e-05,47,30,0.7279855166677033
nnunetcbam_single,benign,metaseg,473,0.5220444880730369,0.5197912030249202,-0.0022532850481167183,-0.006299766773060827,0.0006211941677839223,47,32,0.9493429547305401
nnunetcbam_single,benign,standardized_max_logit,473,0.5220444880730369,0.5213499515436631,-0.0006945365293737487,-0.0030652583063784135,0.0015613020108747415,48,28,0.6711699135116926
nnunetcbam_single,benign,mahalanobis,473,0.5220444880730369,0.5150995736227499,-0.006944914450286982,-0.013161592594314379,-0.0018765837206616673,21,26,0.00546690891044932
nnunetcbam_single,benign,inverse_area,473,0.5220444880730369,0.5225185304217571,0.000474042348720134,-0.0004837955958685375,0.0015891713661033383,44,23,0.3206043727551874
nnunetcbam_single,malignant,one_minus_mean_max_softmax,203,0.4288708170940899,0.41675217167216266,-0.012118645421927265,-0.024599768540482878,-0.00245064205565915,25,21,0.3855928365038608
nnunetcbam_single,malignant,mean_normalized_entropy,203,0.4288708170940899,0.4198745560598977,-0.008996261034192215,-0.019648056637195273,-0.000868379776828663,23,21,0.4346026045950566
nnunetcbam_single,malignant,lguq,203,0.4288708170940899,0.4205230196704577,-0.008347797423632246,-0.01935182714884682,-6.558336132822844e-05,28,20,0.9069740528045429
nnunetcbam_single,malignant,metaseg,203,0.4288708170940899,0.4197620410434651,-0.009108776050624828,-0.020539506914721426,-0.0007102578125307877,24,21,0.7205201468991618
nnunetcbam_single,malignant,standardized_max_logit,203,0.4288708170940899,0.4226176728964829,-0.006253144197607005,-0.01733263441176841,0.001172881297520271,26,18,0.9769609550688756
nnunetcbam_single,malignant,mahalanobis,203,0.4288708170940899,0.401170784927772,-0.027700032166317955,-0.04815874645854718,-0.01254054286852703,15,30,0.00013946324645530694
nnunetcbam_single,malignant,inverse_area,203,0.4288708170940899,0.42767106605506405,-0.0011997510390258572,-0.004074102210475328,0.0016279987169054648,20,17,0.7541953267646022
segformer_single,benign,one_minus_mean_max_softmax,473,0.5318778963008063,0.5292517916671122,-0.0026261046336940918,-0.005533338666790207,-0.00045102604628270915,53,34,0.5450250512785255
segformer_single,benign,mean_normalized_entropy,473,0.5318778963008063,0.5298307548965526,-0.0020471414042536173,-0.004990803256060252,0.0003118687705858221,54,35,0.8942189127842184
segformer_single,benign,lguq,473,0.5318778963008063,0.5290174517697526,-0.0028604445310536934,-0.006463768624917742,0.0002744480391735938,54,46,0.10609157247759947
segformer_single,benign,metaseg,473,0.5318778963008063,0.5308818764406935,-0.0009960198601128014,-0.004011697824645584,0.0013803705470649132,51,33,0.9715389393461555
segformer_single,benign,standardized_max_logit,473,0.5318778963008063,0.5171841198451705,-0.014693776455635703,-0.024255162315387435,-0.006962681004009282,36,40,0.0086668771580358
segformer_single,benign,mahalanobis,473,0.5318778963008063,0.5092576668573305,-0.0226202294434757,-0.034964789887809225,-0.0120879809999472,22,55,7.305204108479787e-07
segformer_single,benign,inverse_area,473,0.5318778963008063,0.5310840916747717,-0.0007938046260345491,-0.001661894123977769,-0.00010730962307007395,42,30,0.422279881545523
segformer_single,malignant,one_minus_mean_max_softmax,203,0.3704837518599947,0.3637836777751109,-0.006700074084883796,-0.014072982057489154,-0.0008304309322523199,21,20,0.48005534486310353
segformer_single,malignant,mean_normalized_entropy,203,0.3704837518599947,0.3626647767195743,-0.007818975140420393,-0.015416601160655066,-0.0019595537133096884,20,22,0.16682579851931223
segformer_single,malignant,lguq,203,0.3704837518599947,0.3664341683258797,-0.004049583534115034,-0.008154539991416708,-0.0007771003585818811,15,19,0.13832266710232943
segformer_single,malignant,metaseg,203,0.3704837518599947,0.36451940302643004,-0.005964348833564668,-0.01140581481362031,-0.0016165371130503696,19,22,0.11158538601557666
segformer_single,malignant,standardized_max_logit,203,0.3704837518599947,0.3549260511383826,-0.01555770072161213,-0.026013389461439107,-0.007086571873607986,21,28,0.013089577708093714
segformer_single,malignant,mahalanobis,203,0.3704837518599947,0.29816271310748865,-0.07232103875250605,-0.09834510494155048,-0.04800366943507725,9,54,3.747797205360313e-10
segformer_single,malignant,inverse_area,203,0.3704837518599947,0.3645592834419894,-0.005924468418005312,-0.010848013514151177,-0.0018722982452386181,17,24,0.019225241039748653
nnunet_late,benign,one_minus_mean_max_softmax,473,0.5472194248715455,0.5459296760495287,-0.0012897488220168095,-0.00389071333005679,0.00035186035414621844,41,25,0.49225998894124
nnunet_late,benign,mean_normalized_entropy,473,0.5472194248715455,0.5469088002995245,-0.00031062457202100805,-0.0011754857506332918,0.00043281173683540314,42,26,0.599242324884071
nnunet_late,benign,lguq,473,0.5472194248715455,0.5449759981230718,-0.002243426748473717,-0.005808736844719033,-7.825885951852362e-05,41,36,0.2851567348494145
nnunet_late,benign,metaseg,473,0.5472194248715455,0.5450684233536519,-0.0021510015178936026,-0.0048444246199070935,-0.00018806153190345946,44,42,0.18547180790030404
nnunet_late,benign,standardized_max_logit,473,0.5472194248715455,0.5447797447848935,-0.0024396800866520146,-0.005493058936670862,-8.508327257006371e-06,37,27,0.9679934482376463
nnunet_late,benign,mahalanobis,473,0.5472194248715455,0.5415503123812403,-0.005669112490305308,-0.009714256171377115,-0.002337740081953628,28,43,0.00038998728892176515
nnunet_late,benign,inverse_area,473,0.5472194248715455,0.5463817624130127,-0.0008376624585328121,-0.002741318454337268,0.000643391936201978,50,29,0.3816906559264869
nnunet_late,malignant,one_minus_mean_max_softmax,203,0.43042181853349104,0.4307793726126075,0.0003575540791165555,-0.0004359441938995858,0.0013893512650001371,9,7,0.632171630859375
nnunet_late,malignant,mean_normalized_entropy,203,0.43042181853349104,0.4307091166930434,0.00028729815955246316,-0.0005231506563449469,0.0013329426108290908,8,9,1.0
nnunet_late,malignant,lguq,203,0.43042181853349104,0.430156378266838,-0.0002654402666529829,-0.0013014285255679907,0.0006896617451140215,6,9,0.7197265625
nnunet_late,malignant,metaseg,203,0.43042181853349104,0.422578643019472,-0.007843175514018976,-0.017595042839777607,9.196874773505962e-05,12,13,0.325391948223114
nnunet_late,malignant,standardized_max_logit,203,0.43042181853349104,0.42211747114641696,-0.008304347387074008,-0.017970169767242226,-0.0015566866606301633,7,15,0.018956661224365234
nnunet_late,malignant,mahalanobis,203,0.43042181853349104,0.4239723710606919,-0.0064494474727991155,-0.014822582125878144,-0.0004019583656705107,5,13,0.04827880859375
nnunet_late,malignant,inverse_area,203,0.43042181853349104,0.42778212743625993,-0.00263969109723104,-0.009321046707705958,0.0009647947919687569,8,12,0.5216732025146484
nnunetcbam_multihead,benign,one_minus_mean_max_softmax,473,0.548648931548002,0.5468374950232727,-0.0018114365247293366,-0.004392039271114744,7.464804460640251e-05,44,29,0.7519194181042635
nnunetcbam_multihead,benign,mean_normalized_entropy,473,0.548648931548002,0.5466612853750148,-0.0019876461729872066,-0.004520556217325869,-8.980121663919217e-05,37,28,0.663872228039639
nnunetcbam_multihead,benign,lguq,473,0.548648931548002,0.5476508659683038,-0.000998065579698139,-0.003228865667679803,0.00036935946463784446,34,22,0.6774017299535648
nnunetcbam_multihead,benign,metaseg,473,0.548648931548002,0.5470978609044768,-0.0015510706435252785,-0.005600378313238813,0.002071148152622901,65,42,0.45010090853890083
nnunetcbam_multihead,benign,standardized_max_logit,473,0.548648931548002,0.5463207090141354,-0.002328222533866443,-0.004961072409147194,-7.528736854565217e-05,38,34,0.3782984017994033
nnunetcbam_multihead,benign,mahalanobis,473,0.548648931548002,0.5446490607922708,-0.003999870755731123,-0.007914189653750814,-0.0010090499909771735,19,30,0.006674315245536633
nnunetcbam_multihead,benign,inverse_area,473,0.548648931548002,0.5477296544099792,-0.0009192771380227543,-0.0030916520213007934,0.0004407722172515169,34,15,0.21578718136627728
nnunetcbam_multihead,malignant,one_minus_mean_max_softmax,203,0.4505746014718003,0.4489073491241843,-0.0016672523476160227,-0.004352529027396781,0.00038337032254981787,12,12,0.6230943202972412
nnunetcbam_multihead,malignant,mean_normalized_entropy,203,0.4505746014718003,0.4463996319068606,-0.00417496956493966,-0.011099928476163411,0.00020011031138260246,11,11,0.5445904731750488
nnunetcbam_multihead,malignant,lguq,203,0.4505746014718003,0.44643503583557576,-0.004139565636224572,-0.011217756373211657,4.671422279371702e-05,12,13,0.3809836506843567
nnunetcbam_multihead,malignant,metaseg,203,0.4505746014718003,0.44218123715039764,-0.008393364321402646,-0.017762115034739547,-0.0012012866125791768,8,12,0.029575347900390625
nnunetcbam_multihead,malignant,standardized_max_logit,203,0.4505746014718003,0.44725313771662456,-0.0033214637551757507,-0.009987170021683013,0.0003398660766978854,6,8,0.42626953125
nnunetcbam_multihead,malignant,mahalanobis,203,0.4505746014718003,0.43028643816925083,-0.020288163302549463,-0.036977530916183464,-0.007642582050510205,6,25,7.006339728832245e-06
nnunetcbam_multihead,malignant,inverse_area,203,0.4505746014718003,0.44963778104652374,-0.0009368204252765316,-0.0024074308230017205,0.0002368382911304386,9,11,0.4523754119873047
segformer_late,benign,one_minus_mean_max_softmax,473,0.547263144101247,0.5469401670212617,-0.00032297707998524896,-0.0012377890939969981,0.00047767167820885647,43,28,0.9406221959437299
segformer_late,benign,mean_normalized_entropy,473,0.547263144101247,0.5468974681962316,-0.0003656759050151779,-0.001726292820912052,0.0009448740897399576,48,30,0.5786526278323336
segformer_late,benign,lguq,473,0.547263144101247,0.5430202932521727,-0.004242850849074259,-0.008539999859123447,-0.0009410956081096661,44,43,0.09208680891989511
segformer_late,benign,metaseg,473,0.547263144101247,0.547360461069871,9.731696862407651e-05,-0.002121564322898041,0.0023872197487810076,55,38,0.7635821978367703
segformer_late,benign,standardized_max_logit,473,0.547263144101247,0.5447127083219162,-0.002550435779330683,-0.006089878605455791,0.00025862083358617,31,23,0.8870258225454608
segformer_late,benign,mahalanobis,473,0.547263144101247,0.5096413936311308,-0.03762175047011616,-0.052098499159845074,-0.023933559554059004,45,90,2.6508500809829058e-09
segformer_late,benign,inverse_area,473,0.547263144101247,0.5463901925442566,-0.000872951556990472,-0.0024453485489775106,0.00041084100020928724,33,31,0.17888745719311105
segformer_late,malignant,one_minus_mean_max_softmax,203,0.3856665714753265,0.37657782974462717,-0.009088741730699372,-0.017744675794265204,-0.0027484536472636724,14,22,0.002947792294435203
segformer_late,malignant,mean_normalized_entropy,203,0.3856665714753265,0.37659962101741506,-0.00906695045791138,-0.017729707111780086,-0.0026736875718300843,14,21,0.004029071831610054
segformer_late,malignant,lguq,203,0.3856665714753265,0.38037342027235493,-0.005293151202971508,-0.010918694699798713,-0.0013462497668222573,11,22,0.003112601116299629
segformer_late,malignant,metaseg,203,0.3856665714753265,0.37924064761408666,-0.006425923861239815,-0.015375812054631222,-0.0010128784668799197,17,24,0.012706785496447992
segformer_late,malignant,standardized_max_logit,203,0.3856665714753265,0.36676255215148734,-0.018904019323839148,-0.031365155658967386,-0.00843181220198194,11,31,2.4961636881926097e-06
segformer_late,malignant,mahalanobis,203,0.3856665714753265,0.2871907147248412,-0.09847585675048524,-0.13447621736108487,-0.063486438192898,13,69,7.443224080606769e-12
segformer_late,malignant,inverse_area,203,0.3856665714753265,0.3830963350754538,-0.0025702363998726697,-0.005062247384490486,-0.000644871090055601,15,22,0.032264862093143165
nnunet_early,benign,one_minus_mean_max_softmax,473,0.5287183433877507,0.5251324956051183,-0.0035858477826323553,-0.006653247592835325,-0.001070505670478751,37,34,0.1289119547231242
nnunet_early,benign,mean_normalized_entropy,473,0.5287183433877507,0.524859062633746,-0.0038592807540046383,-0.006898515858701277,-0.0013304718531704383,35,35,0.06831022387862787
nnunet_early,benign,lguq,473,0.5287183433877507,0.5227095021383331,-0.006008841249417607,-0.010492910107849774,-0.0023352523546148365,38,39,0.029578104159167656
nnunet_early,benign,metaseg,473,0.5287183433877507,0.5244355145773155,-0.004282828810435223,-0.009112025937225264,-4.442944775815268e-06,50,41,0.3243694130796152
nnunet_early,benign,standardized_max_logit,473,0.5287183433877507,0.5242316525777819,-0.004486690809968739,-0.008428527157225803,-0.0014201084090677105,26,27,0.09342542852251504
nnunet_early,benign,mahalanobis,473,0.5287183433877507,0.5176836324758626,-0.011034710911888068,-0.017001285668422596,-0.005951797848327014,19,42,2.6798755372888192e-06
nnunet_early,benign,inverse_area,473,0.5287183433877507,0.5266842805677528,-0.0020340628199977326,-0.004452804689798917,-0.0002019869341676795,30,28,0.16935887912690228
nnunet_early,malignant,one_minus_mean_max_softmax,203,0.4359922967493558,0.42964379914873674,-0.006348497600619043,-0.01260109143120733,-0.001210207598150515,11,19,0.0803273618221283
nnunet_early,malignant,mean_normalized_entropy,203,0.4359922967493558,0.4302948293971199,-0.00569746735223593,-0.011653804703261104,-0.001105497237988575,12,22,0.06691826332826167
nnunet_early,malignant,lguq,203,0.4359922967493558,0.42961257982520307,-0.00637971692415274,-0.012795320672689858,-0.0011234062284431775,14,24,0.060844782456115354
nnunet_early,malignant,metaseg,203,0.4359922967493558,0.42837603040740907,-0.007616266341946745,-0.015969709300485507,-0.0012730291217228817,13,24,0.016591070889262483
nnunet_early,malignant,standardized_max_logit,203,0.4359922967493558,0.43381969530459774,-0.0021726014447579793,-0.004951211187016077,9.751737102493577e-05,12,16,0.2015676274895668
nnunet_early,malignant,mahalanobis,203,0.4359922967493558,0.4174105084461452,-0.018581788303210597,-0.03306972692344881,-0.0066743509783004345,13,28,0.006113076849942445
nnunet_early,malignant,inverse_area,203,0.4359922967493558,0.43095686148981055,-0.0050354352595451445,-0.010733047432985516,-0.0009157839959194959,12,25,0.013285016742884181
nnunetcbam_multidecoder,benign,one_minus_mean_max_softmax,473,0.5389993898510997,0.5369070434539825,-0.002092346397117167,-0.0048795460361131734,-0.00015401788674558898,29,32,0.18509749378148532
nnunetcbam_multidecoder,benign,mean_normalized_entropy,473,0.5389993898510997,0.537097369234477,-0.0019020206166227766,-0.00466242603006858,4.403915030509778e-06,31,33,0.27568527605631776
nnunetcbam_multidecoder,benign,lguq,473,0.5389993898510997,0.5361548897011584,-0.0028445001499413304,-0.006624697258845036,-4.839907329600858e-05,32,31,0.43512259469770165
nnunetcbam_multidecoder,benign,metaseg,473,0.5389993898510997,0.5348806232649482,-0.004118766586151489,-0.008511174697998083,-0.0004871753823898535,31,46,0.025310911559474417
nnunetcbam_multidecoder,benign,standardized_max_logit,473,0.5389993898510997,0.537354083740057,-0.0016453061110427555,-0.004837791781183184,0.0004898791226565915,31,24,0.9066225825523561
nnunetcbam_multidecoder,benign,mahalanobis,473,0.5389993898510997,0.5322096467533644,-0.006789743097735385,-0.011114309996254575,-0.0031117187166021677,14,32,6.664765118102878e-05
nnunetcbam_multidecoder,benign,inverse_area,473,0.5389993898510997,0.5376231843474821,-0.0013762055036175421,-0.003965779924709832,0.0003308831847275351,26,22,0.7720742559715248
nnunetcbam_multidecoder,malignant,one_minus_mean_max_softmax,203,0.47653586252307967,0.46761068539546513,-0.008925177127614543,-0.016911347844068694,-0.0023404904342357227,24,23,0.3577918653290908
nnunetcbam_multidecoder,malignant,mean_normalized_entropy,203,0.47653586252307967,0.4723837049189064,-0.0041521576041732506,-0.01117863197009244,0.0019524189655170951,29,19,0.4921672703228168
nnunetcbam_multidecoder,malignant,lguq,203,0.47653586252307967,0.4685167064966825,-0.008019156026397127,-0.01769406783254631,-0.0002959899692205575,29,21,0.9313837099567692
nnunetcbam_multidecoder,malignant,metaseg,203,0.47653586252307967,0.4712857115328385,-0.005250150990241141,-0.011647602733363252,7.096775739468732e-05,25,26,0.7499556273330805
nnunetcbam_multidecoder,malignant,standardized_max_logit,203,0.47653586252307967,0.4710494324051192,-0.0054864301179604275,-0.011990942788847613,-0.00018805541399277706,23,20,0.7972007212008521
nnunetcbam_multidecoder,malignant,mahalanobis,203,0.47653586252307967,0.43850710395777703,-0.038028758565302634,-0.06236842170743139,-0.0191834926198035,21,40,9.190664588257492e-05
nnunetcbam_multidecoder,malignant,inverse_area,203,0.47653586252307967,0.47222761989466655,-0.004308242628413088,-0.010863187946436202,0.0014629148029711794,23,28,0.43657033963391956
segformer_early,benign,one_minus_mean_max_softmax,473,0.5498408207785512,0.5480886369457468,-0.0017521838328043366,-0.004277053492342232,0.0003425280252777303,48,39,0.8126460726176096
segformer_early,benign,mean_normalized_entropy,473,0.5498408207785512,0.5488205854483602,-0.0010202353301911173,-0.0026479470763268397,0.0003686921443462928,48,35,0.9457044272029627
segformer_early,benign,lguq,473,0.5498408207785512,0.5491320609579486,-0.0007087598206026123,-0.002078999731580692,0.0005889729477534472,56,44,0.8689128190274791
segformer_early,benign,metaseg,473,0.5498408207785512,0.5494047843881144,-0.0004360363904369364,-0.002104550339515026,0.0010185661803584014,58,38,0.6663166462973729
segformer_early,benign,standardized_max_logit,473,0.5498408207785512,0.5474926351675585,-0.0023481856109925704,-0.005418610100212311,-0.00017789821097135539,25,20,0.5382812738724851
segformer_early,benign,mahalanobis,473,0.5498408207785512,0.5139195154376108,-0.03592130534094037,-0.049673022062160795,-0.023546864877467183,35,80,2.6378598619835245e-09
segformer_early,benign,inverse_area,473,0.5498408207785512,0.5490015572960165,-0.0008392634825347009,-0.0029971559132714893,0.0006880781279064852,47,34,0.8820974495253582
segformer_early,malignant,one_minus_mean_max_softmax,203,0.38248679133048896,0.37727506549161444,-0.005211725838874603,-0.010298072456795237,-0.0011183326539683865,13,17,0.13473508320748806
segformer_early,malignant,mean_normalized_entropy,203,0.38248679133048896,0.37610494586531157,-0.006381845465177462,-0.011898884623986852,-0.001892924948777568,15,17,0.1437781504355371
segformer_early,malignant,lguq,203,0.38248679133048896,0.3784782831029811,-0.004008508227507894,-0.008948026948168106,-0.0003466010969119928,16,15,0.5421982295811176
segformer_early,malignant,metaseg,203,0.38248679133048896,0.37775136798650444,-0.004735423343984597,-0.010538949356637588,-0.000429831922736447,13,21,0.05704390583559871
segformer_early,malignant,standardized_max_logit,203,0.38248679133048896,0.3664497995954405,-0.016036991735048484,-0.027219552403003874,-0.006191071497051206,13,22,0.0014276845613494515
segformer_early,malignant,mahalanobis,203,0.38248679133048896,0.301406789960099,-0.08108000137039001,-0.11090595598812676,-0.0539483236416738,8,58,1.6450790243807359e-10
segformer_early,malignant,inverse_area,203,0.38248679133048896,0.38173554339016585,-0.0007512479403230913,-0.001903497207185607,-2.7398224028749772e-05,12,11,0.25945234298706055
nnunet_earlymid,benign,one_minus_mean_max_softmax,473,0.5418305236286961,0.5376135173131467,-0.004217006315549369,-0.009066333948301962,-0.0006371141980824208,41,39,0.09135498070419286
nnunet_earlymid,benign,mean_normalized_entropy,473,0.5418305236286961,0.5381073791745965,-0.003723144454099538,-0.007713594954492577,-0.0006556068005723201,46,43,0.08991433028382301
nnunet_earlymid,benign,lguq,473,0.5418305236286961,0.5383717274697363,-0.0034587961589597426,-0.006965493930048604,-0.0007965956946999357,30,36,0.013549371637351789
nnunet_earlymid,benign,metaseg,473,0.5418305236286961,0.5368754460766577,-0.004955077552038334,-0.00928348522808552,-0.0015344448346224955,47,46,0.06560974395246537
nnunet_earlymid,benign,standardized_max_logit,473,0.5418305236286961,0.5376827868192352,-0.004147736809460884,-0.0093562761326855,0.00017083926124089607,41,44,0.23764836707837667
nnunet_earlymid,benign,mahalanobis,473,0.5418305236286961,0.5320930169074992,-0.009737506721196844,-0.015588218535684168,-0.004781913802820106,17,34,2.9078410868754274e-05
nnunet_earlymid,benign,inverse_area,473,0.5418305236286961,0.537733558756205,-0.004096964872491078,-0.007911012913835018,-0.0010279235577441573,43,44,0.019698237387553653
nnunet_earlymid,malignant,one_minus_mean_max_softmax,203,0.4207847118182272,0.418012959816007,-0.0027717520022201053,-0.005695071782587173,-0.00033257528046929627,16,25,0.05285035588167375
nnunet_earlymid,malignant,mean_normalized_entropy,203,0.4207847118182272,0.4175040627349709,-0.0032806490832561833,-0.006370039687388244,-0.0007673699399446517,17,25,0.02412105814573806
nnunet_earlymid,malignant,lguq,203,0.4207847118182272,0.4164951455946087,-0.0042895662236184144,-0.00786226251649166,-0.0013153966957921916,16,25,0.015384664484372479
nnunet_earlymid,malignant,metaseg,203,0.4207847118182272,0.4088206489877113,-0.01196406283051579,-0.02177891971260174,-0.004234514129220109,16,31,0.0004285619138642005
nnunet_earlymid,malignant,standardized_max_logit,203,0.4207847118182272,0.4181145017469104,-0.002670210071316747,-0.004919306832859196,-0.0007151415317785381,14,18,0.04976938618347049
nnunet_earlymid,malignant,mahalanobis,203,0.4207847118182272,0.3822338864185109,-0.03855082539971626,-0.06350613310831918,-0.016869084710867767,5,32,1.2911477824673057e-06
nnunet_earlymid,malignant,inverse_area,203,0.4207847118182272,0.41735411742654915,-0.0034305943916780094,-0.009499790777540892,7.829740295314321e-05,12,18,0.08793856762349606
nnunetcbam_earlymid,benign,one_minus_mean_max_softmax,473,0.5346502358200764,0.5328504904056568,-0.001799745414419721,-0.004300533036156113,0.000458352949748286,43,35,0.4445422423215363
nnunetcbam_earlymid,benign,mean_normalized_entropy,473,0.5346502358200764,0.5325355087261188,-0.002114727093957648,-0.006067699891744447,0.0010622755244210367,44,33,0.7279855166677033
nnunetcbam_earlymid,benign,lguq,473,0.5346502358200764,0.5316098018528685,-0.003040433967208007,-0.007190096271916172,9.613890905055688e-05,43,31,0.5552561294693862
nnunetcbam_earlymid,benign,metaseg,473,0.5346502358200764,0.5338584933183486,-0.0007917425017278888,-0.0034405985689219152,0.0016232198565910665,47,30,0.7898025539486775
nnunetcbam_earlymid,benign,standardized_max_logit,473,0.5346502358200764,0.5354843436225526,0.0008341078024760621,-0.001407899882702814,0.003042218695361101,44,25,0.11241975889494116
nnunetcbam_earlymid,benign,mahalanobis,473,0.5346502358200764,0.5246501934439276,-0.010000042376148878,-0.015912595407847386,-0.005056445512453089,25,37,0.00015971082004741574
nnunetcbam_earlymid,benign,inverse_area,473,0.5346502358200764,0.5319751986810151,-0.0026750371390613626,-0.006349956113013283,-5.225263675793172e-07,40,30,0.4277948674432176
nnunetcbam_earlymid,malignant,one_minus_mean_max_softmax,203,0.44534146594848645,0.44059815414916825,-0.00474331179931817,-0.012289431992623064,0.0015962107103395643,20,17,0.8463444494118448
nnunetcbam_earlymid,malignant,mean_normalized_entropy,203,0.44534146594848645,0.44447957682167144,-0.0008618891268149836,-0.006030829495426488,0.003314386917188841,21,14,0.36783619777997956
nnunetcbam_earlymid,malignant,lguq,203,0.44534146594848645,0.4435671042864611,-0.0017743616620252377,-0.007522218419742905,0.0027574774878655634,22,15,0.33082638670748565
nnunetcbam_earlymid,malignant,metaseg,203,0.44534146594848645,0.44157304748541326,-0.0037684184630731635,-0.01125482123972524,0.0021279113487753794,27,14,0.1927373912940311
nnunetcbam_earlymid,malignant,standardized_max_logit,203,0.44534146594848645,0.44331064898483824,-0.0020308169636481794,-0.007644597756907684,0.0024810189586787356,20,16,0.80990211723838
nnunetcbam_earlymid,malignant,mahalanobis,203,0.44534146594848645,0.41892928209608055,-0.026412183852405843,-0.047599072408631524,-0.009132674751402775,16,31,0.0008620196191060359
nnunetcbam_earlymid,malignant,inverse_area,203,0.44534146594848645,0.44272319749791866,-0.0026182684505677524,-0.008138977659193976,0.0014559186346593236,20,12,0.5360624515451491
nnunet_mid,benign,one_minus_mean_max_softmax,473,0.5232043250280428,0.520023533621313,-0.0031807914067298027,-0.007531451053947144,0.0004359688548926812,54,28,0.3102326548323503
nnunet_mid,benign,mean_normalized_entropy,473,0.5232043250280428,0.5201029356460655,-0.003101389381977346,-0.007529015563699127,0.0006273423061155042,60,30,0.23922385814146097
nnunet_mid,benign,lguq,473,0.5232043250280428,0.522189677831831,-0.0010146471962118049,-0.004557059428004072,0.001266181364219094,56,27,0.24512403363838708
nnunet_mid,benign,metaseg,473,0.5232043250280428,0.520945696011502,-0.00225862901654084,-0.0064324051070155175,0.0011942247866617462,53,29,0.3327924050925901
nnunet_mid,benign,standardized_max_logit,473,0.5232043250280428,0.5170872327843907,-0.006117092243652127,-0.012749245645951628,-0.0001966476171846004,44,34,0.627234235776302
nnunet_mid,benign,mahalanobis,473,0.5232043250280428,0.5132470273058084,-0.009957297722234321,-0.01691044232502272,-0.00421398914763597,16,28,0.00011516199822381168
nnunet_mid,benign,inverse_area,473,0.5232043250280428,0.5220975320333502,-0.0011067929946925615,-0.0023635057584191063,3.1795800106634114e-05,51,30,0.8414008511393343
nnunet_mid,malignant,one_minus_mean_max_softmax,203,0.43213740593465383,0.42965999435862207,-0.002477411576031781,-0.006748939402504139,0.0004429540125420797,16,20,0.5393326855264604
nnunet_mid,malignant,mean_normalized_entropy,203,0.43213740593465383,0.42882359141200305,-0.0033138145226508015,-0.007556105701352308,-0.00042634769476244824,16,22,0.20437959598348243
nnunet_mid,malignant,lguq,203,0.43213740593465383,0.42482278505050197,-0.0073146208841517865,-0.01609003848730789,-0.0014053680379372505,18,22,0.14608894804041483
nnunet_mid,malignant,metaseg,203,0.43213740593465383,0.4266415207557735,-0.00549588517888027,-0.016169301394792543,0.0015663053639112818,17,20,0.3016992649791064
nnunet_mid,malignant,standardized_max_logit,203,0.43213740593465383,0.430238980541433,-0.0018984253932207852,-0.006641381600523286,0.0021629723357847173,13,22,0.3765889282221906
nnunet_mid,malignant,mahalanobis,203,0.43213740593465383,0.40975512501882005,-0.022382280915833795,-0.04413690511427189,-0.006839392760429884,10,32,7.350867372224457e-05
nnunet_mid,malignant,inverse_area,203,0.43213740593465383,0.4318053222976871,-0.00033208363696666246,-0.0016128261454586472,0.0009047332033278032,15,17,0.9485435066744685
nnunetcbam_mid,benign,one_minus_mean_max_softmax,473,0.5285855788387144,0.528523756838104,-6.182200061044635e-05,-0.0032634240642371443,0.00277755190352457,55,33,0.1723282903232224
nnunetcbam_mid,benign,mean_normalized_entropy,473,0.5285855788387144,0.5283855293138212,-0.00020004952489319973,-0.0033842470231102415,0.002624530803116836,57,34,0.2543375886836149
nnunetcbam_mid,benign,lguq,473,0.5285855788387144,0.5298003472464211,0.0012147684077066718,-0.0007234092406300267,0.0034709581820088565,54,27,0.11311714399300418
nnunetcbam_mid,benign,metaseg,473,0.5285855788387144,0.5287619162579096,0.0001763374191951917,-0.003487473876774095,0.0036546967123909707,62,37,0.17234632102490177
nnunetcbam_mid,benign,standardized_max_logit,473,0.5285855788387144,0.5288384145473443,0.00025283570862979886,-0.0032809806573863326,0.00365087759807917,65,35,0.14678735530224346
nnunetcbam_mid,benign,mahalanobis,473,0.5285855788387144,0.5209005525802057,-0.007685026258508685,-0.013302597683975619,-0.003233698518220966,17,29,0.0003408411147631796
nnunetcbam_mid,benign,inverse_area,473,0.5285855788387144,0.5289995609171754,0.00041398207846093997,-0.0007147964742021527,0.0016640985581718383,45,23,0.2583012295938948
nnunetcbam_mid,malignant,one_minus_mean_max_softmax,203,0.44072681456427937,0.4400103161697482,-0.0007164983945312191,-0.003914989032243987,0.0018531030932681155,23,15,0.5466485265933443
nnunetcbam_mid,malignant,mean_normalized_entropy,203,0.44072681456427937,0.43942436267501206,-0.001302451889267357,-0.004319540890796436,0.0012276958306828888,25,16,0.7778987687379413
nnunetcbam_mid,malignant,lguq,203,0.44072681456427937,0.43303466816264125,-0.00769214640163815,-0.017883595040539407,-0.000507035103643027,23,20,0.3529712356851178
nnunetcbam_mid,malignant,metaseg,203,0.44072681456427937,0.4366862258675838,-0.004040588696695568,-0.008042504462346896,-0.0003240871487981113,25,26,0.19260484260317556
nnunetcbam_mid,malignant,standardized_max_logit,203,0.44072681456427937,0.4386899920215375,-0.00203682254274187,-0.00504650537319793,0.0005420042365906605,20,17,0.6545244270091644
nnunetcbam_mid,malignant,mahalanobis,203,0.44072681456427937,0.4183345168063974,-0.022392297757882044,-0.04214380451737941,-0.007335038046317114,9,31,7.137441571103409e-07
nnunetcbam_mid,malignant,inverse_area,203,0.44072681456427937,0.4377462682358045,-0.0029805463284749184,-0.006594184573004597,-2.553830888712926e-05,16,20,0.2581243624736089
segformer_mid,benign,one_minus_mean_max_softmax,473,0.545116153372727,0.5439617604743066,-0.0011543928984206154,-0.0031577837556710005,0.0005360655140524798,50,30,0.5649163679120451
segformer_mid,benign,mean_normalized_entropy,473,0.545116153372727,0.5435589453011109,-0.0015572080716162516,-0.0036288110271203403,0.00017409185393229567,41,26,0.7264796702949043
segformer_mid,benign,lguq,473,0.545116153372727,0.5415579313683089,-0.003558222004418247,-0.0066160391314148866,-0.0010225137059196388,46,39,0.23418452125169487
segformer_mid,benign,metaseg,473,0.545116153372727,0.5419180001209388,-0.0031981532517882626,-0.006923398259310422,0.00014246402870914186,46,39,0.26478243503835597
segformer_mid,benign,standardized_max_logit,473,0.545116153372727,0.5382701716335199,-0.00684598173920727,-0.012100261108541418,-0.0020994094054449766,29,27,0.07016055247281158
segformer_mid,benign,mahalanobis,473,0.545116153372727,0.5137497107438272,-0.03136644262889989,-0.045773625140954365,-0.018618710418671053,38,83,1.3763604987714366e-08
segformer_mid,benign,inverse_area,473,0.545116153372727,0.5436996282586422,-0.0014165251140848786,-0.003123132375149376,-0.00014783042994679545,30,21,0.646018836426024
segformer_mid,malignant,one_minus_mean_max_softmax,203,0.397257734664004,0.39304881708248723,-0.004208917581516829,-0.008539957009952068,-0.0007793685279868847,27,23,0.24513084584396871
segformer_mid,malignant,mean_normalized_entropy,203,0.397257734664004,0.3886599086956689,-0.008597825968335084,-0.015517005112278652,-0.0030255840167803787,26,25,0.07962976613642674
segformer_mid,malignant,lguq,203,0.397257734664004,0.389872574139922,-0.007385160524082017,-0.015988979958955356,-0.0016298443741623524,29,18,0.7972950353594399
segformer_mid,malignant,metaseg,203,0.397257734664004,0.3933682753716354,-0.0038894592923685773,-0.007990387131924416,-0.0005055884115199104,29,21,0.559104623193516
segformer_mid,malignant,standardized_max_logit,203,0.397257734664004,0.3815039492554595,-0.015753785408544524,-0.0267895257937348,-0.006963735897858096,26,29,0.007523075076860826
segformer_mid,malignant,mahalanobis,203,0.397257734664004,0.3203739920984291,-0.07688374256557487,-0.10935525875726747,-0.04841690998394515,12,59,2.816630895372168e-10
segformer_mid,malignant,inverse_area,203,0.397257734664004,0.39463824793770247,-0.0026194867263014997,-0.0063373357881446905,-0.0002771910967070017,22,19,0.38920910656815977
