target,model_a,model_b,lesions,detected_a,detected_b,only_a,only_b,mcnemar_p,holm_p
benign,nnunet_single,nnunetcbam_single,1240,622,608,33,19,0.07039422106706228,1.0
benign,nnunet_single,segformer_single,1240,622,733,56,167,5.172276908214181e-14,2.4826929159428068e-12
benign,nnunet_single,nnunet_late,1240,622,763,25,166,9.907939068250734e-27,7.728192473235572e-25
benign,nnunet_single,nnunetcbam_multihead,1240,622,811,16,205,5.707381503801796e-43,5.136643353421616e-41
benign,nnunet_single,segformer_late,1240,622,761,49,188,2.2148075690167952e-20,1.328884541410077e-18
benign,nnunet_single,nnunet_early,1240,622,635,21,34,0.10478948242660333,1.0
benign,nnunet_single,nnunetcbam_multidecoder,1240,622,639,15,32,0.018623836615006432,0.48421975199016726
benign,nnunet_single,segformer_early,1240,622,774,45,197,7.240997145155427e-24,5.285927915963462e-22
benign,nnunet_single,nnunet_earlymid,1240,622,762,13,153,1.681847711021283e-31,1.3791151230374522e-29
benign,nnunet_single,nnunetcbam_earlymid,1240,622,642,11,31,0.002887247974285856,0.08950468720286153
benign,nnunet_single,nnunet_mid,1240,622,641,15,34,0.009399241523873059,0.2537795211445726
benign,nnunet_single,nnunetcbam_mid,1240,622,637,14,29,0.03153949735315109,0.7569479364756262
benign,nnunet_single,segformer_mid,1240,622,771,47,196,8.133762764462149e-23,5.4496210521896395e-21
benign,nnunetcbam_single,segformer_single,1240,608,733,52,177,3.89425300821245e-17,1.9860690341883494e-15
benign,nnunetcbam_single,nnunet_late,1240,608,763,20,175,4.2533785903815133e-32,3.530304230016656e-30
benign,nnunetcbam_single,nnunetcbam_multihead,1240,608,811,8,211,2.8440852129766495e-52,2.588117543808751e-50
benign,nnunetcbam_single,segformer_late,1240,608,761,39,192,1.7942688383163434e-25,1.363644317120421e-23
benign,nnunetcbam_single,nnunet_early,1240,608,635,18,45,0.0008980471786680215,0.028737509717376687
benign,nnunetcbam_single,nnunetcbam_multidecoder,1240,608,639,9,40,9.263546409954415e-06,0.0003520147635782678
benign,nnunetcbam_single,segformer_early,1240,608,774,38,204,1.1864309273173573e-28,9.610090511270594e-27
benign,nnunetcbam_single,nnunet_earlymid,1240,608,762,16,170,1.135218171778601e-33,9.535832642940248e-32
benign,nnunetcbam_single,nnunetcbam_earlymid,1240,608,642,7,41,6.240408438884516e-07,2.4961633755538063e-05
benign,nnunetcbam_single,nnunet_mid,1240,608,641,14,47,2.7191876822818543e-05,0.0009789075656214676
benign,nnunetcbam_single,nnunetcbam_mid,1240,608,637,9,38,2.4904030624384174e-05,0.0009214491331022144
benign,nnunetcbam_single,segformer_mid,1240,608,771,42,205,6.079248951952397e-27,4.802606672042393e-25
benign,segformer_single,nnunet_late,1240,733,763,65,95,0.021573829619037897,0.5393457404759474
benign,segformer_single,nnunetcbam_multihead,1240,733,811,50,128,4.48517899619176e-09,1.8837751784005391e-07
benign,segformer_single,segformer_late,1240,733,761,38,66,0.0077996161848893665,0.21838925317690228
benign,segformer_single,nnunet_early,1240,733,635,154,56,9.0996298185105e-12,4.276826014699935e-10
benign,segformer_single,nnunetcbam_multidecoder,1240,733,639,154,60,1.0312137054445115e-10,4.640461674500302e-09
benign,segformer_single,segformer_early,1240,733,774,28,69,3.803794805755345e-05,0.0013313281820143707
benign,segformer_single,nnunet_earlymid,1240,733,762,78,107,0.039243575739043954,0.902602241998011
benign,segformer_single,nnunetcbam_earlymid,1240,733,642,154,63,5.623339509180136e-10,2.4180359889474586e-08
benign,segformer_single,nnunet_mid,1240,733,641,155,63,3.938051337719424e-10,1.7327425885965463e-08
benign,segformer_single,nnunetcbam_mid,1240,733,637,154,58,3.139549441097278e-11,1.444192742904748e-09
benign,segformer_single,segformer_mid,1240,733,771,41,79,0.0006667238970035186,0.022001888601116112
benign,nnunet_late,nnunetcbam_multihead,1240,763,811,21,69,3.881817444056318e-07,1.5915451520630905e-05
benign,nnunet_late,segformer_late,1240,763,761,71,69,0.9326867554513667,1.0
benign,nnunet_late,nnunet_early,1240,763,635,147,19,1.0499069308703426e-25,8.084283367701638e-24
benign,nnunet_late,nnunetcbam_multidecoder,1240,763,639,146,22,1.200491784430071e-23,8.523491669453504e-22
benign,nnunet_late,segformer_early,1240,763,774,73,84,0.4249115601338558,1.0
benign,nnunet_late,nnunet_earlymid,1240,763,762,53,52,1.0,1.0
benign,nnunet_late,nnunetcbam_earlymid,1240,763,642,144,23,1.3292369395759283e-22,8.772963801201128e-21
benign,nnunet_late,nnunet_mid,1240,763,641,144,22,3.632006880232359e-23,2.5060847473603276e-21
benign,nnunet_late,nnunetcbam_mid,1240,763,637,149,23,8.540343629783613e-24,6.149047413444202e-22
benign,nnunet_late,segformer_mid,1240,763,771,76,84,0.5801292063047094,1.0
benign,nnunetcbam_multihead,segformer_late,1240,811,761,100,50,5.447533103392542e-05,0.0018521612551534643
benign,nnunetcbam_multihead,nnunet_early,1240,811,635,191,15,4.8833682198296925e-40,4.2485303512518324e-38
benign,nnunetcbam_multihead,nnunetcbam_multidecoder,1240,811,639,186,14,1.5864176725511623e-39,1.3643191983939996e-37
benign,nnunetcbam_multihead,segformer_early,1240,811,774,99,62,0.0044031396262927585,0.12769104916249
benign,nnunetcbam_multihead,nnunet_earlymid,1240,811,762,82,33,5.571423208480338e-06,0.00021728550513073317
benign,nnunetcbam_multihead,nnunetcbam_earlymid,1240,811,642,180,11,1.5637040035956178e-40,1.3760595231641438e-38
benign,nnunetcbam_multihead,nnunet_mid,1240,811,641,188,18,6.9694357331473765e-37,5.92402037317527e-35
benign,nnunetcbam_multihead,nnunetcbam_mid,1240,811,637,187,13,1.1804539068010893e-40,1.0506039770529695e-38
benign,nnunetcbam_multihead,segformer_mid,1240,811,771,107,67,0.002999944811506536,0.08999834434519609
benign,segformer_late,nnunet_early,1240,761,635,166,40,1.9435372906100983e-19,1.127251628553857e-17
benign,segformer_late,nnunetcbam_multidecoder,1240,761,639,169,47,2.3731475405411275e-17,1.2340367210813863e-15
benign,segformer_late,segformer_early,1240,761,774,33,46,0.17661055306016424,1.0
benign,segformer_late,nnunet_earlymid,1240,761,762,87,88,1.0,1.0
benign,segformer_late,nnunetcbam_earlymid,1240,761,642,168,49,1.8844825975118428e-16,9.422412987559214e-15
benign,segformer_late,nnunet_mid,1240,761,641,172,52,3.4328936140330143e-16,1.682117870876177e-14
benign,segformer_late,nnunetcbam_mid,1240,761,637,168,44,2.8861451935451892e-18,1.5585184045144022e-16
benign,segformer_late,segformer_mid,1240,761,771,40,50,0.3428331194207882,1.0
benign,nnunet_early,nnunetcbam_multidecoder,1240,635,639,18,22,0.6358280026288412,1.0
benign,nnunet_early,segformer_early,1240,635,774,36,175,4.069521606439701e-23,2.7672746923789964e-21
benign,nnunet_early,nnunet_earlymid,1240,635,762,12,139,1.4342798784369124e-28,1.1474239027495299e-26
benign,nnunet_early,nnunetcbam_earlymid,1240,635,642,20,27,0.38169339766321275,1.0
benign,nnunet_early,nnunet_mid,1240,635,641,23,29,0.48845566937989204,1.0
benign,nnunet_early,nnunetcbam_mid,1240,635,637,22,24,0.8829959121223965,1.0
benign,nnunet_early,segformer_mid,1240,635,771,39,175,9.158083056056354e-22,5.861173155876067e-20
benign,nnunetcbam_multidecoder,segformer_early,1240,639,774,42,177,6.535902118311426e-21,4.0522593133530843e-19
benign,nnunetcbam_multidecoder,nnunet_earlymid,1240,639,762,17,140,3.045784186188178e-25,2.2843381396411333e-23
benign,nnunetcbam_multidecoder,nnunetcbam_earlymid,1240,639,642,10,13,0.6776394844055176,1.0
benign,nnunetcbam_multidecoder,nnunet_mid,1240,639,641,18,20,0.8714146793645341,1.0
benign,nnunetcbam_multidecoder,nnunetcbam_mid,1240,639,637,12,10,0.8318119049072266,1.0
benign,nnunetcbam_multidecoder,segformer_mid,1240,639,771,46,178,1.6236552274835252e-19,9.5795658421528e-18
benign,segformer_early,nnunet_earlymid,1240,774,762,97,85,0.4149313989921115,1.0
benign,segformer_early,nnunetcbam_earlymid,1240,774,642,179,47,2.46694435974038e-19,1.3814888414546128e-17
benign,segformer_early,nnunet_mid,1240,774,641,181,48,2.3453483216798586e-19,1.3368485433575193e-17
benign,segformer_early,nnunetcbam_mid,1240,774,637,178,41,1.5286010457167913e-21,9.630186588015784e-20
benign,segformer_early,segformer_mid,1240,774,771,36,33,0.8099490529189248,1.0
benign,nnunet_earlymid,nnunetcbam_earlymid,1240,762,642,140,20,2.2920782859082585e-23,1.6044548001357809e-21
benign,nnunet_earlymid,nnunet_mid,1240,762,641,144,23,1.3292369395759283e-22,8.772963801201128e-21
benign,nnunet_earlymid,nnunetcbam_mid,1240,762,637,147,22,6.892766865026335e-24,5.100647480119488e-22
benign,nnunet_earlymid,segformer_mid,1240,762,771,89,98,0.5586523317417653,1.0
benign,nnunetcbam_earlymid,nnunet_mid,1240,642,641,18,17,1.0,1.0
benign,nnunetcbam_earlymid,nnunetcbam_mid,1240,642,637,16,11,0.44206833839416504,1.0
benign,nnunetcbam_earlymid,segformer_mid,1240,642,771,50,179,3.1782605548935104e-18,1.6844780940935606e-16
benign,nnunet_mid,nnunetcbam_mid,1240,641,637,23,19,0.6439689563703723,1.0
benign,nnunet_mid,segformer_mid,1240,641,771,50,180,2.0263678807835206e-18,1.1145023344309364e-16
benign,nnunetcbam_mid,segformer_mid,1240,637,771,43,177,1.684162641888371e-20,1.0273392115519063e-18
malignant,nnunet_single,nnunetcbam_single,703,407,415,53,61,0.5122548722298447,1.0
malignant,nnunet_single,segformer_single,703,407,448,62,103,0.0017601917264816252,0.098570736682971
malignant,nnunet_single,nnunet_late,703,407,395,69,57,0.3271229672167791,1.0
malignant,nnunet_single,nnunetcbam_multihead,703,407,407,67,67,1.0,1.0
malignant,nnunet_single,segformer_late,703,407,445,60,98,0.0031196232899818725,0.16534003436903924
malignant,nnunet_single,nnunet_early,703,407,390,62,45,0.12151242187624432,1.0
malignant,nnunet_single,nnunetcbam_multidecoder,703,407,439,40,72,0.003216939951651848,0.16534003436903924
malignant,nnunet_single,segformer_early,703,407,438,67,98,0.019242012792617388,0.7889225244973129
malignant,nnunet_single,nnunet_earlymid,703,407,378,71,42,0.008149691373771186,0.3830354945672458
malignant,nnunet_single,nnunetcbam_earlymid,703,407,435,44,72,0.011849889910578773,0.5332450459760447
malignant,nnunet_single,nnunet_mid,703,407,415,62,70,0.5425074179193993,1.0
malignant,nnunet_single,nnunetcbam_mid,703,407,411,57,61,0.7825558614117508,1.0
malignant,nnunet_single,segformer_mid,703,407,485,48,126,2.901034782387625e-09,2.4948899128533574e-07
malignant,nnunetcbam_single,segformer_single,703,415,448,63,96,0.01092456069174485,0.5025297918202631
malignant,nnunetcbam_single,nnunet_late,703,415,395,67,47,0.0746925300797661,1.0
malignant,nnunetcbam_single,nnunetcbam_multihead,703,415,407,48,40,0.45574127943791237,1.0
malignant,nnunetcbam_single,segformer_late,703,415,445,63,93,0.01994574873683435,0.7889225244973129
malignant,nnunetcbam_single,nnunet_early,703,415,390,64,39,0.017609056867909468,0.7395803884521976
malignant,nnunetcbam_single,nnunetcbam_multidecoder,703,415,439,26,50,0.007905180027859783,0.37944864133726963
malignant,nnunetcbam_single,segformer_early,703,415,438,70,93,0.08454305818434492,1.0
malignant,nnunetcbam_single,nnunet_earlymid,703,415,378,68,31,0.00025534608649658137,0.01659749562227779
malignant,nnunetcbam_single,nnunetcbam_earlymid,703,415,435,31,51,0.03524144017874746,1.0
malignant,nnunetcbam_single,nnunet_mid,703,415,415,52,52,1.0,1.0
malignant,nnunetcbam_single,nnunetcbam_mid,703,415,411,41,37,0.7343420330298466,1.0
malignant,nnunetcbam_single,segformer_mid,703,415,485,56,126,2.2566926168910223e-07,1.8053540935128177e-05
malignant,segformer_single,nnunet_late,703,448,395,99,46,1.275051882677018e-05,0.0009052868367006827
malignant,segformer_single,nnunetcbam_multihead,703,448,407,93,52,0.000833214955476781,0.04915968237313008
malignant,segformer_single,segformer_late,703,448,445,38,35,0.8151212352249976,1.0
malignant,segformer_single,nnunet_early,703,448,390,110,52,6.058495675070983e-06,0.00045438717563032376
malignant,segformer_single,nnunetcbam_multidecoder,703,448,439,78,69,0.509501588634987,1.0
malignant,segformer_single,segformer_early,703,448,438,43,33,0.3018724904870079,1.0
malignant,segformer_single,nnunet_earlymid,703,448,378,118,48,5.480870276242312e-08,4.4943136265186954e-06
malignant,segformer_single,nnunetcbam_earlymid,703,448,435,74,61,0.30168250274562924,1.0
malignant,segformer_single,nnunet_mid,703,448,415,102,69,0.014162270035590603,0.6089776115303959
malignant,segformer_single,nnunetcbam_mid,703,448,411,92,55,0.0028574202527916455,0.15430069365074886
malignant,segformer_single,segformer_mid,703,448,485,23,60,5.973595638605142e-05,0.004002309077865445
malignant,nnunet_late,nnunetcbam_multihead,703,395,407,35,47,0.22424452830608183,1.0
malignant,nnunet_late,segformer_late,703,395,445,42,92,1.8706159525938893e-05,0.0013094311668157225
malignant,nnunet_late,nnunet_early,703,395,390,48,43,0.675222459916057,1.0
malignant,nnunet_late,nnunetcbam_multidecoder,703,395,439,26,70,8.049550377189253e-06,0.0005956667279120048
malignant,nnunet_late,segformer_early,703,395,438,49,92,0.00036817558628419794,0.02282688634962027
malignant,nnunet_late,nnunet_earlymid,703,395,378,54,37,0.09294694311794119,1.0
malignant,nnunet_late,nnunetcbam_earlymid,703,395,435,27,67,4.496432091968554e-05,0.0031025381434583023
malignant,nnunet_late,nnunet_mid,703,395,415,29,49,0.030786495821399938,1.0
malignant,nnunet_late,nnunetcbam_mid,703,395,411,33,49,0.09703091129729907,1.0
malignant,nnunet_late,segformer_mid,703,395,485,41,131,3.6278653192545445e-12,3.2288001341365447e-10
malignant,nnunetcbam_multihead,segformer_late,703,407,445,53,91,0.0019425319700803305,0.10683925835441818
malignant,nnunetcbam_multihead,nnunet_early,703,407,390,59,42,0.11091834966064006,1.0
malignant,nnunetcbam_multihead,nnunetcbam_multidecoder,703,407,439,22,54,0.0003129786008370502,0.019717651852734164
malignant,nnunetcbam_multihead,segformer_early,703,407,438,59,90,0.013712033079849199,0.6033294555133647
malignant,nnunetcbam_multihead,nnunet_earlymid,703,407,378,62,33,0.0038328723848755596,0.19164361924377799
malignant,nnunetcbam_multihead,nnunetcbam_earlymid,703,407,435,22,50,0.0012935849626762883,0.07373434287254843
malignant,nnunetcbam_multihead,nnunet_mid,703,407,415,43,51,0.4704921148903706,1.0
malignant,nnunetcbam_multihead,nnunetcbam_mid,703,407,411,26,30,0.6888797607233395,1.0
malignant,nnunetcbam_multihead,segformer_mid,703,407,485,45,123,1.4454317999387014e-09,1.25752566594667e-07
malignant,segformer_late,nnunet_early,703,445,390,104,49,1.030627900095857e-05,0.0007523583670699756
malignant,segformer_late,nnunetcbam_multidecoder,703,445,439,76,70,0.6791635203785475,1.0
malignant,segformer_late,segformer_early,703,445,438,35,28,0.44996253629022254,1.0
malignant,segformer_late,nnunet_earlymid,703,445,378,114,47,1.3178594042330496e-07,1.0674661174287701e-05
malignant,segformer_late,nnunetcbam_earlymid,703,445,435,73,63,0.4403825433795313,1.0
malignant,segformer_late,nnunet_mid,703,445,415,99,69,0.024968665281135165,0.9238406154020011
malignant,segformer_late,nnunetcbam_mid,703,445,411,84,50,0.004187533834532414,0.20518915789208828
malignant,segformer_late,segformer_mid,703,445,485,14,54,1.109725672785106e-06,8.655860247723827e-05
malignant,nnunet_early,nnunetcbam_multidecoder,703,390,439,26,75,1.1154954264353208e-06,8.655860247723827e-05
malignant,nnunet_early,segformer_early,703,390,438,55,103,0.00016616729130786213,0.010967041226318901
malignant,nnunet_early,nnunet_earlymid,703,390,378,42,30,0.1945051658673991,1.0
malignant,nnunet_early,nnunetcbam_earlymid,703,390,435,29,74,1.0705258229134963e-05,0.0007707785924977173
malignant,nnunet_early,nnunet_mid,703,390,415,42,67,0.021086405713137617,0.8012834170992295
malignant,nnunet_early,nnunetcbam_mid,703,390,411,38,59,0.041729321201286,1.0
malignant,nnunet_early,segformer_mid,703,390,485,46,141,2.0574896752025003e-12,1.8517407076822502e-10
malignant,nnunetcbam_multidecoder,segformer_early,703,439,438,78,77,1.0,1.0
malignant,nnunetcbam_multidecoder,nnunet_earlymid,703,439,378,82,21,1.0696750216702928e-09,9.413140190698576e-08
malignant,nnunetcbam_multidecoder,nnunetcbam_earlymid,703,439,435,36,32,0.716300760154337,1.0
malignant,nnunetcbam_multidecoder,nnunet_mid,703,439,415,61,37,0.019690184799846844,0.7889225244973129
malignant,nnunetcbam_multidecoder,nnunetcbam_mid,703,439,411,48,20,0.0009143907212875585,0.05303466183467839
malignant,nnunetcbam_multidecoder,segformer_mid,703,439,485,62,108,0.0005199074129192242,0.03171435218807268
malignant,segformer_early,nnunet_earlymid,703,438,378,113,53,3.702193808251806e-06,0.00028136672942713725
malignant,segformer_early,nnunetcbam_earlymid,703,438,435,66,63,0.8603106786164316,1.0
malignant,segformer_early,nnunet_mid,703,438,415,99,76,0.09602353131253621,1.0
malignant,segformer_early,nnunetcbam_mid,703,438,411,87,60,0.03164540941802107,1.0
malignant,segformer_early,segformer_mid,703,438,485,12,59,1.3477668518977772e-08,1.118646487075155e-06
malignant,nnunet_earlymid,nnunetcbam_earlymid,703,378,435,22,79,1.012134755360389e-08,8.603145420563306e-07
malignant,nnunet_earlymid,nnunet_mid,703,378,415,31,68,0.00025534608649658137,0.01659749562227779
malignant,nnunet_earlymid,nnunetcbam_mid,703,378,411,28,61,0.0006102590502807983,0.0366155430168479
malignant,nnunet_earlymid,segformer_mid,703,378,485,45,152,8.956372819028326e-15,8.150299265315776e-13
malignant,nnunetcbam_earlymid,nnunet_mid,703,435,415,60,40,0.05688793364098079,1.0
malignant,nnunetcbam_earlymid,nnunetcbam_mid,703,435,411,43,19,0.0031560602510210594,0.16534003436903924
malignant,nnunetcbam_earlymid,segformer_mid,703,435,485,49,99,4.829140790433126e-05,0.0032838157374945258
malignant,nnunet_mid,nnunetcbam_mid,703,415,411,41,37,0.7343420330298466,1.0
malignant,nnunet_mid,segformer_mid,703,415,485,64,134,7.292626800254678e-07,5.761175172201196e-05
malignant,nnunetcbam_mid,segformer_mid,703,411,485,48,122,1.2833414237744779e-08,1.0780067959705613e-06
