target,method,model_a,model_b,auroc_a,auroc_b,difference,ci_low,ci_high,bootstrap_p
benign,metaseg,nnunetcbam_multidecoder,nnunet_single,0.7284719336992412,0.7935512598878935,-0.06507932618865231,-0.10591124821189654,-0.026638768784519175,0.0
benign,metaseg,nnunetcbam_multidecoder,nnunetcbam_single,0.7284719336992412,0.7851805035898473,-0.05670856989060602,-0.09564327816871619,-0.019233172413228472,0.003
benign,metaseg,nnunetcbam_multidecoder,segformer_single,0.7284719336992412,0.7782697368421052,-0.04979780314286397,-0.09105336796848963,-0.005466207880869693,0.032
benign,metaseg,nnunetcbam_multidecoder,nnunet_late,0.7284719336992412,0.7565239036532689,-0.0280519699540277,-0.07043991173085816,0.010679307614241662,0.182
benign,metaseg,nnunetcbam_multidecoder,nnunetcbam_multihead,0.7284719336992412,0.7607898776573475,-0.03231794395810628,-0.07224520198917074,0.008449643199857694,0.127
benign,metaseg,nnunetcbam_multidecoder,segformer_late,0.7284719336992412,0.7603854573413865,-0.03191352364214528,-0.07106668048143898,0.00983484528641944,0.129
benign,metaseg,nnunetcbam_multidecoder,nnunet_early,0.7284719336992412,0.7418326354496567,-0.013360701750415482,-0.057782814276486724,0.029982400584380002,0.546
benign,metaseg,nnunetcbam_multidecoder,segformer_early,0.7284719336992412,0.773413962562355,-0.044942028863113714,-0.08620857800913075,-0.0007330195778924026,0.044
benign,metaseg,nnunetcbam_multidecoder,nnunet_earlymid,0.7284719336992412,0.7426205641492266,-0.014148630449985378,-0.05494134674578186,0.0254114824689483,0.508
benign,metaseg,nnunetcbam_multidecoder,nnunetcbam_earlymid,0.7284719336992412,0.7848650025471218,-0.056393068847880534,-0.09167891587262124,-0.023378275650659572,0.0
benign,metaseg,nnunetcbam_multidecoder,nnunet_mid,0.7284719336992412,0.7942663476874003,-0.0657944139881591,-0.10397442735147727,-0.026542283218090316,0.0
benign,metaseg,nnunetcbam_multidecoder,nnunetcbam_mid,0.7284719336992412,0.7985384337784194,-0.07006650007917814,-0.10552046837975146,-0.03658852126286751,0.0
benign,metaseg,nnunetcbam_multidecoder,segformer_mid,0.7284719336992412,0.7707664884135472,-0.04229455471430599,-0.08410982570460623,0.0002474829096059222,0.052
malignant,metaseg,nnunetcbam_multidecoder,nnunet_single,0.7455370779926932,0.7519563975628332,-0.00641931957013997,-0.04453590582582476,0.0356900890880861,0.762
malignant,metaseg,nnunetcbam_multidecoder,nnunetcbam_single,0.7455370779926932,0.7283682924013593,0.017168785591333946,-0.015523973295589116,0.05107908464700986,0.283
malignant,metaseg,nnunetcbam_multidecoder,segformer_single,0.7455370779926932,0.7890793321021853,-0.043542254109492085,-0.09704445834408554,0.01790570417286156,0.153
malignant,metaseg,nnunetcbam_multidecoder,nnunet_late,0.7455370779926932,0.7731164699089714,-0.02757939191627823,-0.06720009044265789,0.011193547265251066,0.161
malignant,metaseg,nnunetcbam_multidecoder,nnunetcbam_multihead,0.7455370779926932,0.7480315666756344,-0.0024944886829412205,-0.041826031374335146,0.03682875049597311,0.93
malignant,metaseg,nnunetcbam_multidecoder,segformer_late,0.7455370779926932,0.771171704465574,-0.02563462647288084,-0.09084995264583043,0.05321230515771189,0.518
malignant,metaseg,nnunetcbam_multidecoder,nnunet_early,0.7455370779926932,0.754934782211002,-0.009397704218308767,-0.04416039310791227,0.02689037365371746,0.617
malignant,metaseg,nnunetcbam_multidecoder,segformer_early,0.7455370779926932,0.7967813119942937,-0.0512442340016005,-0.12101688581844103,0.02890227971650587,0.204
malignant,metaseg,nnunetcbam_multidecoder,nnunet_earlymid,0.7455370779926932,0.7260460885385082,0.019490989454185037,-0.02667571939899352,0.06508006704744983,0.401
malignant,metaseg,nnunetcbam_multidecoder,nnunetcbam_earlymid,0.7455370779926932,0.7720687601639983,-0.026531682171305082,-0.06220673977999381,0.009837287095491956,0.146
malignant,metaseg,nnunetcbam_multidecoder,nnunet_mid,0.7455370779926932,0.7697310735968212,-0.02419399560412805,-0.06375591765126354,0.011440139947527244,0.208
malignant,metaseg,nnunetcbam_multidecoder,nnunetcbam_mid,0.7455370779926932,0.7687565470966281,-0.02321946910393491,-0.056007842500879035,0.00837949364532536,0.175
malignant,metaseg,nnunetcbam_multidecoder,segformer_mid,0.7455370779926932,0.7947291779258993,-0.04919209993320606,-0.10341427858476995,0.014039514003052972,0.138
