checkpoint,dataset,trainer,plans,network_class,multitask_variant,cbam,cbam_post_norm,batch_size,patch_size,stages,features_per_stage,epochs,initial_lr,weight_decay,momentum,foreground_oversampling,loss_weights,gpu,torch,cudnn,training_log
nnunet_single,Dataset261_BS80KLesionOnly,nnUNetTrainerMultiTask_100epochs,nnUNetPlansA1Lesion2GB,MultiTaskDualHeadUNet,dual_head,False,-,4,896x256,8,32-64-128-256-512-512-512-512,100,0.01,3e-05,0.99,0.33,1.0,NVIDIA GeForce RTX 5070 Ti,2.11.0+cu128,91900,training_log_2026_8_29_14_23_18.txt
nnunetcbam_single,Dataset261_BS80KLesionOnly,nnUNetTrainerMultiTask_100epochs,nnUNetPlansA1ControlledBatch4CBAMPostNorm,MultiTaskDualHeadUNet,dual_head,True,True,4,896x256,8,32-64-128-256-512-512-512-512,100,0.01,3e-05,0.99,0.33,1.0,NVIDIA GeForce RTX 5070 Ti,2.11.0+cu128,91900,training_log_2026_9_2_17_06_55.txt
nnunet_early,Dataset260_BS80KLesionBoneMT,nnUNetTrainerMultiTask_100epochs,nnUNetPlansA3ControlledBatch4,MultiTaskDualDecoderUNet,dual_decoder,False,-,4,896x256,8,32-64-128-256-512-512-512-512,100,0.01,3e-05,0.99,0.33,0.8/0.2,NVIDIA GeForce RTX 5070 Ti,2.11.0+cu128,91900,training_log_2026_8_29_21_27_31.txt
nnunet_earlymid,Dataset260_BS80KLesionBoneMT,nnUNetTrainerMultiTask_100epochs,nnUNetPlansMultiTaskEarlyMid,MultiTaskEarlyMidUNet,early_mid_fission,False,-,4,896x256,8,32-64-128-256-512-512-512-512,100,0.01,3e-05,0.99,0.33,0.8/0.2,NVIDIA GeForce RTX 5070 Ti,2.11.0+cu128,91900,training_log_2026_9_1_21_52_51.txt
nnunet_mid,Dataset260_BS80KLesionBoneMT,nnUNetTrainerMultiTask_100epochs,nnUNetPlansMultiTaskMid,MultiTaskMidUNet,mid_fission,False,-,4,896x256,8,32-64-128-256-512-512-512-512,100,0.01,3e-05,0.99,0.33,0.8/0.2,NVIDIA GeForce RTX 5070 Ti,2.11.0+cu128,91900,training_log_2026_9_1_23_04_25.txt
nnunet_late,Dataset260_BS80KLesionBoneMT,nnUNetTrainerMultiTask_100epochs,nnUNetPlansMultiTask2GB,MultiTaskDualHeadUNet,dual_head,False,-,4,896x256,8,32-64-128-256-512-512-512-512,100,0.01,3e-05,0.99,0.33,0.8/0.2,NVIDIA GeForce RTX 5070 Ti,2.11.0+cu128,91900,training_log_2026_8_29_20_49_44.txt
nnunetcbam_multidecoder,Dataset260_BS80KLesionBoneMT,nnUNetTrainerMultiTaskDualDecoderCBAMWarmStart_100epochs,nnUNetPlansMultiTaskDualDecoderCBAMPostNorm,MultiTaskDualDecoderUNet,dual_decoder,True,True,4,896x256,8,32-64-128-256-512-512-512-512,100,0.01,3e-05,0.99,0.33,0.8/0.2,NVIDIA GeForce RTX 5070 Ti,2.11.0+cu128,91900,training_log_2026_9_5_04_08_26.txt
nnunetcbam_earlymid,Dataset260_BS80KLesionBoneMT,nnUNetTrainerMultiTaskEarlyMidCBAMWarmStart_100epochs,nnUNetPlansMultiTaskEarlyMidCBAMPostNorm,MultiTaskEarlyMidUNet,early_mid_fission,True,True,4,896x256,8,32-64-128-256-512-512-512-512,100,0.01,3e-05,0.99,0.33,0.8/0.2,NVIDIA GeForce RTX 5070 Ti,2.11.0+cu128,91900,training_log_2026_9_10_02_39_53.txt
nnunetcbam_mid,Dataset260_BS80KLesionBoneMT,nnUNetTrainerMultiTaskMidCBAMWarmStart_100epochs,nnUNetPlansMultiTaskMidCBAMPostNorm,MultiTaskMidUNet,mid_fission,True,True,4,896x256,8,32-64-128-256-512-512-512-512,100,0.01,3e-05,0.99,0.33,0.8/0.2,NVIDIA GeForce RTX 5070 Ti,2.11.0+cu128,91900,training_log_2026_9_10_03_52_04.txt
nnunetcbam_multihead,Dataset260_BS80KLesionBoneMT,nnUNetTrainerMultiTaskCBAMWarmStart_100epochs,nnUNetPlansMultiTaskCBAMPostNorm,MultiTaskDualHeadUNet,dual_head,True,True,4,896x256,8,32-64-128-256-512-512-512-512,100,0.01,3e-05,0.99,0.33,0.8/0.2,NVIDIA GeForce RTX 5070 Ti,2.11.0+cu128,91900,training_log_2026_9_4_10_16_52.txt
