model,architecture,fission,target,method,mean_auroc,pooled_auroc,pooled_ci_low,pooled_ci_high,mean_fpr_at_95_tpr,mean_ap_false_positive,false_positive_share
nnunet_single,nnU-Net,single-task,benign,one_minus_mean_max_softmax,0.7893702559601177,0.7905128608098905,0.7583768938369884,0.8230387471528504,0.7032967032967032,0.6547217116389106,0.3269007062733693
nnunet_single,nnU-Net,single-task,benign,mean_normalized_entropy,0.7995613648455431,0.7996961600921997,0.769136118216659,0.8311073056537257,0.7091182626896912,0.6652485343710923,0.3269007062733693
nnunet_single,nnU-Net,single-task,benign,lguq,0.7745512367248159,0.7764419299072765,0.7447363247447457,0.8102231692861416,0.6964939822082679,0.6333482835452247,0.3269007062733693
nnunet_single,nnU-Net,single-task,benign,metaseg,0.7942593405343021,0.7935512598878935,0.7628577862959773,0.8245737104470057,0.7167059131344846,0.6524355643764487,0.3269007062733693
nnunet_single,nnU-Net,single-task,benign,standardized_max_logit,0.7709530186488711,0.7707527895646707,0.73404036520957,0.8045606673023777,0.7673338566195709,0.6079368494195587,0.3269007062733693
nnunet_single,nnU-Net,single-task,benign,mahalanobis,0.5734400505905882,0.5743307664099744,0.5343050084097475,0.6161713651563929,0.9141156462585034,0.39234684662515057,0.3269007062733693
nnunet_single,nnU-Net,single-task,benign,inverse_area,0.7297983456777619,0.7335454974068836,0.6964271896755927,0.771831584679668,0.7145473574045003,0.6000486183465015,0.3269007062733693
nnunet_single,nnU-Net,single-task,malignant,one_minus_mean_max_softmax,0.6966875584424864,0.6984148895658797,0.6573768880103334,0.7405599807962241,0.8252725122270882,0.7225370882180863,0.5485858585858585
nnunet_single,nnU-Net,single-task,malignant,mean_normalized_entropy,0.7067315821111733,0.7079493526275704,0.6642343895281883,0.7501822149812428,0.8194946136879455,0.722824602149957,0.5485858585858585
nnunet_single,nnU-Net,single-task,malignant,lguq,0.7144943445056738,0.7179693450114242,0.6783095304501989,0.7592655938269826,0.7943531630598089,0.7449575974954925,0.5485858585858585
nnunet_single,nnU-Net,single-task,malignant,metaseg,0.7539533620262087,0.7519563975628332,0.7104011050374651,0.7917572429463797,0.817576639069143,0.7607825766390187,0.5485858585858585
nnunet_single,nnU-Net,single-task,malignant,standardized_max_logit,0.7246140310748288,0.7235386519421173,0.6746203736200798,0.7653955150441525,0.8455391106991017,0.7241911971720265,0.5485858585858585
nnunet_single,nnU-Net,single-task,malignant,mahalanobis,0.5449006068645423,0.5469868621477533,0.5039329031725909,0.5895171781109377,0.910486526228303,0.6060066488294829,0.5485858585858585
nnunet_single,nnU-Net,single-task,malignant,inverse_area,0.715926666550122,0.715798743335872,0.6684640615597948,0.7641515958292339,0.8459147140619505,0.7439265077341585,0.5485858585858585
nnunetcbam_single,nnU-Net + CBAM,single-task,benign,one_minus_mean_max_softmax,0.7720012394171635,0.768025078369906,0.7317733856152037,0.8064572276773222,0.7058580208005043,0.6565090508535107,0.34208689582969815
nnunetcbam_single,nnU-Net + CBAM,single-task,benign,mean_normalized_entropy,0.7869762464600822,0.7803215694205683,0.7450500107924426,0.8169143717103925,0.6992790734320833,0.6626437408807677,0.34208689582969815
nnunetcbam_single,nnU-Net + CBAM,single-task,benign,lguq,0.7681187220442844,0.7616745879259783,0.7278502092941341,0.7966528818972095,0.6660494799873936,0.6523128556493203,0.34208689582969815
nnunetcbam_single,nnU-Net + CBAM,single-task,benign,metaseg,0.7838471583256592,0.7851805035898473,0.7510321841177918,0.8220375522571436,0.7178340687046958,0.6426426106347839,0.34208689582969815
nnunetcbam_single,nnU-Net + CBAM,single-task,benign,standardized_max_logit,0.8138543938261524,0.8143846698351704,0.7813820111147829,0.8510780941061832,0.704636779073432,0.6835598832935545,0.34208689582969815
nnunetcbam_single,nnU-Net + CBAM,single-task,benign,mahalanobis,0.5547676027218902,0.5593740519769441,0.5146362866560462,0.6055063763533369,0.8590647652064292,0.4381030328597454,0.34208689582969815
nnunetcbam_single,nnU-Net + CBAM,single-task,benign,inverse_area,0.7493098582552923,0.7501542117504297,0.7116815988141322,0.7886219126871772,0.6998699968484084,0.6314971631952166,0.34208689582969815
nnunetcbam_single,nnU-Net + CBAM,single-task,malignant,one_minus_mean_max_softmax,0.6730874832007507,0.6657481441327491,0.629141203126521,0.700493613826617,0.7996337527649853,0.6995015774724948,0.5261738411839831
nnunetcbam_single,nnU-Net + CBAM,single-task,malignant,mean_normalized_entropy,0.6923432903210978,0.6849317131198145,0.6480650502324226,0.7203548035480533,0.7939496682017624,0.7143426528406696,0.5261738411839831
nnunetcbam_single,nnU-Net + CBAM,single-task,malignant,lguq,0.7042006340093838,0.6987948783585048,0.6525972156915695,0.7435802639055186,0.7909489792218153,0.718781557785974,0.5261738411839831
nnunetcbam_single,nnU-Net + CBAM,single-task,malignant,metaseg,0.7360400842620873,0.7283682924013593,0.6823713052116704,0.7730905405632316,0.7604253544620517,0.7361053440384623,0.5261738411839831
nnunetcbam_single,nnU-Net + CBAM,single-task,malignant,standardized_max_logit,0.7324053653751421,0.7315404576551073,0.6917500633336889,0.770259391754525,0.7738695289552888,0.7381830375725819,0.5261738411839831
nnunetcbam_single,nnU-Net + CBAM,single-task,malignant,mahalanobis,0.5433970223870436,0.5441518222382838,0.496316625610062,0.5893141609913541,0.8708797186060848,0.596230991783393,0.5261738411839831
nnunetcbam_single,nnU-Net + CBAM,single-task,malignant,inverse_area,0.7040811068529229,0.7025568053485115,0.6550962234352169,0.7532856819732627,0.7947564999818689,0.7143696665393271,0.5261738411839831
segformer_single,SegFormer,single-task,benign,one_minus_mean_max_softmax,0.7729499717377183,0.7674013157894737,0.7356347409686393,0.7972222573750435,0.740909090909091,0.6254868408449379,0.3286794648051192
segformer_single,SegFormer,single-task,benign,mean_normalized_entropy,0.7782693808446755,0.7723684210526316,0.7425733009196804,0.8005375607781848,0.7357366771159874,0.6345711148633428,0.3286794648051192
segformer_single,SegFormer,single-task,benign,lguq,0.7580118504565947,0.7512796052631578,0.7199389544131582,0.7816468734243261,0.8167711598746081,0.5736956631596886,0.3286794648051192
segformer_single,SegFormer,single-task,benign,metaseg,0.7782671655553683,0.7782697368421052,0.7477746837873955,0.8057235050808725,0.7274294670846395,0.6266401415438194,0.3286794648051192
segformer_single,SegFormer,single-task,benign,standardized_max_logit,0.7224911617356362,0.7165032894736842,0.6833097456490038,0.7499932005429225,0.8424764890282131,0.5498805797030049,0.3286794648051192
segformer_single,SegFormer,single-task,benign,mahalanobis,0.49572439914093025,0.47848684210526315,0.4381502601536788,0.5180934277509287,0.9269592476489028,0.3455735807465682,0.3286794648051192
segformer_single,SegFormer,single-task,benign,inverse_area,0.7252148691883227,0.7315822368421052,0.7016752155809384,0.7625776291447854,0.7905956112852665,0.5653705027821471,0.3286794648051192
segformer_single,SegFormer,single-task,malignant,one_minus_mean_max_softmax,0.7826007363623967,0.7849434441366574,0.728336959321801,0.8296797616181233,0.8089320388349515,0.6034603218518904,0.33315663474692203
segformer_single,SegFormer,single-task,malignant,mean_normalized_entropy,0.7934869178110251,0.7948503385657125,0.7406108005764456,0.8396638268442401,0.8260582524271844,0.6149695080544167,0.33315663474692203
segformer_single,SegFormer,single-task,malignant,lguq,0.7716721666574073,0.773324484456756,0.7171024273520417,0.8158580666983977,0.7963495145631068,0.604698936057523,0.33315663474692203
segformer_single,SegFormer,single-task,malignant,metaseg,0.7899209238143818,0.7890793321021853,0.73671523859943,0.8313351627462466,0.778368932038835,0.6276226370119651,0.33315663474692203
segformer_single,SegFormer,single-task,malignant,standardized_max_logit,0.8021119403278221,0.8022276084949215,0.7427123698323884,0.8494325229343432,0.7400776699029126,0.6230585817710874,0.33315663474692203
segformer_single,SegFormer,single-task,malignant,mahalanobis,0.4796758164829128,0.479936134195137,0.4309372633349069,0.5383697644200961,0.9605825242718447,0.3181748682494716,0.33315663474692203
segformer_single,SegFormer,single-task,malignant,inverse_area,0.7159825365052697,0.715975107725454,0.6595815393688282,0.7639799144368639,0.8166213592233009,0.5662774243454733,0.33315663474692203
nnunet_late,nnU-Net,Late,benign,one_minus_mean_max_softmax,0.7536684365365165,0.7433135661468628,0.713783558525652,0.7733402512276792,0.8007908657623213,0.5783179685409073,0.3422437940693519
nnunet_late,nnU-Net,Late,benign,mean_normalized_entropy,0.7633988143932507,0.7530390218903287,0.7241703884821443,0.7828852051558408,0.8000968941496884,0.5789216439557919,0.3422437940693519
nnunet_late,nnU-Net,Late,benign,lguq,0.742233750730147,0.729801596017278,0.6990096366761007,0.7604804897279464,0.8272534436704551,0.5623618659618244,0.3422437940693519
nnunet_late,nnU-Net,Late,benign,metaseg,0.7627019662797603,0.7565239036532689,0.7267644614297131,0.7880209205054306,0.8067616403917666,0.5705606510317178,0.3422437940693519
nnunet_late,nnU-Net,Late,benign,standardized_max_logit,0.7705537064909583,0.7602606340142031,0.7329418344828746,0.7886813778532313,0.7978709474676584,0.5782164222907462,0.3422437940693519
nnunet_late,nnU-Net,Late,benign,mahalanobis,0.55855804435334,0.5660619371842741,0.5295248030945957,0.6019560192130324,0.9176923479809355,0.41435662104907406,0.3422437940693519
nnunet_late,nnU-Net,Late,benign,inverse_area,0.7251069303044856,0.7289289113405081,0.6967983775657983,0.7619499034660617,0.816071335044257,0.556850119038528,0.3422437940693519
nnunet_late,nnU-Net,Late,malignant,one_minus_mean_max_softmax,0.7446486111487376,0.7396533297298625,0.6926023534388196,0.7816012851005887,0.7258225324027916,0.5998562334059667,0.3343604108309991
nnunet_late,nnU-Net,Late,malignant,mean_normalized_entropy,0.7617075964303763,0.7560777858309891,0.709380269263545,0.8001661327876903,0.7434695912263211,0.6166231445586086,0.3343604108309991
nnunet_late,nnU-Net,Late,malignant,lguq,0.7226056130404448,0.718118496861295,0.6706089232038935,0.7657360319305742,0.7757228315054836,0.5739591888186697,0.3343604108309991
nnunet_late,nnU-Net,Late,malignant,metaseg,0.7729672160982961,0.7731164699089714,0.7149969997378051,0.8337120730662861,0.7502991026919242,0.6266040842945941,0.3343604108309991
nnunet_late,nnU-Net,Late,malignant,standardized_max_logit,0.8016844162446473,0.7939510828839232,0.74929563330093,0.8348805058559308,0.7213359920239282,0.6682181957819215,0.3343604108309991
nnunet_late,nnU-Net,Late,malignant,mahalanobis,0.6632579567954839,0.6644472562436274,0.6154601150529084,0.7116982440830557,0.9098703888334996,0.4770639173658434,0.3343604108309991
nnunet_late,nnU-Net,Late,malignant,inverse_area,0.7337758546794175,0.7359495350294215,0.6754808958980637,0.7980768960765744,0.7352442671984047,0.5857539940485282,0.3343604108309991
nnunetcbam_multihead,nnU-Net + CBAM,Late,benign,one_minus_mean_max_softmax,0.7323401943881556,0.7385670093501419,0.7099059792719355,0.7675413044307482,0.8035222957455033,0.5770613415706063,0.3508490333653823
nnunetcbam_multihead,nnU-Net + CBAM,Late,benign,mean_normalized_entropy,0.746599136591515,0.7523328836581848,0.7238684607361328,0.7810419986146208,0.8140846351501921,0.5830320202107651,0.3508490333653823
nnunetcbam_multihead,nnU-Net + CBAM,Late,benign,lguq,0.7379850893554569,0.7403288830999675,0.7113055531738689,0.7694918065464368,0.8132546558428269,0.5683302573152921,0.3508490333653823
nnunetcbam_multihead,nnU-Net + CBAM,Late,benign,metaseg,0.7422842664389382,0.7607898776573475,0.7315512922784146,0.7902223291139465,0.8079450621916001,0.5699182727547291,0.3508490333653823
nnunetcbam_multihead,nnU-Net + CBAM,Late,benign,standardized_max_logit,0.7653984408894107,0.7626878169046843,0.7345471601184782,0.7904995708015563,0.8245901266571163,0.5904960419463658,0.3508490333653823
nnunetcbam_multihead,nnU-Net + CBAM,Late,benign,mahalanobis,0.5755120151480553,0.6059892077964367,0.5704572249371914,0.6410841459534646,0.9060190554153307,0.4299865517980368,0.3508490333653823
nnunetcbam_multihead,nnU-Net + CBAM,Late,benign,inverse_area,0.7208333601963246,0.7394206168302554,0.7108587257977013,0.7689033185440458,0.821770470927985,0.5684201275713601,0.3508490333653823
nnunetcbam_multihead,nnU-Net + CBAM,Late,malignant,one_minus_mean_max_softmax,0.6809197512331092,0.6788001076136669,0.6331234425477447,0.7252108184717052,0.8021532044416888,0.5931824940860475,0.39268004008570045
nnunetcbam_multihead,nnU-Net + CBAM,Late,malignant,mean_normalized_entropy,0.7081518487417668,0.7065285624607659,0.6616315988021172,0.7511824828056478,0.8078180485880164,0.6212731876958989,0.39268004008570045
nnunetcbam_multihead,nnU-Net + CBAM,Late,malignant,lguq,0.6816978158512353,0.6770424177203839,0.627372325570027,0.7255267733604277,0.8110027619638127,0.5841729589328197,0.39268004008570045
nnunetcbam_multihead,nnU-Net + CBAM,Late,malignant,metaseg,0.7518888187616006,0.7480315666756344,0.703282538139218,0.7904181190576665,0.7039343892677978,0.6544632035623806,0.39268004008570045
nnunetcbam_multihead,nnU-Net + CBAM,Late,malignant,standardized_max_logit,0.7759627350141518,0.7727558066541117,0.7296844479646016,0.8149444473301659,0.7995039738458938,0.6730343056449966,0.39268004008570045
nnunetcbam_multihead,nnU-Net + CBAM,Late,malignant,mahalanobis,0.5727030965100768,0.5718410904851583,0.515871319676683,0.6281793107561746,0.9327546361535426,0.4506626422006321,0.39268004008570045
nnunetcbam_multihead,nnU-Net + CBAM,Late,malignant,inverse_area,0.7077317311468804,0.7049950677069321,0.6579879279122286,0.7511713002492728,0.798799391240629,0.6059259282583145,0.39268004008570045
segformer_late,SegFormer,Late,benign,one_minus_mean_max_softmax,0.7550148534089725,0.7476036003977848,0.7186910926957272,0.7788491098156767,0.8052267373380448,0.5692690527536421,0.32869376999811784
segformer_late,SegFormer,Late,benign,mean_normalized_entropy,0.7679064620626501,0.7593878179975408,0.7304360358266985,0.7907547681526215,0.7874263839811543,0.5828757329436514,0.32869376999811784
segformer_late,SegFormer,Late,benign,lguq,0.7484834701131694,0.7422722665793997,0.7122650263846853,0.776061316871235,0.8627944640753828,0.5345122868569118,0.32869376999811784
segformer_late,SegFormer,Late,benign,metaseg,0.7675131409565541,0.7603854573413865,0.7298474386339994,0.7925966790411794,0.7805948174322732,0.587572727591914,0.32869376999811784
segformer_late,SegFormer,Late,benign,standardized_max_logit,0.7538338922141294,0.738072014310088,0.706542474617715,0.7691921403931163,0.7769287396937574,0.5804621286074562,0.32869376999811784
segformer_late,SegFormer,Late,benign,mahalanobis,0.5428920814933288,0.5347759918409624,0.49455023637992923,0.5747876587833974,0.9189634864546525,0.3828540873890197,0.32869376999811784
segformer_late,SegFormer,Late,benign,inverse_area,0.7241110962643039,0.7236936166967971,0.691683850588081,0.756306436012693,0.8170936395759717,0.5540628367765384,0.32869376999811784
segformer_late,SegFormer,Late,malignant,one_minus_mean_max_softmax,0.7725652820079121,0.7716033396228742,0.7027310167683933,0.8234891667165347,0.8656968031968032,0.5226758977467215,0.28326923847293994
segformer_late,SegFormer,Late,malignant,mean_normalized_entropy,0.7773532557810683,0.7772022642347108,0.7059823998893467,0.8307557012121563,0.8492132867132867,0.5072059843257377,0.28326923847293994
segformer_late,SegFormer,Late,malignant,lguq,0.7723208917228219,0.7728489153625119,0.7025507102257446,0.8253775165179464,0.8037587412587412,0.5233353008918877,0.28326923847293994
segformer_late,SegFormer,Late,malignant,metaseg,0.7675290541005105,0.771171704465574,0.6990414739618807,0.8243957058605028,0.8276098901098901,0.5089300152145557,0.28326923847293994
segformer_late,SegFormer,Late,malignant,standardized_max_logit,0.7683500709175792,0.7677432880733039,0.6941385659247586,0.8222078123118134,0.9219530469530469,0.4746368653952808,0.28326923847293994
segformer_late,SegFormer,Late,malignant,mahalanobis,0.4818831490209926,0.4810265517283905,0.419194040511987,0.5478843752510738,0.989010989010989,0.26460637751104077,0.28326923847293994
segformer_late,SegFormer,Late,malignant,inverse_area,0.7046738100561946,0.7046690591586814,0.6161763376748914,0.7780010220189054,0.8501498501498501,0.48307669042177276,0.28326923847293994
nnunet_early,nnU-Net,Early,benign,one_minus_mean_max_softmax,0.742008283141396,0.7387692095138904,0.6986308972659454,0.7771128527429529,0.7915833666533387,0.5542149064536414,0.30275086465562656
nnunet_early,nnU-Net,Early,benign,mean_normalized_entropy,0.7513007447197799,0.747693795566136,0.7091713667086627,0.7848186391208071,0.8029288284686125,0.5472879673418829,0.30275086465562656
nnunet_early,nnU-Net,Early,benign,lguq,0.7262656082443348,0.7211352477309924,0.6798936962487631,0.7585459370723525,0.8079768092762895,0.5380028904211931,0.30275086465562656
nnunet_early,nnU-Net,Early,benign,metaseg,0.745770021791048,0.7418326354496567,0.703158223568657,0.7793405502821674,0.7701419432227109,0.5448018747784281,0.30275086465562656
nnunet_early,nnU-Net,Early,benign,standardized_max_logit,0.7581731863202893,0.7573649754500819,0.721184856073836,0.7924894200012292,0.8029288284686125,0.5199721003695912,0.30275086465562656
nnunet_early,nnU-Net,Early,benign,mahalanobis,0.5644992226901937,0.5657427678704274,0.5180280160727841,0.6108712631344745,0.8632546981207516,0.3848911784552387,0.30275086465562656
nnunet_early,nnU-Net,Early,benign,inverse_area,0.6998058020608011,0.6994069760027207,0.6561334623704416,0.7432486618333551,0.8079768092762895,0.5006428596310921,0.30275086465562656
nnunet_early,nnU-Net,Early,malignant,one_minus_mean_max_softmax,0.6474201903344727,0.6556720267822842,0.6107806953672646,0.7028095807960543,0.8421744966442952,0.5755969236068896,0.40729930230504285
nnunet_early,nnU-Net,Early,malignant,mean_normalized_entropy,0.6683824253161315,0.6746976931379544,0.6292766893320478,0.7207402093166705,0.8213959731543624,0.5880993490834083,0.40729930230504285
nnunet_early,nnU-Net,Early,malignant,lguq,0.7041381292009835,0.7073431754568904,0.6620778902889114,0.7523009609495039,0.8260402684563759,0.6171662596659564,0.40729930230504285
nnunet_early,nnU-Net,Early,malignant,metaseg,0.7550480999586318,0.754934782211002,0.7043799553234348,0.8015538244215544,0.7985503355704697,0.656470224834381,0.40729930230504285
nnunet_early,nnU-Net,Early,malignant,standardized_max_logit,0.7181635579515921,0.7183744031611876,0.6700240337422347,0.7685396398867275,0.8186845637583893,0.6121000803733759,0.40729930230504285
nnunet_early,nnU-Net,Early,malignant,mahalanobis,0.6344892935588562,0.647595265536103,0.6001478518194346,0.6951427129891771,0.8864429530201342,0.5276543642148264,0.40729930230504285
nnunet_early,nnU-Net,Early,malignant,inverse_area,0.7563105106789978,0.7585249620401369,0.7088483137678218,0.8060920464712488,0.7958389261744967,0.6497603329812042,0.40729930230504285
nnunetcbam_multidecoder,nnU-Net + CBAM,Early,benign,one_minus_mean_max_softmax,0.7018416581311651,0.7070750694277405,0.6663123754382378,0.7485236444950341,0.7947170823277018,0.5045724011529958,0.294775270200601
nnunetcbam_multidecoder,nnU-Net + CBAM,Early,benign,mean_normalized_entropy,0.7199200294016982,0.7257932256018893,0.685936399185461,0.7650466186931456,0.8021721641190668,0.5142988830857005,0.294775270200601
nnunetcbam_multidecoder,nnU-Net + CBAM,Early,benign,lguq,0.7113349250833447,0.7117928757298113,0.6728281671632874,0.7514022115233513,0.7648967551622419,0.5134493363094543,0.294775270200601
nnunetcbam_multidecoder,nnU-Net + CBAM,Early,benign,metaseg,0.7229840008285014,0.7284719336992412,0.6891715918929544,0.7669688332956195,0.8553231429337624,0.4963719317930217,0.294775270200601
nnunetcbam_multidecoder,nnU-Net + CBAM,Early,benign,standardized_max_logit,0.7546099391548191,0.7633224727209115,0.7289801908688921,0.800480389644815,0.8096272459104317,0.5553281463580159,0.294775270200601
nnunetcbam_multidecoder,nnU-Net + CBAM,Early,benign,mahalanobis,0.5342037545261313,0.5348341387680129,0.48895076593045655,0.583241556487314,0.8718691338160365,0.37315584706426164,0.294775270200601
nnunetcbam_multidecoder,nnU-Net + CBAM,Early,benign,inverse_area,0.7073419206162569,0.7115578054273906,0.6695025453165356,0.751762537324996,0.791928130866184,0.5050512454950269,0.294775270200601
nnunetcbam_multidecoder,nnU-Net + CBAM,Early,malignant,one_minus_mean_max_softmax,0.6610659946734923,0.6528695885925148,0.6087273979944807,0.6953547140618275,0.8053396572827417,0.6205858360480345,0.44843342036553524
nnunetcbam_multidecoder,nnU-Net + CBAM,Early,malignant,mean_normalized_entropy,0.6765683919469749,0.6689862049583949,0.6240017224322136,0.7104879099972716,0.8002906976744186,0.6258366125876991,0.44843342036553524
nnunetcbam_multidecoder,nnU-Net + CBAM,Early,malignant,lguq,0.6954837518472912,0.6914504954729292,0.6411415953160253,0.7422946140082797,0.8039779681762547,0.6489233644512803,0.44843342036553524
nnunetcbam_multidecoder,nnU-Net + CBAM,Early,malignant,metaseg,0.745839158777518,0.7455370779926932,0.6940119263525505,0.7976353434512382,0.7430079559363525,0.6893540514728811,0.44843342036553524
nnunetcbam_multidecoder,nnU-Net + CBAM,Early,malignant,standardized_max_logit,0.7126279891059573,0.7146784618956269,0.6671200999846115,0.756791657481847,0.7716493268053854,0.6499351680944655,0.44843342036553524
nnunetcbam_multidecoder,nnU-Net + CBAM,Early,malignant,mahalanobis,0.5333681168726427,0.5486003347955182,0.499274562326129,0.6034725102759881,0.9099296205630355,0.512500448704878,0.44843342036553524
nnunetcbam_multidecoder,nnU-Net + CBAM,Early,malignant,inverse_area,0.7042265507541902,0.7080192079764421,0.6574287579717379,0.7590581069202277,0.8157741738066095,0.6417552601719567,0.44843342036553524
segformer_early,SegFormer,Early,benign,one_minus_mean_max_softmax,0.7690925717714112,0.7621283400009878,0.7323308478536414,0.7932747989929811,0.8033301158301158,0.5904825558782665,0.3240775205340083
segformer_early,SegFormer,Early,benign,mean_normalized_entropy,0.7774313341914513,0.7711636291796315,0.7419274684933997,0.8013948324182206,0.7753378378378378,0.6024073284666,0.3240775205340083
segformer_early,SegFormer,Early,benign,lguq,0.7600472274571255,0.7544821455030375,0.7238367233898091,0.7854744121306911,0.809604247104247,0.5716278507030081,0.3240775205340083
segformer_early,SegFormer,Early,benign,metaseg,0.778387789285551,0.773413962562355,0.7426604241840363,0.8033809178154637,0.7893339768339769,0.6053257990253016,0.3240775205340083
segformer_early,SegFormer,Early,benign,standardized_max_logit,0.723108985489259,0.7127475675408702,0.678618341548413,0.7447084591806719,0.8209459459459459,0.5377373015144846,0.3240775205340083
segformer_early,SegFormer,Early,benign,mahalanobis,0.5328338461618697,0.5133291351805206,0.4751967590895037,0.5518298516974705,0.9075772200772201,0.3742764705396789,0.3240775205340083
segformer_early,SegFormer,Early,benign,inverse_area,0.7302799013458516,0.7327752259594014,0.7027287961185483,0.7634325092766521,0.8168436293436294,0.5564293788553378,0.3240775205340083
segformer_early,SegFormer,Early,malignant,one_minus_mean_max_softmax,0.7790820629969688,0.7802197802197802,0.7223566110047853,0.8295756003380083,0.7780582524271844,0.6050484534971704,0.31471385715934
segformer_early,SegFormer,Early,malignant,mean_normalized_entropy,0.7937868470763959,0.7945634487216637,0.7355721583527327,0.8429511536700737,0.7633495145631068,0.6155093811114811,0.31471385715934
segformer_early,SegFormer,Early,malignant,lguq,0.7774783640117735,0.7787709248155495,0.7204416135708372,0.8296789986653965,0.7392233009708737,0.5888214619448455,0.31471385715934
segformer_early,SegFormer,Early,malignant,metaseg,0.7963420902341519,0.7967813119942937,0.7326279427354626,0.8486999284925935,0.7783495145631067,0.6174495006874801,0.31471385715934
segformer_early,SegFormer,Early,malignant,standardized_max_logit,0.7957198084610992,0.7961348995831754,0.7331412179415155,0.849287002225868,0.8223300970873786,0.5842846255573431,0.31471385715934
segformer_early,SegFormer,Early,malignant,mahalanobis,0.47088960154636916,0.4706216704188307,0.4223498189973698,0.5205039046527445,0.9804368932038835,0.29512671032803883,0.31471385715934
segformer_early,SegFormer,Early,malignant,inverse_area,0.7292760180995475,0.7298441923188373,0.6542510685338647,0.8055406553383873,0.8030582524271845,0.5885151511850563,0.31471385715934
nnunet_earlymid,nnU-Net,Early-Mid,benign,one_minus_mean_max_softmax,0.7298747064417588,0.7315680922050348,0.7005456123560329,0.7606763897353864,0.8258191672825819,0.5487565258079288,0.3360494662181924
nnunet_earlymid,nnU-Net,Early-Mid,benign,mean_normalized_entropy,0.7438052752989349,0.7448346982104944,0.7148419834709816,0.7737318804487961,0.8298842079329884,0.5517837678701516,0.3360494662181924
nnunet_earlymid,nnU-Net,Early-Mid,benign,lguq,0.7125872943667555,0.7135699120412496,0.6823770724229727,0.7433672560128386,0.8704114313870411,0.5230863079244578,0.3360494662181924
nnunet_earlymid,nnU-Net,Early-Mid,benign,metaseg,0.7422349600129228,0.7426205641492266,0.7116147956763548,0.7724468381465742,0.8626919602529358,0.5442732367608178,0.3360494662181924
nnunet_earlymid,nnU-Net,Early-Mid,benign,standardized_max_logit,0.7384704378898168,0.7273915680922051,0.6930614004876524,0.7623793468159387,0.8578056992691139,0.5377229552328798,0.3360494662181924
nnunet_earlymid,nnU-Net,Early-Mid,benign,mahalanobis,0.46505330271181156,0.44057324840764334,0.40001952688378706,0.48249469696728925,0.9239960581423996,0.3499082211256949,0.3360494662181924
nnunet_earlymid,nnU-Net,Early-Mid,benign,inverse_area,0.6965169105055755,0.7013709432817713,0.6677478095826188,0.7353127362164176,0.8621581670362158,0.5194902048798286,0.3360494662181924
nnunet_earlymid,nnU-Net,Early-Mid,malignant,one_minus_mean_max_softmax,0.6822581307767979,0.6869441075399232,0.6399387014547404,0.7388170197581079,0.8676942526500049,0.5238254544320369,0.34425331309141965
nnunet_earlymid,nnU-Net,Early-Mid,malignant,mean_normalized_entropy,0.6927338027632541,0.6959899939357186,0.6485871717132138,0.7479724789191274,0.8522804628999319,0.5322305143333577,0.34425331309141965
nnunet_earlymid,nnU-Net,Early-Mid,malignant,lguq,0.6962182468650757,0.6978345461896098,0.647633376148435,0.7517408997415391,0.8698337061168919,0.5178643369949878,0.34425331309141965
nnunet_earlymid,nnU-Net,Early-Mid,malignant,metaseg,0.7235524474263264,0.7260460885385082,0.6736522694970998,0.780295696855982,0.8357969464164154,0.5456074601315373,0.34425331309141965
nnunet_earlymid,nnU-Net,Early-Mid,malignant,standardized_max_logit,0.6788154076016248,0.678289872650091,0.6235314171403354,0.7369055168475783,0.84785568413887,0.509224008219338,0.34425331309141965
nnunet_earlymid,nnU-Net,Early-Mid,malignant,mahalanobis,0.4877508612101027,0.5074919142914898,0.4521990249328764,0.5597757343208333,0.9526889040163377,0.34420287761082946,0.34425331309141965
nnunet_earlymid,nnU-Net,Early-Mid,malignant,inverse_area,0.7009978540964711,0.7029639175257731,0.6429342075025134,0.7662599768896419,0.842069434989789,0.527102578629971,0.34425331309141965
nnunetcbam_earlymid,nnU-Net + CBAM,Early-Mid,benign,one_minus_mean_max_softmax,0.7698006971947482,0.7684513499745288,0.7314412103552848,0.8048265733740476,0.70952632273387,0.6192329195416888,0.3185779203421545
nnunetcbam_earlymid,nnU-Net + CBAM,Early-Mid,benign,mean_normalized_entropy,0.7814894714028715,0.7795058583800306,0.7446059952208705,0.814528703114052,0.6854026476667986,0.6342112624938969,0.3185779203421545
nnunetcbam_earlymid,nnU-Net + CBAM,Early-Mid,benign,lguq,0.7711831647320917,0.7666632705043301,0.732541893767467,0.8021424755908596,0.7367946518889915,0.6298010207188143,0.3185779203421545
nnunetcbam_earlymid,nnU-Net + CBAM,Early-Mid,benign,metaseg,0.785819664537817,0.7848650025471218,0.7509961373657418,0.8194503068610642,0.7304833531248626,0.6172489849150227,0.3185779203421545
nnunetcbam_earlymid,nnU-Net + CBAM,Early-Mid,benign,standardized_max_logit,0.7971375800518585,0.796668364747835,0.7630574216674187,0.8316920257717995,0.6494260456524608,0.656182432851379,0.3185779203421545
nnunetcbam_earlymid,nnU-Net + CBAM,Early-Mid,benign,mahalanobis,0.5669164027529087,0.5679419256240448,0.5240398611681809,0.6129526980444276,0.8678805471258302,0.438606521464609,0.3185779203421545
nnunetcbam_earlymid,nnU-Net + CBAM,Early-Mid,benign,inverse_area,0.7286014384914105,0.729411614875191,0.6913393964529445,0.7679581483297359,0.7413467036108545,0.5933323091256291,0.3185779203421545
nnunetcbam_earlymid,nnU-Net + CBAM,Early-Mid,malignant,one_minus_mean_max_softmax,0.6882107440437091,0.684546714308619,0.6434927595708886,0.7274416214770246,0.8246543778801843,0.6553927778684423,0.472696421225833
nnunetcbam_earlymid,nnU-Net + CBAM,Early-Mid,malignant,mean_normalized_entropy,0.7019162840638757,0.6979431503241027,0.6565241079494128,0.7412037722425568,0.8222734254992319,0.6651945948981117,0.472696421225833
nnunetcbam_earlymid,nnU-Net + CBAM,Early-Mid,malignant,lguq,0.7289296192853418,0.7252513800132848,0.6855587127347883,0.7624559596870746,0.8142089093701996,0.6985616587303238,0.472696421225833
nnunetcbam_earlymid,nnU-Net + CBAM,Early-Mid,malignant,metaseg,0.7771424761040315,0.7720687601639983,0.7277803963431514,0.81446328791708,0.7149769585253456,0.7519840501317411,0.472696421225833
nnunetcbam_earlymid,nnU-Net + CBAM,Early-Mid,malignant,standardized_max_logit,0.7367260764962931,0.7380608809180238,0.6958639613332022,0.7811510489685545,0.8228878648233487,0.6783025961776423,0.472696421225833
nnunetcbam_earlymid,nnU-Net + CBAM,Early-Mid,malignant,mahalanobis,0.5239204326477858,0.5291234338853387,0.4780055200035345,0.5837077538829094,0.9152841781874039,0.524349162320519,0.472696421225833
nnunetcbam_earlymid,nnU-Net + CBAM,Early-Mid,malignant,inverse_area,0.7169620215190255,0.7169455324217229,0.6669150332832069,0.7650986670462039,0.8400921658986176,0.6835381257060608,0.472696421225833
nnunet_mid,nnU-Net,Mid,benign,one_minus_mean_max_softmax,0.7885624797153601,0.7877591706539075,0.7556565559141206,0.8193103440275032,0.705194732730722,0.6789887411481044,0.365967365967366
nnunet_mid,nnU-Net,Mid,benign,mean_normalized_entropy,0.7985681469384072,0.7977751196172249,0.7666040437101886,0.8299094983934311,0.6782446155562996,0.683568326224381,0.365967365967366
nnunet_mid,nnU-Net,Mid,benign,lguq,0.7815915389995185,0.77792663476874,0.7459447854968195,0.810872638871308,0.7082635866532754,0.6680296244561051,0.365967365967366
nnunet_mid,nnU-Net,Mid,benign,metaseg,0.7974248754129996,0.7942663476874003,0.7636985643236698,0.8251134965729524,0.6742272067849571,0.6764867505240613,0.365967365967366
nnunet_mid,nnU-Net,Mid,benign,standardized_max_logit,0.7605197252229396,0.762372408293461,0.7282341091366387,0.7936332779030811,0.7643957147639773,0.6221483153883298,0.365967365967366
nnunet_mid,nnU-Net,Mid,benign,mahalanobis,0.5379812729378451,0.535829346092504,0.49396765766158507,0.5803414851552517,0.9043912509764536,0.4122711384646631,0.365967365967366
nnunet_mid,nnU-Net,Mid,benign,inverse_area,0.747983206337284,0.7487480063795853,0.712949993408952,0.7839492932287594,0.7535431313469478,0.6384934700073175,0.365967365967366
nnunet_mid,nnU-Net,Mid,malignant,one_minus_mean_max_softmax,0.7220857514728849,0.7252050522203354,0.679392173314479,0.7730122830548104,0.8194155934081152,0.7010215885654869,0.4944385563674904
nnunet_mid,nnU-Net,Mid,malignant,mean_normalized_entropy,0.7293539345928011,0.7327384321690584,0.6860388595890775,0.7807277262537847,0.8185500623182385,0.7062484674221032,0.4944385563674904
nnunet_mid,nnU-Net,Mid,malignant,lguq,0.7199383222392568,0.7255296951131534,0.6762408312119322,0.776027323592778,0.8547292618750866,0.6962044049606311,0.4944385563674904
nnunet_mid,nnU-Net,Mid,malignant,metaseg,0.7661980835659649,0.7697310735968212,0.7208678765435631,0.8174787262483862,0.8176499099847667,0.7321060178831993,0.4944385563674904
nnunet_mid,nnU-Net,Mid,malignant,standardized_max_logit,0.7540439262604791,0.7567675556887424,0.7087795486730863,0.8069744226328764,0.8239855975626644,0.7218325758143898,0.4944385563674904
nnunet_mid,nnU-Net,Mid,malignant,mahalanobis,0.4781941076537944,0.4742505466209392,0.4245298731310904,0.5266613739296618,0.9520495776208282,0.4950980365658491,0.4944385563674904
nnunet_mid,nnU-Net,Mid,malignant,inverse_area,0.7457748721703016,0.7517702749198104,0.7005411527864461,0.805912525856617,0.8251627198448968,0.7066914392435837,0.4944385563674904
nnunetcbam_mid,nnU-Net + CBAM,Mid,benign,one_minus_mean_max_softmax,0.7782269019208976,0.7781757488271382,0.7482143590661607,0.8106835261865638,0.6501307759372276,0.6510310641501131,0.34352118469765525
nnunetcbam_mid,nnU-Net + CBAM,Mid,benign,mean_normalized_entropy,0.7916532364698516,0.7919794298087333,0.7628450084625135,0.823766073727754,0.6550130775937227,0.6599619849276619,0.34352118469765525
nnunetcbam_mid,nnU-Net + CBAM,Mid,benign,lguq,0.7709782983893543,0.7667629014796102,0.7372869085374177,0.7970995159960584,0.6603312990409764,0.6499215173469666,0.34352118469765525
nnunetcbam_mid,nnU-Net + CBAM,Mid,benign,metaseg,0.7982376914090699,0.7985384337784194,0.769591454129498,0.8300455067753812,0.6404533565823889,0.6560587456269245,0.34352118469765525
nnunetcbam_mid,nnU-Net + CBAM,Mid,benign,standardized_max_logit,0.8099230200313372,0.8097979068928185,0.7778264675624581,0.8448005274384122,0.6355710549258936,0.6829610263728929,0.34352118469765525
nnunetcbam_mid,nnU-Net + CBAM,Mid,benign,mahalanobis,0.5838945899297472,0.5838145073980513,0.5434776306490408,0.6255022460520396,0.862510897994769,0.4461736895014098,0.34352118469765525
nnunetcbam_mid,nnU-Net + CBAM,Mid,benign,inverse_area,0.748456778607884,0.7490391555395164,0.7133234779870461,0.785142159290034,0.7121185701830863,0.6180955083172783,0.34352118469765525
nnunetcbam_mid,nnU-Net + CBAM,Mid,malignant,one_minus_mean_max_softmax,0.7003338749956578,0.6999023243962516,0.6640834109489121,0.7361832466754026,0.7691713483146068,0.6661833148697415,0.44685319090851816
nnunetcbam_mid,nnU-Net + CBAM,Mid,malignant,mean_normalized_entropy,0.7269133039536203,0.7268338948500892,0.6929686660052264,0.7611535836471117,0.761376404494382,0.6834950055865971,0.44685319090851816
nnunetcbam_mid,nnU-Net + CBAM,Mid,malignant,lguq,0.7036930337850618,0.699930636165454,0.6637970289660047,0.7370199560697035,0.7535814606741573,0.6758875980867953,0.44685319090851816
nnunetcbam_mid,nnU-Net + CBAM,Mid,malignant,metaseg,0.7711413515118297,0.7687565470966281,0.7280050942859412,0.8112941626503148,0.8057584269662921,0.7081136416248751,0.44685319090851816
nnunetcbam_mid,nnU-Net + CBAM,Mid,malignant,standardized_max_logit,0.7970861244703997,0.7958721440502817,0.7601267852342896,0.8312648490947331,0.7338834269662922,0.7376151662431772,0.44685319090851816
nnunetcbam_mid,nnU-Net + CBAM,Mid,malignant,mahalanobis,0.5606370104935817,0.5609410832082897,0.5159785671764924,0.6110910477022473,0.9284761235955056,0.512549916438055,0.44685319090851816
nnunetcbam_mid,nnU-Net + CBAM,Mid,malignant,inverse_area,0.7358461085550483,0.7354088219472835,0.6944461625170344,0.7808861441394988,0.838869382022472,0.6794081351317356,0.44685319090851816
segformer_mid,SegFormer,Mid,benign,one_minus_mean_max_softmax,0.7665603196483707,0.7619934640522876,0.7329453197697774,0.7922619987423518,0.7714903218790778,0.6016716588690281,0.33446177299009716
segformer_mid,SegFormer,Mid,benign,mean_normalized_entropy,0.7726540911518849,0.7670974450386215,0.7378154939582617,0.797580958801872,0.7615811222270552,0.6023163660827678,0.33446177299009716
segformer_mid,SegFormer,Mid,benign,lguq,0.7558394630994478,0.7501455733808675,0.7193234197928279,0.781230552030762,0.8160613310134841,0.5699944332789628,0.33446177299009716
segformer_mid,SegFormer,Mid,benign,metaseg,0.7761642037521852,0.7707664884135472,0.7420032563444009,0.8001214199892458,0.7549613962592432,0.6100799782018439,0.33446177299009716
segformer_mid,SegFormer,Mid,benign,standardized_max_logit,0.7302463901138492,0.7189661319073084,0.686083234678718,0.7515364178476166,0.8160205524140931,0.5382740261473067,0.33446177299009716
segformer_mid,SegFormer,Mid,benign,mahalanobis,0.531862371953324,0.5076945929887107,0.4683768163231816,0.5488994805109627,0.8993448238364506,0.3968742814562058,0.33446177299009716
segformer_mid,SegFormer,Mid,benign,inverse_area,0.7201309241786786,0.7229931669637552,0.6901151709100407,0.7555099498407919,0.8160613310134841,0.566473154621988,0.33446177299009716
segformer_mid,SegFormer,Mid,malignant,one_minus_mean_max_softmax,0.7810305798419752,0.7813231850117096,0.7253291041676715,0.8259912954196206,0.751207729468599,0.6392765660924495,0.3588295049340742
segformer_mid,SegFormer,Mid,malignant,mean_normalized_entropy,0.7940454899048702,0.7943163393983066,0.7367875633278206,0.838677916833645,0.7801932367149759,0.6369474081585076,0.3588295049340742
segformer_mid,SegFormer,Mid,malignant,lguq,0.7794291081392173,0.7791388938929923,0.7228041027656399,0.8229742418975995,0.6954911433172303,0.6570941972129267,0.3588295049340742
segformer_mid,SegFormer,Mid,malignant,metaseg,0.7943226570538273,0.7947291779258993,0.7399569972168012,0.8369447054677273,0.8028985507246377,0.6340138848540954,0.3588295049340742
segformer_mid,SegFormer,Mid,malignant,standardized_max_logit,0.7905724879009142,0.7891145739506396,0.7336832002410522,0.8339972553382148,0.8382447665056361,0.599650879585877,0.3588295049340742
segformer_mid,SegFormer,Mid,malignant,mahalanobis,0.5077061614322587,0.5055395424247884,0.45239934498134476,0.555970609105595,0.9594202898550726,0.35926004935451694,0.3588295049340742
segformer_mid,SegFormer,Mid,malignant,inverse_area,0.7354401543557048,0.734758752176785,0.6664112199438706,0.7894702551045936,0.7727053140096618,0.6190739637397829,0.3588295049340742
