model,target,view,method,regions,true_regions,false_regions,auroc,fpr_at_95_tpr,ap_false_positive,false_positive_share
nnunet_single,benign,anterior,one_minus_mean_max_softmax,498,351,147,0.7798709227280656,0.7142857142857143,0.6249180615676218,0.29518072289156627
nnunet_single,benign,posterior,one_minus_mean_max_softmax,435,279,156,0.7988695891921699,0.6923076923076923,0.6845253617101994,0.3586206896551724
nnunet_single,benign,anterior,mean_normalized_entropy,498,351,147,0.8006667054286102,0.6938775510204082,0.6424524227770823,0.29518072289156627
nnunet_single,benign,posterior,mean_normalized_entropy,435,279,156,0.7984560242624759,0.7243589743589743,0.6880446459651025,0.3586206896551724
nnunet_single,benign,anterior,lguq,498,351,147,0.7653739558501463,0.7006802721088435,0.6103421397494062,0.29518072289156627
nnunet_single,benign,posterior,lguq,435,279,156,0.7837285175994854,0.6923076923076923,0.6563544273410431,0.3586206896551724
nnunet_single,benign,anterior,metaseg,498,351,147,0.7863635482683101,0.7346938775510204,0.6173666099928459,0.29518072289156627
nnunet_single,benign,posterior,metaseg,435,279,156,0.802155132800294,0.6987179487179487,0.6875045187600515,0.3586206896551724
nnunet_single,benign,anterior,standardized_max_logit,498,351,147,0.7766730623873481,0.8231292517006803,0.5736401910087906,0.29518072289156627
nnunet_single,benign,posterior,standardized_max_logit,435,279,156,0.7652329749103942,0.7115384615384616,0.6422335078303267,0.3586206896551724
nnunet_single,benign,anterior,mahalanobis,498,351,147,0.6014109347442681,0.9115646258503401,0.3898386492303089,0.29518072289156627
nnunet_single,benign,posterior,mahalanobis,435,279,156,0.5454691664369083,0.9166666666666666,0.3948550440199922,0.3586206896551724
nnunet_single,benign,anterior,inverse_area,498,351,147,0.7362831172354982,0.6598639455782312,0.5847311532138664,0.29518072289156627
nnunet_single,benign,posterior,inverse_area,435,279,156,0.7233135741200257,0.7692307692307693,0.6153660834791366,0.3586206896551724
nnunet_single,malignant,anterior,one_minus_mean_max_softmax,396,178,218,0.6788990825688074,0.8073394495412844,0.7163352249892365,0.5505050505050505
nnunet_single,malignant,posterior,one_minus_mean_max_softmax,525,238,287,0.7144760343161655,0.8432055749128919,0.728738951446936,0.5466666666666666
nnunet_single,malignant,anterior,mean_normalized_entropy,396,178,218,0.6911400886506546,0.8027522935779816,0.7187852705182572,0.5505050505050505
nnunet_single,malignant,posterior,mean_normalized_entropy,525,238,287,0.7223230755716921,0.8362369337979094,0.7268639337816568,0.5466666666666666
nnunet_single,malignant,anterior,lguq,396,178,218,0.6917328110504072,0.7385321100917431,0.7446901397377349,0.5505050505050505
nnunet_single,malignant,posterior,lguq,525,238,287,0.7372558779609405,0.8501742160278746,0.7452250552532502,0.5466666666666666
nnunet_single,malignant,anterior,metaseg,396,178,218,0.7332749201113288,0.8302752293577982,0.7445395707642022,0.5505050505050505
nnunet_single,malignant,posterior,metaseg,525,238,287,0.7746318039410887,0.8048780487804879,0.7770255825138352,0.5466666666666666
nnunet_single,malignant,anterior,standardized_max_logit,396,178,218,0.7273734666529224,0.8165137614678899,0.735585363830943,0.5505050505050505
nnunet_single,malignant,posterior,standardized_max_logit,525,238,287,0.7218545954967353,0.8745644599303136,0.71279703051311,0.5466666666666666
nnunet_single,malignant,anterior,mahalanobis,396,178,218,0.5293526440573136,0.9220183486238532,0.5971305328778018,0.5505050505050505
nnunet_single,malignant,posterior,mahalanobis,525,238,287,0.5604485696717711,0.8989547038327527,0.6148827647811638,0.5466666666666666
nnunet_single,malignant,anterior,inverse_area,396,178,218,0.7056360169054736,0.8486238532110092,0.7488213339820887,0.5505050505050505
nnunet_single,malignant,posterior,inverse_area,525,238,287,0.7262173161947706,0.8432055749128919,0.7390316814862282,0.5466666666666666
nnunetcbam_single,benign,anterior,one_minus_mean_max_softmax,521,354,167,0.7605636185256606,0.6946107784431138,0.6614884292892629,0.32053742802303264
nnunetcbam_single,benign,posterior,one_minus_mean_max_softmax,418,266,152,0.7834388603086664,0.7171052631578947,0.6515296724177585,0.36363636363636365
nnunetcbam_single,benign,anterior,mean_normalized_entropy,521,354,167,0.7794580330863696,0.6946107784431138,0.668436006794818,0.32053742802303264
nnunetcbam_single,benign,posterior,mean_normalized_entropy,418,266,152,0.794494459833795,0.7039473684210527,0.6568514749667175,0.36363636363636365
nnunetcbam_single,benign,anterior,lguq,521,354,167,0.757992489597077,0.6347305389221557,0.6492904571785788,0.32053742802303264
nnunetcbam_single,benign,posterior,lguq,418,266,152,0.7782449544914919,0.6973684210526315,0.6553352541200618,0.36363636363636365
nnunetcbam_single,benign,anterior,metaseg,521,354,167,0.7689705335092527,0.718562874251497,0.6206237900911015,0.32053742802303264
nnunetcbam_single,benign,posterior,metaseg,418,266,152,0.7987237831420657,0.7171052631578947,0.6646614311784663,0.36363636363636365
nnunetcbam_single,benign,anterior,standardized_max_logit,521,354,167,0.8315572245339828,0.6526946107784432,0.7098740787611513,0.32053742802303264
nnunetcbam_single,benign,posterior,standardized_max_logit,418,266,152,0.7961515631183221,0.756578947368421,0.6572456878259578,0.36363636363636365
nnunetcbam_single,benign,anterior,mahalanobis,521,354,167,0.5680334246760715,0.8562874251497006,0.44000982285043505,0.32053742802303264
nnunetcbam_single,benign,posterior,mahalanobis,418,266,152,0.5415017807677087,0.8618421052631579,0.43619624286905573,0.36363636363636365
nnunetcbam_single,benign,anterior,inverse_area,521,354,167,0.7418552725058358,0.6826347305389222,0.6317822210144246,0.32053742802303264
nnunetcbam_single,benign,posterior,inverse_area,418,266,152,0.7567644440047487,0.7171052631578947,0.6312121053760086,0.36363636363636365
nnunetcbam_single,malignant,anterior,one_minus_mean_max_softmax,459,206,253,0.6674661345408496,0.8102766798418972,0.7292790808729018,0.55119825708061
nnunetcbam_single,malignant,posterior,one_minus_mean_max_softmax,435,217,218,0.6787088318606519,0.7889908256880734,0.6697240740720877,0.5011494252873563
nnunetcbam_single,malignant,anterior,mean_normalized_entropy,459,206,253,0.6955562377681416,0.766798418972332,0.7502364967057626,0.55119825708061
nnunetcbam_single,malignant,posterior,mean_normalized_entropy,435,217,218,0.6891303428740541,0.8211009174311926,0.6784488089755766,0.5011494252873563
nnunetcbam_single,malignant,anterior,lguq,459,206,253,0.7086803023907288,0.7470355731225297,0.7590630314658533,0.55119825708061
nnunetcbam_single,malignant,posterior,lguq,435,217,218,0.6997209656280388,0.8348623853211009,0.6785000841060946,0.5011494252873563
nnunetcbam_single,malignant,anterior,metaseg,459,206,253,0.7279250930580605,0.7272727272727273,0.7606304622377641,0.55119825708061
nnunetcbam_single,malignant,posterior,metaseg,435,217,218,0.7441550754661143,0.7935779816513762,0.7115802258391605,0.5011494252873563
nnunetcbam_single,malignant,anterior,standardized_max_logit,459,206,253,0.7657239341494302,0.7312252964426877,0.7937593748394727,0.55119825708061
nnunetcbam_single,malignant,posterior,standardized_max_logit,435,217,218,0.699086796600854,0.8165137614678899,0.682606700305691,0.5011494252873563
nnunetcbam_single,malignant,anterior,mahalanobis,459,206,253,0.5397175639894086,0.8656126482213439,0.608348023239191,0.55119825708061
nnunetcbam_single,malignant,posterior,mahalanobis,435,217,218,0.5470764807846785,0.8761467889908257,0.5841139603275951,0.5011494252873563
nnunetcbam_single,malignant,anterior,inverse_area,459,206,253,0.7165374726581987,0.6996047430830039,0.7758424143833991,0.55119825708061
nnunetcbam_single,malignant,posterior,inverse_area,435,217,218,0.6916247410476473,0.8899082568807339,0.6528969186952552,0.5011494252873563
segformer_single,benign,anterior,one_minus_mean_max_softmax,764,474,290,0.7481885639458752,0.8,0.6159418895684479,0.3795811518324607
segformer_single,benign,posterior,one_minus_mean_max_softmax,396,286,110,0.7977113795295614,0.6818181818181818,0.635031792121428,0.2777777777777778
segformer_single,benign,anterior,mean_normalized_entropy,764,474,290,0.7519933071438965,0.7896551724137931,0.6187983067872702,0.3795811518324607
segformer_single,benign,posterior,mean_normalized_entropy,396,286,110,0.8045454545454546,0.6818181818181818,0.6503439229394155,0.2777777777777778
segformer_single,benign,anterior,lguq,764,474,290,0.7307725883893497,0.8517241379310345,0.5781815975248813,0.3795811518324607
segformer_single,benign,posterior,lguq,396,286,110,0.7852511125238398,0.7818181818181819,0.5692097287944959,0.2777777777777778
segformer_single,benign,anterior,metaseg,764,474,290,0.7619380183326059,0.8275862068965517,0.621504338818439,0.3795811518324607
segformer_single,benign,posterior,metaseg,396,286,110,0.7945963127781309,0.6272727272727273,0.6317759442691998,0.2777777777777778
segformer_single,benign,anterior,standardized_max_logit,764,474,290,0.7197439255056016,0.8758620689655172,0.573805803271769,0.3795811518324607
segformer_single,benign,posterior,standardized_max_logit,396,286,110,0.7252383979656707,0.8090909090909091,0.5259553561342406,0.2777777777777778
segformer_single,benign,anterior,mahalanobis,764,474,290,0.4727266113778554,0.9448275862068966,0.3925398328147899,0.3795811518324607
segformer_single,benign,posterior,mahalanobis,396,286,110,0.5187221869040051,0.9090909090909091,0.29860732867834644,0.2777777777777778
segformer_single,benign,anterior,inverse_area,764,474,290,0.7247781172704787,0.8448275862068966,0.5978726523646418,0.3795811518324607
segformer_single,benign,posterior,inverse_area,396,286,110,0.7256516211061665,0.7363636363636363,0.5328683531996523,0.2777777777777778
segformer_single,malignant,anterior,one_minus_mean_max_softmax,344,219,125,0.7742465753424658,0.88,0.6053664183490748,0.3633720930232558
segformer_single,malignant,posterior,one_minus_mean_max_softmax,340,237,103,0.7909548973823276,0.7378640776699029,0.6015542253547059,0.3029411764705882
segformer_single,malignant,anterior,mean_normalized_entropy,344,219,125,0.7804931506849315,0.856,0.6189404274872728,0.3633720930232558
segformer_single,malignant,posterior,mean_normalized_entropy,340,237,103,0.8064806849371186,0.7961165048543689,0.6109985886215606,0.3029411764705882
segformer_single,malignant,anterior,lguq,344,219,125,0.7713972602739726,0.816,0.6172633739880722,0.3633720930232558
segformer_single,malignant,posterior,lguq,340,237,103,0.7719470730408422,0.7766990291262136,0.5921344981269738,0.3029411764705882
segformer_single,malignant,anterior,metaseg,344,219,125,0.7606210045662101,0.848,0.6241762777742064,0.3633720930232558
segformer_single,malignant,posterior,metaseg,340,237,103,0.8192208430625537,0.7087378640776699,0.6310689962497237,0.3029411764705882
segformer_single,malignant,anterior,standardized_max_logit,344,219,125,0.7902465753424658,0.752,0.6333552094062951,0.3633720930232558
segformer_single,malignant,posterior,standardized_max_logit,340,237,103,0.8139773053131785,0.7281553398058253,0.6127619541358796,0.3029411764705882
segformer_single,malignant,anterior,mahalanobis,344,219,125,0.4457716894977169,0.96,0.32604070119126755,0.3633720930232558
segformer_single,malignant,posterior,mahalanobis,340,237,103,0.5135799434681086,0.9611650485436893,0.3103090353076757,0.3029411764705882
segformer_single,malignant,anterior,inverse_area,344,219,125,0.715013698630137,0.808,0.5914251427601827,0.3633720930232558
segformer_single,malignant,posterior,inverse_area,340,237,103,0.7169513743804022,0.8252427184466019,0.5411297059307641,0.3029411764705882
nnunet_late,benign,anterior,one_minus_mean_max_softmax,812,499,313,0.7236901918853682,0.8146964856230032,0.6017593422714271,0.3854679802955665
nnunet_late,benign,posterior,one_minus_mean_max_softmax,408,286,122,0.7836466811876648,0.7868852459016393,0.5548765948103875,0.29901960784313725
nnunet_late,benign,anterior,mean_normalized_entropy,812,499,313,0.7322888588678955,0.805111821086262,0.5991509265656033,0.3854679802955665
nnunet_late,benign,posterior,mean_normalized_entropy,408,286,122,0.794508769918606,0.7950819672131147,0.5586923613459805,0.29901960784313725
nnunet_late,benign,anterior,lguq,812,499,313,0.7118262083271976,0.8594249201277955,0.5713977354110524,0.3854679802955665
nnunet_late,benign,posterior,lguq,408,286,122,0.7726412931330964,0.7950819672131147,0.5533259965125963,0.29901960784313725
nnunet_late,benign,anterior,metaseg,812,499,313,0.7337038293840076,0.8594249201277955,0.5843602248286961,0.3854679802955665
nnunet_late,benign,posterior,metaseg,408,286,122,0.791700103175513,0.7540983606557377,0.5567610772347397,0.29901960784313725
nnunet_late,benign,anterior,standardized_max_logit,812,499,313,0.7459967859040765,0.8498402555910544,0.5891691371640184,0.3854679802955665
nnunet_late,benign,posterior,standardized_max_logit,408,286,122,0.7951106270778402,0.7459016393442623,0.567263707417474,0.29901960784313725
nnunet_late,benign,anterior,mahalanobis,812,499,313,0.5826669313067029,0.9009584664536742,0.47505413983078176,0.3854679802955665
nnunet_late,benign,posterior,mahalanobis,408,286,122,0.5344491573999771,0.9344262295081968,0.35365910226736635,0.29901960784313725
nnunet_late,benign,anterior,inverse_area,812,499,313,0.7211355618585413,0.8370607028753994,0.5910844861770407,0.3854679802955665
nnunet_late,benign,posterior,inverse_area,408,286,122,0.7290782987504298,0.7950819672131147,0.5226157519000154,0.29901960784313725
nnunet_late,malignant,anterior,one_minus_mean_max_softmax,315,197,118,0.6966789985373828,0.7457627118644068,0.6024217437016018,0.3746031746031746
nnunet_late,malignant,posterior,one_minus_mean_max_softmax,289,204,85,0.7926182237600923,0.7058823529411765,0.5972907231103316,0.29411764705882354
nnunet_late,malignant,anterior,mean_normalized_entropy,315,197,118,0.7167254581433364,0.7457627118644068,0.6335019583462488,0.3746031746031746
nnunet_late,malignant,posterior,mean_normalized_entropy,289,204,85,0.8066897347174163,0.7411764705882353,0.5997443307709682,0.29411764705882354
nnunet_late,malignant,anterior,lguq,315,197,118,0.6855803148928848,0.8220338983050848,0.5815809970240826,0.3746031746031746
nnunet_late,malignant,posterior,lguq,289,204,85,0.7596309111880046,0.7294117647058823,0.5663373806132568,0.29411764705882354
nnunet_late,malignant,anterior,metaseg,315,197,118,0.7486449281596834,0.7711864406779662,0.6455038517642305,0.3746031746031746
nnunet_late,malignant,posterior,metaseg,289,204,85,0.7972895040369089,0.7294117647058823,0.6077043168249578,0.29411764705882354
nnunet_late,malignant,anterior,standardized_max_logit,315,197,118,0.7733803665146692,0.6779661016949152,0.6963433535887155,0.3746031746031746
nnunet_late,malignant,posterior,standardized_max_logit,289,204,85,0.8299884659746252,0.7647058823529411,0.6400930379751277,0.29411764705882354
nnunet_late,malignant,anterior,mahalanobis,315,197,118,0.65834982362557,0.9491525423728814,0.4773554356534171,0.3746031746031746
nnunet_late,malignant,posterior,mahalanobis,289,204,85,0.668166089965398,0.8705882352941177,0.4767723990782698,0.29411764705882354
nnunet_late,malignant,anterior,inverse_area,315,197,118,0.7264905790243483,0.788135593220339,0.6210552111796646,0.3746031746031746
nnunet_late,malignant,posterior,inverse_area,289,204,85,0.7410611303344867,0.6823529411764706,0.5504527769173919,0.29411764705882354
nnunetcbam_multihead,benign,anterior,one_minus_mean_max_softmax,951,540,411,0.7359984680544291,0.8126520681265207,0.6496361500744294,0.43217665615141954
nnunetcbam_multihead,benign,posterior,one_minus_mean_max_softmax,397,290,107,0.7286819207218821,0.794392523364486,0.504486533066783,0.2695214105793451
nnunetcbam_multihead,benign,anterior,mean_normalized_entropy,951,540,411,0.7484995944849959,0.8150851581508516,0.6601705239244083,0.43217665615141954
nnunetcbam_multihead,benign,posterior,mean_normalized_entropy,397,290,107,0.7446986786980342,0.8130841121495327,0.5058935164971217,0.2695214105793451
nnunetcbam_multihead,benign,anterior,lguq,951,540,411,0.7333017932774624,0.8321167883211679,0.6424925488265721,0.43217665615141954
nnunetcbam_multihead,benign,posterior,lguq,397,290,107,0.7426683854334515,0.794392523364486,0.49416796580401195,0.2695214105793451
nnunetcbam_multihead,benign,anterior,metaseg,951,540,411,0.7509236730647922,0.8588807785888077,0.6433833821864023,0.43217665615141954
nnunetcbam_multihead,benign,posterior,metaseg,397,290,107,0.7336448598130841,0.7570093457943925,0.4964531633230557,0.2695214105793451
nnunetcbam_multihead,benign,anterior,standardized_max_logit,951,540,411,0.7584797693070199,0.8734793187347932,0.6444220381773288,0.43217665615141954
nnunetcbam_multihead,benign,posterior,standardized_max_logit,397,290,107,0.7723171124718015,0.7757009345794392,0.5365700457154028,0.2695214105793451
nnunetcbam_multihead,benign,anterior,mahalanobis,951,540,411,0.6116427863386501,0.9148418491484185,0.5309199492839267,0.43217665615141954
nnunetcbam_multihead,benign,posterior,mahalanobis,397,290,107,0.5393812439574606,0.897196261682243,0.3290531543121469,0.2695214105793451
nnunetcbam_multihead,benign,anterior,inverse_area,951,540,411,0.7401842840407318,0.8491484184914841,0.6618187203099768,0.43217665615141954
nnunetcbam_multihead,benign,posterior,inverse_area,397,290,107,0.7014824363519175,0.794392523364486,0.4750215348327433,0.2695214105793451
nnunetcbam_multihead,malignant,anterior,one_minus_mean_max_softmax,371,214,157,0.6832251919757129,0.8343949044585988,0.62808153143671,0.42318059299191374
nnunetcbam_multihead,malignant,posterior,one_minus_mean_max_softmax,312,199,113,0.6786143104905056,0.7699115044247787,0.558283456735385,0.36217948717948717
nnunetcbam_multihead,malignant,anterior,mean_normalized_entropy,371,214,157,0.7104291922138223,0.8280254777070064,0.6568831581241913,0.42318059299191374
nnunetcbam_multihead,malignant,posterior,mean_normalized_entropy,312,199,113,0.7058745052697114,0.7876106194690266,0.5856632172676065,0.36217948717948717
nnunetcbam_multihead,malignant,anterior,lguq,371,214,157,0.6869158878504673,0.8343949044585988,0.6303242768172541,0.42318059299191374
nnunetcbam_multihead,malignant,posterior,lguq,312,199,113,0.6764797438520034,0.7876106194690266,0.5380216410483855,0.36217948717948717
nnunetcbam_multihead,malignant,anterior,metaseg,371,214,157,0.7295969998214179,0.7707006369426752,0.6548345699764623,0.42318059299191374
nnunetcbam_multihead,malignant,posterior,metaseg,312,199,113,0.7741806377017832,0.6371681415929203,0.654091837148299,0.36217948717948717
nnunetcbam_multihead,malignant,anterior,standardized_max_logit,371,214,157,0.779034466337282,0.802547770700637,0.6960667104694424,0.42318059299191374
nnunetcbam_multihead,malignant,posterior,standardized_max_logit,312,199,113,0.7728910036910215,0.7964601769911505,0.6500019008205509,0.36217948717948717
nnunetcbam_multihead,malignant,anterior,mahalanobis,371,214,157,0.5858384427644503,0.9363057324840764,0.4941460131288993,0.42318059299191374
nnunetcbam_multihead,malignant,posterior,mahalanobis,312,199,113,0.5595677502557033,0.9292035398230089,0.407179271272365,0.36217948717948717
nnunetcbam_multihead,malignant,anterior,inverse_area,371,214,157,0.7059646407524257,0.7834394904458599,0.6463342070490966,0.42318059299191374
nnunetcbam_multihead,malignant,posterior,inverse_area,312,199,113,0.709498821541335,0.8141592920353983,0.5655176494675322,0.36217948717948717
segformer_late,benign,anterior,one_minus_mean_max_softmax,770,487,283,0.7279151943462897,0.8021201413427562,0.5883788383478243,0.36753246753246754
segformer_late,benign,posterior,one_minus_mean_max_softmax,414,294,120,0.7821145124716553,0.8083333333333333,0.5501592671594601,0.2898550724637681
segformer_late,benign,anterior,mean_normalized_entropy,770,487,283,0.7389875272999035,0.7915194346289752,0.5952712299216892,0.36753246753246754
segformer_late,benign,posterior,mean_normalized_entropy,414,294,120,0.7968253968253968,0.7833333333333333,0.5704802359656135,0.2898550724637681
segformer_late,benign,anterior,lguq,770,487,283,0.7271823597274726,0.833922261484099,0.5619425103737774,0.36753246753246754
segformer_late,benign,posterior,lguq,414,294,120,0.7697845804988662,0.8916666666666667,0.5070820633400461,0.2898550724637681
segformer_late,benign,anterior,metaseg,770,487,283,0.7356498646795481,0.8445229681978799,0.5602345935249596,0.36753246753246754
segformer_late,benign,posterior,metaseg,414,294,120,0.7993764172335601,0.7166666666666667,0.6149108616588684,0.2898550724637681
segformer_late,benign,anterior,standardized_max_logit,770,487,283,0.7208480565371025,0.8621908127208481,0.5685466796294891,0.36753246753246754
segformer_late,benign,posterior,standardized_max_logit,414,294,120,0.7868197278911565,0.6916666666666667,0.5923775775854232,0.2898550724637681
segformer_late,benign,anterior,mahalanobis,770,487,283,0.5361809883834829,0.9045936395759717,0.4266186567019384,0.36753246753246754
segformer_late,benign,posterior,mahalanobis,414,294,120,0.5496031746031746,0.9333333333333333,0.339089518076101,0.2898550724637681
segformer_late,benign,anterior,inverse_area,770,487,283,0.7155549589685172,0.8091872791519434,0.5910829900419413,0.36753246753246754
segformer_late,benign,posterior,inverse_area,414,294,120,0.7326672335600907,0.825,0.5170426835111356,0.2898550724637681
segformer_late,malignant,anterior,one_minus_mean_max_softmax,314,223,91,0.7463657418814369,0.8791208791208791,0.49629289202307336,0.2898089171974522
segformer_late,malignant,posterior,one_minus_mean_max_softmax,318,230,88,0.7987648221343874,0.8522727272727273,0.5490589034703697,0.27672955974842767
segformer_late,malignant,anterior,mean_normalized_entropy,314,223,91,0.7498152072143104,0.8461538461538461,0.4869047338638486,0.2898089171974522
segformer_late,malignant,posterior,mean_normalized_entropy,318,230,88,0.8048913043478261,0.8522727272727273,0.5275072347876267,0.27672955974842767
segformer_late,malignant,anterior,lguq,314,223,91,0.7443453407578968,0.8461538461538461,0.4938565848217491,0.2898089171974522
segformer_late,malignant,posterior,lguq,318,230,88,0.800296442687747,0.7613636363636364,0.5528140169620264,0.27672955974842767
segformer_late,malignant,anterior,metaseg,314,223,91,0.7249790568176219,0.7802197802197802,0.48443436435565274,0.2898089171974522
segformer_late,malignant,posterior,metaseg,318,230,88,0.8100790513833992,0.875,0.5334256660734586,0.27672955974842767
segformer_late,malignant,anterior,standardized_max_logit,314,223,91,0.7394175331395062,0.9120879120879121,0.4505968096295286,0.2898089171974522
segformer_late,malignant,posterior,standardized_max_logit,318,230,88,0.7972826086956522,0.9318181818181818,0.498676921161033,0.27672955974842767
segformer_late,malignant,anterior,mahalanobis,314,223,91,0.4598137288720248,0.978021978021978,0.2645033096043135,0.2898089171974522
segformer_late,malignant,posterior,mahalanobis,318,230,88,0.5039525691699605,1.0,0.26470944541776803,0.27672955974842767
segformer_late,malignant,anterior,inverse_area,314,223,91,0.6661163948159464,0.7912087912087912,0.4446626088827874,0.2898089171974522
segformer_late,malignant,posterior,inverse_area,318,230,88,0.7432312252964427,0.9090909090909091,0.5214907719607581,0.27672955974842767
nnunet_early,benign,anterior,one_minus_mean_max_softmax,539,375,164,0.7283252032520325,0.8536585365853658,0.5131438992540204,0.3042671614100185
nnunet_early,benign,posterior,one_minus_mean_max_softmax,405,283,122,0.7556913630307595,0.7295081967213115,0.5952859136532623,0.3012345679012346
nnunet_early,benign,anterior,mean_normalized_entropy,539,375,164,0.7397560975609756,0.8353658536585366,0.5159755182198409,0.3042671614100185
nnunet_early,benign,posterior,mean_normalized_entropy,405,283,122,0.7628453918785842,0.7704918032786885,0.5786004164639248,0.3012345679012346
nnunet_early,benign,anterior,lguq,539,375,164,0.7061951219512195,0.8536585365853658,0.522142691547682,0.3042671614100185
nnunet_early,benign,posterior,lguq,405,283,122,0.7463360945374501,0.7622950819672131,0.5538630892947041,0.3012345679012346
nnunet_early,benign,anterior,metaseg,539,375,164,0.7245528455284553,0.8353658536585366,0.5229518686794581,0.3042671614100185
nnunet_early,benign,posterior,metaseg,405,283,122,0.7669871980536407,0.7049180327868853,0.5666518808773982,0.3012345679012346
nnunet_early,benign,anterior,standardized_max_logit,539,375,164,0.7573821138211382,0.8353658536585366,0.5162127757231832,0.3042671614100185
nnunet_early,benign,posterior,standardized_max_logit,405,283,122,0.7589642588194404,0.7704918032786885,0.5237314250159992,0.3012345679012346
nnunet_early,benign,anterior,mahalanobis,539,375,164,0.5767479674796748,0.8658536585365854,0.39258963870574415,0.3042671614100185
nnunet_early,benign,posterior,mahalanobis,405,283,122,0.5522504779007125,0.860655737704918,0.37719271820473316,0.3012345679012346
nnunet_early,benign,anterior,inverse_area,539,375,164,0.697560975609756,0.8536585365853658,0.5015885112861442,0.3042671614100185
nnunet_early,benign,posterior,inverse_area,405,283,122,0.7020506285118462,0.7622950819672131,0.4996972079760399,0.3012345679012346
nnunet_early,malignant,anterior,one_minus_mean_max_softmax,335,186,149,0.68124413653749,0.8523489932885906,0.6220578717873524,0.44477611940298506
nnunet_early,malignant,posterior,one_minus_mean_max_softmax,338,213,125,0.6135962441314554,0.832,0.529135975426427,0.3698224852071006
nnunet_early,malignant,anterior,mean_normalized_entropy,335,186,149,0.6975535830266292,0.8187919463087249,0.6376051271720358,0.44477611940298506
nnunet_early,malignant,posterior,mean_normalized_entropy,338,213,125,0.6392112676056338,0.824,0.5385935709947808,0.3698224852071006
nnunet_early,malignant,anterior,lguq,335,186,149,0.7196002020639388,0.8120805369127517,0.6659388598935043,0.44477611940298506
nnunet_early,malignant,posterior,lguq,338,213,125,0.6886760563380282,0.84,0.5683936594384084,0.3698224852071006
nnunet_early,malignant,anterior,metaseg,335,186,149,0.739842678790503,0.7651006711409396,0.6791168527006672,0.44477611940298506
nnunet_early,malignant,posterior,metaseg,338,213,125,0.7702535211267606,0.832,0.6338235969680946,0.3698224852071006
nnunet_early,malignant,anterior,standardized_max_logit,335,186,149,0.7325900267013062,0.8053691275167785,0.6638915297707149,0.44477611940298506
nnunet_early,malignant,posterior,standardized_max_logit,338,213,125,0.7037370892018779,0.832,0.560308630976037,0.3698224852071006
nnunet_early,malignant,anterior,mahalanobis,335,186,149,0.6459551129393086,0.9328859060402684,0.5476720745236993,0.44477611940298506
nnunet_early,malignant,posterior,mahalanobis,338,213,125,0.6230234741784038,0.84,0.5076366539059534,0.3698224852071006
nnunet_early,malignant,anterior,inverse_area,335,186,149,0.7543299415457891,0.7516778523489933,0.6846754404829309,0.44477611940298506
nnunet_early,malignant,posterior,inverse_area,338,213,125,0.7582910798122066,0.84,0.6148452254794774,0.3698224852071006
nnunetcbam_multidecoder,benign,anterior,one_minus_mean_max_softmax,529,364,165,0.7392440892440892,0.7575757575757576,0.55821390570844,0.31190926275992437
nnunetcbam_multidecoder,benign,posterior,one_minus_mean_max_softmax,407,294,113,0.6644392270182409,0.831858407079646,0.45093089659755176,0.27764127764127766
nnunetcbam_multidecoder,benign,anterior,mean_normalized_entropy,529,364,165,0.7601398601398601,0.7636363636363637,0.5734696397100167,0.31190926275992437
nnunetcbam_multidecoder,benign,posterior,mean_normalized_entropy,407,294,113,0.6797001986635363,0.8407079646017699,0.45512812646138423,0.27764127764127766
nnunetcbam_multidecoder,benign,anterior,lguq,529,364,165,0.7454378954378954,0.7333333333333333,0.566270799071345,0.31190926275992437
nnunetcbam_multidecoder,benign,posterior,lguq,407,294,113,0.6772319547287942,0.7964601769911505,0.46062787354756357,0.27764127764127766
nnunetcbam_multidecoder,benign,anterior,metaseg,529,364,165,0.7492007992007992,0.8787878787878788,0.5172846567988655,0.31190926275992437
nnunetcbam_multidecoder,benign,posterior,metaseg,407,294,113,0.6967672024562037,0.831858407079646,0.4754592067871779,0.27764127764127766
nnunetcbam_multidecoder,benign,anterior,standardized_max_logit,529,364,165,0.7997502497502498,0.7696969696969697,0.6335867070224313,0.31190926275992437
nnunetcbam_multidecoder,benign,posterior,standardized_max_logit,407,294,113,0.7094696285593883,0.8495575221238938,0.4770695856936004,0.27764127764127766
nnunetcbam_multidecoder,benign,anterior,mahalanobis,529,364,165,0.5570596070596071,0.9030303030303031,0.3855630769435919,0.31190926275992437
nnunetcbam_multidecoder,benign,posterior,mahalanobis,407,294,113,0.5113479019926555,0.8407079646017699,0.36074861718493134,0.27764127764127766
nnunetcbam_multidecoder,benign,anterior,inverse_area,529,364,165,0.7345321345321345,0.7696969696969697,0.5627900355459686,0.31190926275992437
nnunetcbam_multidecoder,benign,posterior,inverse_area,407,294,113,0.6801517067003793,0.8141592920353983,0.44731245544408504,0.27764127764127766
nnunetcbam_multidecoder,malignant,anterior,one_minus_mean_max_softmax,430,215,215,0.6642942130881557,0.7488372093023256,0.6828810944075073,0.5
nnunetcbam_multidecoder,malignant,posterior,one_minus_mean_max_softmax,383,231,152,0.6578377762588289,0.8618421052631579,0.5582905776885618,0.3968668407310705
nnunetcbam_multidecoder,malignant,anterior,mean_normalized_entropy,430,215,215,0.68322336398053,0.7255813953488373,0.6905543448972482,0.5
nnunetcbam_multidecoder,malignant,posterior,mean_normalized_entropy,383,231,152,0.6699134199134199,0.875,0.5611188802781499,0.3968668407310705
nnunetcbam_multidecoder,malignant,anterior,lguq,430,215,215,0.7110005408328827,0.7395348837209302,0.731329288526226,0.5
nnunetcbam_multidecoder,malignant,posterior,lguq,383,231,152,0.6799669628616997,0.868421052631579,0.5665174403763346,0.3968668407310705
nnunetcbam_multidecoder,malignant,anterior,metaseg,430,215,215,0.7468902109248242,0.7162790697674418,0.7335567188742487,0.5
nnunetcbam_multidecoder,malignant,posterior,metaseg,383,231,152,0.7447881066302119,0.7697368421052632,0.6451513840715135,0.3968668407310705
nnunetcbam_multidecoder,malignant,anterior,standardized_max_logit,430,215,215,0.7311627906976744,0.7209302325581395,0.7185592597339666,0.5
nnunetcbam_multidecoder,malignant,posterior,standardized_max_logit,383,231,152,0.6940931875142401,0.8223684210526315,0.5813110764549644,0.3968668407310705
nnunetcbam_multidecoder,malignant,anterior,mahalanobis,430,215,215,0.5493347755543537,0.8790697674418605,0.5757552000878811,0.5
nnunetcbam_multidecoder,malignant,posterior,mahalanobis,383,231,152,0.5174014581909319,0.9407894736842105,0.4492456973218749,0.3968668407310705
nnunetcbam_multidecoder,malignant,anterior,inverse_area,430,215,215,0.7523526230394808,0.7302325581395349,0.7470024956665117,0.5
nnunetcbam_multidecoder,malignant,posterior,inverse_area,383,231,152,0.6561004784688995,0.9013157894736842,0.5365080246774019,0.3968668407310705
segformer_early,benign,anterior,one_minus_mean_max_softmax,798,502,296,0.7432365134058361,0.8209459459459459,0.5898776959306707,0.37092731829573933
segformer_early,benign,posterior,one_minus_mean_max_softmax,404,292,112,0.7949486301369864,0.7857142857142857,0.5910874158258623,0.27722772277227725
segformer_early,benign,anterior,mean_normalized_entropy,798,502,296,0.7520862495962097,0.8006756756756757,0.6021340991031454,0.37092731829573933
segformer_early,benign,posterior,mean_normalized_entropy,404,292,112,0.8027764187866928,0.75,0.6026805578300545,0.27722772277227725
segformer_early,benign,anterior,lguq,798,502,296,0.7361230752665016,0.8513513513513513,0.5777046869028623,0.37092731829573933
segformer_early,benign,posterior,lguq,404,292,112,0.7839713796477495,0.7678571428571429,0.5655510145031541,0.27722772277227725
segformer_early,benign,anterior,metaseg,798,502,296,0.7520727899213955,0.8108108108108109,0.5926965192772183,0.37092731829573933
segformer_early,benign,posterior,metaseg,404,292,112,0.8047027886497065,0.7678571428571429,0.6179550787733847,0.27722772277227725
segformer_early,benign,anterior,standardized_max_logit,798,502,296,0.7029449768493593,0.8918918918918919,0.5387024143960886,0.37092731829573933
segformer_early,benign,posterior,standardized_max_logit,404,292,112,0.7432729941291585,0.75,0.5367721886328808,0.27722772277227725
segformer_early,benign,anterior,mahalanobis,798,502,296,0.5040850113061268,0.9222972972972973,0.40151360740431974,0.37092731829573933
segformer_early,benign,posterior,mahalanobis,404,292,112,0.5615826810176126,0.8928571428571429,0.34703933367503803,0.27722772277227725
segformer_early,benign,anterior,inverse_area,798,502,296,0.7251298858619576,0.847972972972973,0.5858434737517075,0.37092731829573933
segformer_early,benign,posterior,inverse_area,404,292,112,0.7354299168297456,0.7857142857142857,0.5270152839589682,0.27722772277227725
segformer_early,malignant,anterior,one_minus_mean_max_softmax,321,221,100,0.7548868778280543,0.76,0.5787749862537497,0.3115264797507788
segformer_early,malignant,posterior,one_minus_mean_max_softmax,324,221,103,0.8032772481658832,0.7961165048543689,0.6313219207405911,0.31790123456790126
segformer_early,malignant,anterior,mean_normalized_entropy,321,221,100,0.7736651583710408,0.75,0.6019592851742928,0.3115264797507788
segformer_early,malignant,posterior,mean_normalized_entropy,324,221,103,0.813908535781751,0.7766990291262136,0.6290594770486694,0.31790123456790126
segformer_early,malignant,anterior,lguq,321,221,100,0.7563800904977376,0.76,0.5897778943835393,0.3115264797507788
segformer_early,malignant,posterior,lguq,324,221,103,0.7985766375258094,0.7184466019417476,0.5878650295061518,0.31790123456790126
segformer_early,malignant,anterior,metaseg,321,221,100,0.7651131221719457,0.78,0.57100154101086,0.3115264797507788
segformer_early,malignant,posterior,metaseg,324,221,103,0.8275710582963581,0.7766990291262136,0.6638974603641001,0.31790123456790126
segformer_early,malignant,anterior,standardized_max_logit,321,221,100,0.7827149321266968,0.8,0.5770783998749482,0.3115264797507788
segformer_early,malignant,posterior,standardized_max_logit,324,221,103,0.8087246847955015,0.8446601941747572,0.5914908512397378,0.31790123456790126
segformer_early,malignant,anterior,mahalanobis,321,221,100,0.4083257918552036,0.99,0.2585547934965391,0.3115264797507788
segformer_early,malignant,posterior,mahalanobis,324,221,103,0.5334534112375346,0.970873786407767,0.3316986271595385,0.31790123456790126
segformer_early,malignant,anterior,inverse_area,321,221,100,0.6983710407239819,0.81,0.5414942530168912,0.3115264797507788
segformer_early,malignant,posterior,inverse_area,324,221,103,0.7601809954751131,0.7961165048543689,0.6355360493532213,0.31790123456790126
nnunet_earlymid,benign,anterior,one_minus_mean_max_softmax,789,492,297,0.7257945306725795,0.797979797979798,0.5849470728339592,0.376425855513308
nnunet_earlymid,benign,posterior,one_minus_mean_max_softmax,416,293,123,0.7339548822109382,0.8536585365853658,0.5125659787818985,0.2956730769230769
nnunet_earlymid,benign,anterior,mean_normalized_entropy,789,492,297,0.7378117215515589,0.797979797979798,0.582876073852676,0.376425855513308
nnunet_earlymid,benign,posterior,mean_normalized_entropy,416,293,123,0.7497988290463109,0.8617886178861789,0.5206914618876273,0.2956730769230769
nnunet_earlymid,benign,anterior,lguq,789,492,297,0.7126686923434891,0.8383838383838383,0.5647252091717802,0.376425855513308
nnunet_earlymid,benign,posterior,lguq,416,293,123,0.7125058963900219,0.9024390243902439,0.4814474066771354,0.2956730769230769
nnunet_earlymid,benign,anterior,metaseg,789,492,297,0.7402206345295776,0.8148148148148148,0.5888753349600769,0.376425855513308
nnunet_earlymid,benign,posterior,metaseg,416,293,123,0.7442492854962679,0.9105691056910569,0.4996711385615587,0.2956730769230769
nnunet_earlymid,benign,anterior,standardized_max_logit,789,492,297,0.7129629629629629,0.8619528619528619,0.551521466065866,0.376425855513308
nnunet_earlymid,benign,posterior,standardized_max_logit,416,293,123,0.7639779128166708,0.8536585365853658,0.5239244443998936,0.2956730769230769
nnunet_earlymid,benign,anterior,mahalanobis,789,492,297,0.42304481125619336,0.9292929292929293,0.3532021586043643,0.376425855513308
nnunet_earlymid,benign,posterior,mahalanobis,416,293,123,0.5070617941674297,0.9186991869918699,0.3466142836470255,0.2956730769230769
nnunet_earlymid,benign,anterior,inverse_area,789,492,297,0.6973152938600093,0.8787878787878788,0.5528094936335453,0.376425855513308
nnunet_earlymid,benign,posterior,inverse_area,416,293,123,0.6957185271511418,0.8455284552845529,0.48617091612611185,0.2956730769230769
nnunet_earlymid,malignant,anterior,one_minus_mean_max_softmax,299,186,113,0.6670948710628984,0.8672566371681416,0.5390590867392907,0.3779264214046823
nnunet_earlymid,malignant,posterior,one_minus_mean_max_softmax,293,202,91,0.6974213904906974,0.8681318681318682,0.5085918221247829,0.310580204778157
nnunet_earlymid,malignant,anterior,mean_normalized_entropy,299,186,113,0.681082881339804,0.8584070796460177,0.556411921145951,0.3779264214046823
nnunet_earlymid,malignant,posterior,mean_normalized_entropy,293,202,91,0.7043847241867044,0.8461538461538461,0.5080491075207644,0.310580204778157
nnunet_earlymid,malignant,anterior,lguq,299,186,113,0.6836996859834428,0.8495575221238938,0.5573680123986007,0.3779264214046823
nnunet_earlymid,malignant,posterior,lguq,293,202,91,0.7087368077467088,0.8901098901098901,0.47836066159137486,0.310580204778157
nnunet_earlymid,malignant,anterior,metaseg,299,186,113,0.6791797506898849,0.8584070796460177,0.5239286230291439,0.3779264214046823
nnunet_earlymid,malignant,posterior,metaseg,293,202,91,0.7679251441627679,0.8131868131868132,0.5672862972339308,0.310580204778157
nnunet_earlymid,malignant,anterior,standardized_max_logit,299,186,113,0.6748977067275669,0.8495575221238938,0.5292337206675382,0.3779264214046823
nnunet_earlymid,malignant,posterior,standardized_max_logit,293,202,91,0.6827331084756827,0.8461538461538461,0.4892142957711379,0.310580204778157
nnunet_earlymid,malignant,anterior,mahalanobis,299,186,113,0.4659815396326958,0.9823008849557522,0.3534324520346226,0.3779264214046823
nnunet_earlymid,malignant,posterior,mahalanobis,293,202,91,0.5095201827875095,0.9230769230769231,0.3349733031870364,0.310580204778157
nnunet_earlymid,malignant,anterior,inverse_area,299,186,113,0.7088447996954991,0.7610619469026548,0.5871852874761914,0.3779264214046823
nnunet_earlymid,malignant,posterior,inverse_area,293,202,91,0.6931509084974431,0.9230769230769231,0.4670198697837506,0.310580204778157
nnunetcbam_earlymid,benign,anterior,one_minus_mean_max_softmax,522,363,159,0.7561896841485177,0.7547169811320755,0.5850791199019549,0.3045977011494253
nnunetcbam_earlymid,benign,posterior,one_minus_mean_max_softmax,430,287,143,0.7834117102409786,0.6643356643356644,0.6533867191814225,0.3325581395348837
nnunetcbam_earlymid,benign,anterior,mean_normalized_entropy,522,363,159,0.7692361002824125,0.7484276729559748,0.6056845816510601,0.3045977011494253
nnunetcbam_earlymid,benign,posterior,mean_normalized_entropy,430,287,143,0.7937428425233304,0.6223776223776224,0.6627379433367336,0.3325581395348837
nnunetcbam_earlymid,benign,anterior,lguq,522,363,159,0.7520834416203198,0.7672955974842768,0.5980595724057546,0.3045977011494253
nnunetcbam_earlymid,benign,posterior,lguq,430,287,143,0.7902828878438635,0.7062937062937062,0.6615424690318741,0.3325581395348837
nnunetcbam_earlymid,benign,anterior,metaseg,522,363,159,0.7753868011157891,0.8176100628930818,0.5767073831503922,0.3045977011494253
nnunetcbam_earlymid,benign,posterior,metaseg,430,287,143,0.796252527959845,0.6433566433566433,0.6577905866796532,0.3325581395348837
nnunetcbam_earlymid,benign,anterior,standardized_max_logit,522,363,159,0.8069892752568567,0.6415094339622641,0.6510482544875938,0.3045977011494253
nnunetcbam_earlymid,benign,posterior,standardized_max_logit,430,287,143,0.7872858848468605,0.6573426573426573,0.6613166112151643,0.3325581395348837
nnunetcbam_earlymid,benign,anterior,mahalanobis,522,363,159,0.581336521302216,0.8616352201257862,0.4265204007857858,0.3045977011494253
nnunetcbam_earlymid,benign,posterior,mahalanobis,430,287,143,0.5524962842036013,0.8741258741258742,0.4506926421434322,0.3325581395348837
nnunetcbam_earlymid,benign,anterior,inverse_area,522,363,159,0.7338652390110366,0.7484276729559748,0.5998394877065873,0.3045977011494253
nnunetcbam_earlymid,benign,posterior,inverse_area,430,287,143,0.7233376379717843,0.7342657342657343,0.5868251305446709,0.3325581395348837
nnunetcbam_earlymid,malignant,anterior,one_minus_mean_max_softmax,429,219,210,0.6959991302457056,0.8428571428571429,0.6684442947758515,0.48951048951048953
nnunetcbam_earlymid,malignant,posterior,one_minus_mean_max_softmax,408,222,186,0.6804223578417127,0.8064516129032258,0.6423412609610331,0.45588235294117646
nnunetcbam_earlymid,malignant,anterior,mean_normalized_entropy,429,219,210,0.7156120895846924,0.8380952380952381,0.6835152711401512,0.48951048951048953
nnunetcbam_earlymid,malignant,posterior,mean_normalized_entropy,408,222,186,0.6882204785430592,0.8064516129032258,0.6468739186560724,0.45588235294117646
nnunetcbam_earlymid,malignant,anterior,lguq,429,219,210,0.7330941509023701,0.8380952380952381,0.7056002282431804,0.48951048951048953
nnunetcbam_earlymid,malignant,posterior,lguq,408,222,186,0.7247650876683135,0.7903225806451613,0.6915230892174672,0.45588235294117646
nnunetcbam_earlymid,malignant,anterior,metaseg,429,219,210,0.7572298325722984,0.7095238095238096,0.7438709190167843,0.48951048951048953
nnunetcbam_earlymid,malignant,posterior,metaseg,408,222,186,0.7970551196357648,0.7204301075268817,0.7600971812466979,0.45588235294117646
nnunetcbam_earlymid,malignant,anterior,standardized_max_logit,429,219,210,0.7637747336377473,0.8285714285714286,0.7131115200862532,0.48951048951048953
nnunetcbam_earlymid,malignant,posterior,standardized_max_logit,408,222,186,0.7096774193548387,0.8172043010752689,0.6434936722690315,0.45588235294117646
nnunetcbam_earlymid,malignant,anterior,mahalanobis,429,219,210,0.5126766688410525,0.9380952380952381,0.5118553797500823,0.48951048951048953
nnunetcbam_earlymid,malignant,posterior,mahalanobis,408,222,186,0.5351641964545191,0.8924731182795699,0.5368429448909555,0.45588235294117646
nnunetcbam_earlymid,malignant,anterior,inverse_area,429,219,210,0.7202870189171559,0.8952380952380953,0.6829235849563591,0.48951048951048953
nnunetcbam_earlymid,malignant,posterior,inverse_area,408,222,186,0.7136370241208951,0.7849462365591398,0.6841526664557624,0.45588235294117646
nnunet_mid,benign,anterior,one_minus_mean_max_softmax,572,366,206,0.7799750649901852,0.6747572815533981,0.6757956403124405,0.36013986013986016
nnunet_mid,benign,posterior,one_minus_mean_max_softmax,468,294,174,0.7971498944405349,0.735632183908046,0.6821818419837681,0.3717948717948718
nnunet_mid,benign,anterior,mean_normalized_entropy,572,366,206,0.7889808477903337,0.6553398058252428,0.6752902362959298,0.36013986013986016
nnunet_mid,benign,posterior,mean_normalized_entropy,468,294,174,0.8081554460864806,0.7011494252873564,0.6918464161528323,0.3717948717948718
nnunet_mid,benign,anterior,lguq,572,366,206,0.7793649530479071,0.7038834951456311,0.6547683114439605,0.36013986013986016
nnunet_mid,benign,posterior,lguq,468,294,174,0.7838181249511299,0.7126436781609196,0.6812909374682498,0.3717948717948718
nnunet_mid,benign,anterior,metaseg,572,366,206,0.796487877340973,0.6990291262135923,0.6764255765469084,0.36013986013986016
nnunet_mid,benign,posterior,metaseg,468,294,174,0.7983618734850262,0.6494252873563219,0.6765479245012143,0.3717948717948718
nnunet_mid,benign,anterior,standardized_max_logit,572,366,206,0.7869515624171044,0.7184466019417476,0.6502842172039551,0.36013986013986016
nnunet_mid,benign,posterior,standardized_max_logit,468,294,174,0.7340878880287748,0.8103448275862069,0.5940124135727046,0.3717948717948718
nnunet_mid,benign,anterior,mahalanobis,572,366,206,0.5107698021115179,0.883495145631068,0.41016702708254227,0.36013986013986016
nnunet_mid,benign,posterior,mahalanobis,468,294,174,0.5651927437641724,0.9252873563218391,0.4143752498467839,0.3717948717948718
nnunet_mid,benign,anterior,inverse_area,572,366,206,0.7537269881691336,0.7427184466019418,0.643919221919737,0.36013986013986016
nnunet_mid,benign,posterior,inverse_area,468,294,174,0.7422394245054343,0.764367816091954,0.633067718094898,0.3717948717948718
nnunet_mid,malignant,anterior,one_minus_mean_max_softmax,455,206,249,0.7217315865403361,0.8112449799196787,0.749482386661138,0.5472527472527473
nnunet_mid,malignant,posterior,one_minus_mean_max_softmax,394,220,174,0.7224399164054337,0.8275862068965517,0.6525607904698357,0.4416243654822335
nnunet_mid,malignant,anterior,mean_normalized_entropy,455,206,249,0.7265762077435958,0.8152610441767069,0.751673781680634,0.5472527472527473
nnunet_mid,malignant,posterior,mean_normalized_entropy,394,220,174,0.7321316614420063,0.8218390804597702,0.6608231531635725,0.4416243654822335
nnunet_mid,malignant,anterior,lguq,455,206,249,0.7337115452099661,0.8473895582329317,0.7532204656974391,0.5472527472527473
nnunet_mid,malignant,posterior,lguq,394,220,174,0.7061650992685475,0.8620689655172413,0.639188344223823,0.4416243654822335
nnunet_mid,malignant,anterior,metaseg,455,206,249,0.7565602214683979,0.8594377510040161,0.7616942634740789,0.5472527472527473
nnunet_mid,malignant,posterior,metaseg,394,220,174,0.7758359456635319,0.7758620689655172,0.7025177722923197,0.4416243654822335
nnunet_mid,malignant,anterior,standardized_max_logit,455,206,249,0.7566771942137482,0.8433734939759037,0.7633947997483223,0.5472527472527473
nnunet_mid,malignant,posterior,standardized_max_logit,394,220,174,0.75141065830721,0.8045977011494253,0.6802703518804571,0.4416243654822335
nnunet_mid,malignant,anterior,mahalanobis,455,206,249,0.4039848715249347,0.9558232931726908,0.5122604567082455,0.5472527472527473
nnunet_mid,malignant,posterior,mahalanobis,394,220,174,0.5524033437826541,0.9482758620689655,0.4779356164234527,0.4416243654822335
nnunet_mid,malignant,anterior,inverse_area,455,206,249,0.7603715834210629,0.8112449799196787,0.7691607174933445,0.5472527472527473
nnunet_mid,malignant,posterior,inverse_area,394,220,174,0.7311781609195402,0.8390804597701149,0.644222160993823,0.4416243654822335
nnunetcbam_mid,benign,anterior,one_minus_mean_max_softmax,550,365,185,0.7883746760459089,0.6486486486486487,0.6490755431586903,0.33636363636363636
nnunetcbam_mid,benign,posterior,one_minus_mean_max_softmax,442,287,155,0.7680791277958863,0.6516129032258065,0.6529865851415358,0.3506787330316742
nnunetcbam_mid,benign,anterior,mean_normalized_entropy,550,365,185,0.7998963346908552,0.6648648648648648,0.6654030116673372,0.33636363636363636
nnunetcbam_mid,benign,posterior,mean_normalized_entropy,442,287,155,0.783410138248848,0.6451612903225806,0.6545209581879866,0.3506787330316742
nnunetcbam_mid,benign,anterior,lguq,550,365,185,0.7838134024435395,0.6432432432432432,0.639310284226551,0.33636363636363636
nnunetcbam_mid,benign,posterior,lguq,442,287,155,0.7581431943351692,0.6774193548387096,0.660532750467382,0.3506787330316742
nnunetcbam_mid,benign,anterior,metaseg,550,365,185,0.8021177341725287,0.6486486486486487,0.6496571304318152,0.33636363636363636
nnunetcbam_mid,benign,posterior,metaseg,442,287,155,0.7943576486456109,0.632258064516129,0.6624603608220339,0.3506787330316742
nnunetcbam_mid,benign,anterior,standardized_max_logit,550,365,185,0.826612365790448,0.6324324324324324,0.7093976371470542,0.33636363636363636
nnunetcbam_mid,benign,posterior,standardized_max_logit,442,287,155,0.7932336742722266,0.6387096774193548,0.6565244155987315,0.3506787330316742
nnunetcbam_mid,benign,anterior,mahalanobis,550,365,185,0.573476490188819,0.8540540540540541,0.43475209762513695,0.33636363636363636
nnunetcbam_mid,benign,posterior,mahalanobis,442,287,155,0.5943126896706755,0.8709677419354839,0.45759528137768263,0.3506787330316742
nnunetcbam_mid,benign,anterior,inverse_area,550,365,185,0.7544835246205109,0.7081081081081081,0.5984265363417142,0.33636363636363636
nnunetcbam_mid,benign,posterior,inverse_area,442,287,155,0.7424300325952569,0.7161290322580646,0.6377644802928425,0.3506787330316742
nnunetcbam_mid,malignant,anterior,one_minus_mean_max_softmax,383,205,178,0.6922170457659633,0.8258426966292135,0.6611063201628363,0.46475195822454307
nnunetcbam_mid,malignant,posterior,one_minus_mean_max_softmax,373,213,160,0.7084507042253522,0.7125,0.6712603095766466,0.4289544235924933
nnunetcbam_mid,malignant,anterior,mean_normalized_entropy,383,205,178,0.7151822417100575,0.797752808988764,0.6817507178616169,0.46475195822454307
nnunetcbam_mid,malignant,posterior,mean_normalized_entropy,373,213,160,0.7386443661971831,0.725,0.6852392933115775,0.4289544235924933
nnunetcbam_mid,malignant,anterior,lguq,383,205,178,0.6992874760208276,0.7696629213483146,0.682599048542185,0.46475195822454307
nnunetcbam_mid,malignant,posterior,lguq,373,213,160,0.7080985915492958,0.7375,0.6691761476314056,0.4289544235924933
nnunetcbam_mid,malignant,anterior,metaseg,383,205,178,0.7526993696903261,0.7865168539325843,0.7205925502273538,0.46475195822454307
nnunetcbam_mid,malignant,posterior,metaseg,373,213,160,0.7895833333333333,0.825,0.6956347330223964,0.4289544235924933
nnunetcbam_mid,malignant,anterior,standardized_max_logit,383,205,178,0.7878048780487805,0.7865168539325843,0.7323241676908077,0.46475195822454307
nnunetcbam_mid,malignant,posterior,standardized_max_logit,373,213,160,0.8063673708920188,0.68125,0.7429061647955468,0.4289544235924933
nnunetcbam_mid,malignant,anterior,mahalanobis,383,205,178,0.5008221430528912,0.9382022471910112,0.4918391202170848,0.46475195822454307
nnunetcbam_mid,malignant,posterior,mahalanobis,373,213,160,0.6204518779342723,0.91875,0.5332607126590252,0.4289544235924933
nnunetcbam_mid,malignant,anterior,inverse_area,383,205,178,0.7266511372978899,0.8089887640449438,0.6935994196717143,0.46475195822454307
nnunetcbam_mid,malignant,posterior,inverse_area,373,213,160,0.7450410798122066,0.86875,0.6652168505917567,0.4289544235924933
segformer_mid,benign,anterior,one_minus_mean_max_softmax,794,490,304,0.7463547261009666,0.8322368421052632,0.6043947533742784,0.38287153652392947
segformer_mid,benign,posterior,one_minus_mean_max_softmax,423,302,121,0.7867659131957747,0.7107438016528925,0.5989485643637779,0.2860520094562648
segformer_mid,benign,anterior,mean_normalized_entropy,794,490,304,0.750140977443609,0.8289473684210527,0.60597063755133,0.38287153652392947
segformer_mid,benign,posterior,mean_normalized_entropy,423,302,121,0.7951672048601609,0.6942148760330579,0.5986620946142057,0.2860520094562648
segformer_mid,benign,anterior,lguq,794,490,304,0.7352846401718582,0.8552631578947368,0.5917632843544496,0.38287153652392947
segformer_mid,benign,posterior,lguq,423,302,121,0.7763942860270374,0.7768595041322314,0.548225582203476,0.2860520094562648
segformer_mid,benign,anterior,metaseg,794,490,304,0.7511680988184748,0.8322368421052632,0.6093551085615457,0.38287153652392947
segformer_mid,benign,posterior,metaseg,423,302,121,0.8011603086858957,0.6776859504132231,0.6108048478421421,0.2860520094562648
segformer_mid,benign,anterior,standardized_max_logit,794,490,304,0.7087003222341568,0.8717105263157895,0.5462703777661825,0.38287153652392947
segformer_mid,benign,posterior,standardized_max_logit,423,302,121,0.7517924579935417,0.7603305785123967,0.530277674528431,0.2860520094562648
segformer_mid,benign,anterior,mahalanobis,794,490,304,0.4933673469387755,0.930921052631579,0.4135479794306318,0.38287153652392947
segformer_mid,benign,posterior,mahalanobis,423,302,121,0.5703573969678726,0.8677685950413223,0.38020058348177976,0.2860520094562648
segformer_mid,benign,anterior,inverse_area,794,490,304,0.7157256981740064,0.8552631578947368,0.5862259816597476,0.38287153652392947
segformer_mid,benign,posterior,inverse_area,423,302,121,0.7245361501833507,0.7768595041322314,0.5467203275842284,0.2860520094562648
segformer_mid,malignant,anterior,one_minus_mean_max_softmax,372,237,135,0.791779965619628,0.7777777777777778,0.6392832257378902,0.3629032258064516
segformer_mid,malignant,posterior,one_minus_mean_max_softmax,389,251,138,0.7702811940643224,0.7246376811594203,0.6392699064470088,0.35475578406169667
segformer_mid,malignant,anterior,mean_normalized_entropy,372,237,135,0.8045007032348804,0.7777777777777778,0.6422108853305006,0.3629032258064516
segformer_mid,malignant,posterior,mean_normalized_entropy,389,251,138,0.78359027657486,0.782608695652174,0.6316839309865145,0.35475578406169667
segformer_mid,malignant,anterior,lguq,372,237,135,0.7929363963119237,0.6518518518518519,0.6906259505644018,0.3629032258064516
segformer_mid,malignant,posterior,lguq,389,251,138,0.7659218199665108,0.7391304347826086,0.6235624438614515,0.35475578406169667
segformer_mid,malignant,anterior,metaseg,372,237,135,0.7886857321456477,0.8666666666666667,0.6140343507879068,0.3629032258064516
segformer_mid,malignant,posterior,metaseg,389,251,138,0.799959581962007,0.7391304347826086,0.653993418920284,0.35475578406169667
segformer_mid,malignant,anterior,standardized_max_logit,372,237,135,0.805032036255665,0.7851851851851852,0.6194760964077692,0.3629032258064516
segformer_mid,malignant,posterior,standardized_max_logit,389,251,138,0.7761129395461632,0.8913043478260869,0.5798256627639847,0.35475578406169667
segformer_mid,malignant,anterior,mahalanobis,372,237,135,0.46872948898265354,0.9333333333333333,0.3542325458098306,0.3629032258064516
segformer_mid,malignant,posterior,mahalanobis,389,251,138,0.5466828338818639,0.9855072463768116,0.3642875528992032,0.35475578406169667
segformer_mid,malignant,anterior,inverse_area,372,237,135,0.7339584310048445,0.7555555555555555,0.6196428512837787,0.3629032258064516
segformer_mid,malignant,posterior,inverse_area,389,251,138,0.736921877706565,0.7898550724637681,0.618505076195787,0.35475578406169667
