set,example,case,disagreement,view,region_id,area,true_positive,score_lguq,kept_lguq,score_mean_normalized_entropy,kept_mean_normalized_entropy,score_standardized_max_logit,kept_standardized_max_logit,score_metaseg,kept_metaseg
agree,1,bs80k_0109,0.0,anterior,1,13,False,79.5675277709961,True,0.06766803562641144,True,0.6042152353904624,True,0.6273082484530154,True
agree,1,bs80k_0109,0.0,anterior,2,20,False,101.4419174194336,True,0.07930926233530045,True,0.02755521296205658,True,0.5956181228263919,True
agree,1,bs80k_0109,0.0,anterior,3,27,True,147.86605834960938,True,0.14940841495990753,True,1.0573047808026816,False,0.44390681359297973,True
agree,1,bs80k_0109,0.0,anterior,4,53,True,87.52840423583984,True,0.07246381044387817,True,0.19859872241254026,True,0.303508582611824,True
agree,1,bs80k_0109,0.0,anterior,5,32,True,47.40235900878906,True,0.03958185017108917,True,-0.6437588910899683,True,0.32009267752319404,True
agree,1,bs80k_0109,0.0,posterior,1,38,True,157.6947784423828,True,0.10454969108104706,True,-0.3207634769193753,True,0.2345327680281637,True
agree,1,bs80k_0109,0.0,posterior,2,5,True,330.3106689453125,True,0.18634507060050964,True,0.8144617885439783,True,0.6077752512589185,True
agree,1,bs80k_0109,0.0,posterior,3,46,True,89.66082000732422,True,0.06812627613544464,True,-0.5831910920259284,True,0.13654963472386603,True
agree,2,bs80k_1259,0.0,anterior,1,34,False,111.61869049072266,True,0.08226682990789413,True,-0.17730298627134242,True,0.38775277086325627,True
agree,2,bs80k_1259,0.0,anterior,2,14,True,83.92120361328125,True,0.053302254527807236,True,0.11044181890139873,True,0.6069182481651892,True
agree,2,bs80k_1259,0.0,anterior,3,20,True,15.357155799865723,True,0.014125645160675049,True,-0.890648353893415,True,0.399357114774599,True
agree,2,bs80k_1259,0.0,anterior,4,32,True,20.795671463012695,True,0.02085510641336441,True,-0.5792248093767645,True,0.2753519580890553,True
agree,2,bs80k_1259,0.0,posterior,1,25,True,155.73370361328125,True,0.1034139096736908,True,-0.029109952961759653,True,0.27881266149738543,True
agree,2,bs80k_1259,0.0,posterior,2,13,False,116.3022689819336,True,0.08726788312196732,True,0.4374439817758637,True,0.4879203203145399,True
agree,2,bs80k_1259,0.0,posterior,3,43,True,59.63811111450195,True,0.04837905988097191,True,-0.69002658176253,True,0.29684208113747085,True
agree,3,bs80k_1401,0.0,anterior,1,15,False,128.56300354003906,True,0.08496088534593582,True,0.052666047485801025,True,0.6456975953907231,True
agree,3,bs80k_1401,0.0,anterior,2,2,True,969.14892578125,False,0.6539583206176758,False,2.2519004448552224,False,0.735112757617377,True
agree,3,bs80k_1401,0.0,posterior,1,14,True,214.34999084472656,True,0.14672033488750458,True,0.597719139689087,True,0.3196052354383525,True
agree,3,bs80k_1401,0.0,posterior,2,28,False,84.38880920410156,True,0.04568877071142197,True,-2.9483262527311065,True,0.27559359896095376,True
agree,3,bs80k_1401,0.0,posterior,3,31,False,88.12948608398438,True,0.057175163179636,True,-3.175994997209764,True,0.2641592085924845,True
agree,3,bs80k_1401,0.0,posterior,4,38,False,57.78036880493164,True,0.05403056740760803,True,-2.4688763329098617,True,0.20147219804512975,True
agree,3,bs80k_1401,0.0,posterior,5,23,False,87.6295394897461,True,0.06429370492696762,True,-1.4794437413544512,True,0.260321435580611,True
agree,4,bs80k_2694,0.0,anterior,1,8,True,395.0043029785156,False,0.2410239279270172,False,1.2723665548964465,False,0.744470727782017,False
agree,4,bs80k_2694,0.0,anterior,2,31,True,29.24488639831543,True,0.022294748574495316,True,-0.660728902196739,True,0.37430535090997474,True
agree,4,bs80k_2694,0.0,anterior,3,25,True,70.30262756347656,True,0.045079831033945084,True,-0.06252657631878829,True,0.44894235236868923,True
agree,4,bs80k_2694,0.0,posterior,1,12,False,192.03466796875,True,0.1527961939573288,True,0.7343042914596849,True,0.32456734466160775,True
agree,4,bs80k_2694,0.0,posterior,2,25,True,149.65516662597656,True,0.10022663325071335,True,-1.1101854489448304,True,0.25159959243223484,True
agree,4,bs80k_2694,0.0,posterior,3,21,True,189.50439453125,True,0.12024400383234024,True,-0.3697096689624751,True,0.29921232216311133,True
agree,4,bs80k_2694,0.0,posterior,4,25,True,87.60653686523438,True,0.06440657377243042,True,-1.1004418751832983,True,0.3309283433589391,True
agree,5,bs80k_0689,0.0,anterior,1,5,False,378.09576416015625,False,0.2296372652053833,False,1.366143171777737,False,0.9390931934260036,False
agree,5,bs80k_0689,0.0,anterior,2,14,False,82.38513946533203,True,0.06878457218408585,True,0.3116405866164078,True,0.6180112106070992,True
agree,5,bs80k_0689,0.0,anterior,3,5,False,609.5118408203125,False,0.323051393032074,False,1.4989276483641265,False,0.9294048010880389,False
agree,5,bs80k_0689,0.0,anterior,4,17,True,115.20014953613281,True,0.08555898070335388,True,0.21505748738471317,True,0.5473737933003113,True
agree,5,bs80k_0689,0.0,anterior,5,30,True,61.14759826660156,True,0.050940413028001785,True,-0.6789453512124832,True,0.34598292472041925,True
agree,5,bs80k_0689,0.0,posterior,1,18,False,193.07449340820312,True,0.11827445030212402,True,0.19637367933511204,True,0.31023034830188284,True
agree,6,bs80k_2110,0.0,anterior,1,21,True,33.88060760498047,True,0.03067230060696602,True,-0.5288353876913606,True,0.4033251726929963,True
agree,6,bs80k_2110,0.0,anterior,2,95,True,63.57860565185547,True,0.061655569821596146,True,-0.5984819307505425,True,0.2817206936723908,True
agree,6,bs80k_2110,0.0,anterior,3,10,False,235.9612274169922,True,0.17976489663124084,True,0.8347117671798013,True,0.7040014980108575,True
agree,6,bs80k_2110,0.0,anterior,4,19,True,86.77057647705078,True,0.08385377377271652,True,-0.058586455246974235,True,0.5844277324681884,True
agree,6,bs80k_2110,0.0,anterior,5,32,True,117.20487976074219,True,0.10244253277778625,True,-0.12759035971131943,True,0.3652576209377294,True
agree,6,bs80k_2110,0.0,anterior,6,18,False,74.8294448852539,True,0.07118654251098633,True,0.5154099087107631,True,0.5575507480767907,True
disagree,1,bs80k_1140,1.0,anterior,1,23,True,50.50965881347656,True,0.03425425663590431,True,-0.9905848531480588,True,0.40371538322748907,True
disagree,1,bs80k_1140,1.0,posterior,1,3,False,461.50823974609375,False,0.30143898725509644,True,1.1845987511096543,True,0.8719232838731215,False
disagree,2,bs80k_0917,0.5,anterior,1,48,True,39.801361083984375,True,0.02958589233458042,True,-1.8310305273077638,True,0.31544585078755744,True
disagree,2,bs80k_0917,0.5,anterior,2,7,False,248.51589965820312,True,0.1628657728433609,True,0.9879809343203755,True,0.8583783792117504,False
disagree,2,bs80k_0917,0.5,posterior,1,45,True,89.41069030761719,True,0.07080953568220139,True,-0.3581836232914892,True,0.1419035964064271,True
disagree,2,bs80k_0917,0.5,posterior,2,37,True,87.65267944335938,True,0.07485935091972351,True,-0.09836942695123438,True,0.13979177750224828,True
disagree,2,bs80k_0917,0.5,posterior,3,55,True,57.682682037353516,True,0.056048303842544556,True,-0.6058646052632375,True,0.17382530737479887,True
disagree,2,bs80k_0917,0.5,posterior,4,3,False,728.742431640625,False,0.44277527928352356,False,1.2514934487320797,True,0.7295160911603858,False
disagree,3,bs80k_0530,0.5,anterior,1,9,False,173.0525665283203,True,0.10043416917324066,True,0.2679213293433346,True,0.7669179054567115,False
disagree,3,bs80k_0530,0.5,anterior,2,17,False,13.90572452545166,True,0.01951514557003975,True,-0.21680115746328596,True,0.40595075133626374,True
disagree,3,bs80k_0530,0.5,posterior,1,6,False,690.0238037109375,False,0.3675812780857086,False,1.0218189888994815,True,0.5043839822490808,True
disagree,3,bs80k_0530,0.5,posterior,2,20,True,30.890594482421875,True,0.037584442645311356,True,-0.17495235534955247,True,0.18713255500782222,True
disagree,4,bs80k_1545,0.5,anterior,1,18,True,20.35224151611328,True,0.021907396614551544,True,-0.031100915482730005,True,0.4559510060623445,True
disagree,4,bs80k_1545,0.5,anterior,2,12,False,382.78900146484375,False,0.23511160910129547,False,1.040408040963046,True,0.676383664300315,True
disagree,4,bs80k_1545,0.5,posterior,1,25,False,187.46182250976562,True,0.10957492887973785,True,-0.7760135400008253,True,0.6094122651284425,True
disagree,5,bs80k_3019,0.3333,anterior,1,35,False,97.33257293701172,True,0.09306548535823822,True,0.41185391904199486,True,0.4536760689235257,True
disagree,5,bs80k_3019,0.3333,anterior,2,13,True,237.44805908203125,True,0.18897739052772522,True,0.9342792932677998,True,0.6098550642327699,True
disagree,5,bs80k_3019,0.3333,anterior,3,116,True,65.08438873291016,True,0.06616360694169998,True,0.0009255146526589836,True,0.28891944626915417,True
disagree,5,bs80k_3019,0.3333,anterior,4,38,False,62.024662017822266,True,0.06294816732406616,True,-0.06405728470777533,True,0.3369795472316731,True
disagree,5,bs80k_3019,0.3333,anterior,5,8,True,220.541015625,True,0.15881429612636566,True,0.7833419979765993,True,0.803437736501453,False
disagree,5,bs80k_3019,0.3333,posterior,1,14,True,309.9548645019531,True,0.19316039979457855,True,0.7147663460270968,True,0.3723869532583314,True
disagree,5,bs80k_3019,0.3333,posterior,2,24,True,119.71773529052734,True,0.1119363084435463,True,-0.04512091932887391,True,0.24538277711056838,True
disagree,5,bs80k_3019,0.3333,posterior,3,32,False,472.3106384277344,False,0.3241046369075775,False,1.226849377641369,True,0.41325059553686544,True
disagree,6,bs80k_2866,0.3333,anterior,1,10,False,135.17337036132812,True,0.07706870138645172,True,0.5187825906461162,True,0.7870516849688566,False
disagree,6,bs80k_2866,0.3333,anterior,2,19,True,243.7351531982422,True,0.15928924083709717,True,0.4815101030573787,True,0.6507371872836425,True
disagree,6,bs80k_2866,0.3333,anterior,3,22,False,53.23627853393555,True,0.029024088755249977,True,-0.7911793032866228,True,0.5074436561129251,True
disagree,6,bs80k_2866,0.3333,posterior,1,9,False,304.5784912109375,True,0.1683809906244278,True,0.4888044113084442,True,0.6874487077998813,False
